address,airdrop_received,cplay_bought,buy_transactions,vault_sent,played,flip_count,flip_10_count,flip_other_count,total_bets,total_payouts,wins,losses,miner_upgrade_count,click_upgrade_count,bought_miner,bought_click,onchain_miner_level,onchain_click_level,onchain_balance,first_activity_block,last_activity_block
0x6d8db35396B5eb98DeE495e32B8ccA992682316d,10,10,1,0,false,0,0,0,0,0,0,0,0,0,false,false,0,0,0,12992670,12992670
0x106022B035132E731FFB19651471E399b71B093D,10,10,1,0,false,0,0,0,0,0,0,0,0,0,false,false,0,0,0,12992677,12992677
0x513b6836FBf21311B085091206b6CBA7CEd91699,0,0,0,0,false,0,0,0,0,0,0,0,0,0,false,false,0,0,0,,
0x9f0106Ea54Ec275d7b6aCBF5DB0765550B559eaA,10,10,1,0,false,0,0,0,0,0,0,0,0,0,false,false,0,0,0,12992689,12992689
0xe97f42087ccF97e2212Bc6770153482d27d1f564,10,10,1,0,false,0,0,0,0,0,0,0,0,0,false,false,0,0,0,12992697,12992697
0x26388801730c8832aa945d84E989AcBD35f2090C,10,10,1,0,false,0,0,0,0,0,0,0,0,0,false,false,0,0,0,12992708,12992708
0x95c80074a6DF59B76e2227458A838b5957F56bf5,10,10,1,0,false,0,0,0,0,0,0,0,0,0,false,false,0,0,0,12993532,12993532
0x9Ca8356EB4E939F9A2D414a65A7063A88A9ebc39,10,10,1,0,false,0,0,0,0,0,0,0,0,0,false,false,0,0,0,12993545,12993545
0xEe68Eaa1F104aAf1009B717205c8259d911B3539,10,10,1,0,false,0,0,0,0,0,0,0,0,0,false,false,0,0,0,12993558,12993558
0xdF25f88AA6CDE9937fdCFCF10fA349528c79DBF9,10,10,1,0,false,0,0,0,0,0,0,0,0,0,false,false,0,0,0,12993571,12993571
0x43e2F7097Ab6Ee0A2Dc9C236Ce2BB05F008334eC,10,10,1,0,false,0,0,0,0,0,0,0,0,0,false,false,0,0,0,12993583,12993583
0x57b92fAA5e0fCe4CE68DcE04599C8123E74e38C5,10,10,1,0,false,0,0,0,0,0,0,0,0,0,false,false,0,0,0,12993596,12993596
0x737cE2F1d80b30Ae6EC72D86bd6Fc048fFf0d5e9,10,10,1,0,false,0,0,0,0,0,0,0,0,0,false,false,0,0,0,12993608,12993608
0xBe8670aFd0D0a7De8365E5409D61612A51512B48,10,10,1,0,false,0,0,0,0,0,0,0,0,0,false,false,0,0,0,12993621,12993621
0x3C7423C3F5392a8E9f28a6234732e45feE6D5C5A,10,10,1,0,false,0,0,0,0,0,0,0,0,0,false,false,0,0,0,12993634,12993634
0x9cAE951867AEd4413171554fBF7B6F7216B1D7fb,10,10,1,0,false,0,0,0,0,0,0,0,0,0,false,false,0,0,0,12993646,12993646
0xFeF5e10566B0829A9E266F2973a74678EBFe6d6d,10,10,1,0,false,0,0,0,0,0,0,0,0,0,false,false,0,0,0,12993659,12993659
0xc38F2021b6b6349b8f662B7f207D84Beb7bC8308,10,10,1,0,false,0,0,0,0,0,0,0,0,0,false,false,0,0,0,12993671,12993671
0xd312c83cEB3D33B330145448Dc9fC223535D9130,10,10,1,0,false,0,0,0,0,0,0,0,0,0,false,false,0,0,0,12993684,12993684
0x3bACCcc1886ca359CaC8cac6ca912437340266Ff,10,10,1,0,false,0,0,0,0,0,0,0,0,0,false,false,0,0,0,12993697,12993697
0x897D9D0CEd4ACD50B336F77E48d40d73F4BEC684,10,10,1,0,false,0,0,0,0,0,0,0,0,0,false,false,0,0,0,12993709,12993709
0xd606360116dd9e9114D848E21afcF72e890aE4De,10,10,1,0,false,0,0,0,0,0,0,0,0,0,false,false,0,0,0,12993722,12993722
0x785354Ea5E52173EBaAD7F3852D47431b45f2FfF,10,10,1,0,false,0,0,0,0,0,0,0,0,0,false,false,0,0,0,12993735,12993735
0xe390700067dE0468A02c6Fd5417Fb9ec85B4ea06,10,10,1,0,false,0,0,0,0,0,0,0,0,0,false,false,0,0,0,12993748,12993748
0x9c8FF2Cb10EB8306c98765ae3f9B2E8a4C6233EE,10,10,1,0,false,0,0,0,0,0,0,0,0,0,false,false,0,0,0,12993761,12993761
0xa0597E674df7566f4df4131494b3Da7680C5987f,10,10,1,0,false,0,0,0,0,0,0,0,0,0,false,false,0,0,0,12993774,12993774
0x8Afb752806EAc8A52Ed80d87094362aC5a04A8B1,10,10,1,0,false,0,0,0,0,0,0,0,0,0,false,false,0,0,0,12993787,12993787
0x624070127Abe87205d1774c3E45c51CBa974E895,10,10,1,0,false,0,0,0,0,0,0,0,0,0,false,false,0,0,0,12993800,12993800
0xA6B812FAb6cfF0Ca41Ad65FaA884c4e5D962F76C,10,10,1,0,false,0,0,0,0,0,0,0,0,0,false,false,0,0,0,12993813,12993813
0xCc1e9644e323eaf68B55E905CaB5C5a963664c2A,10,10,1,0,false,0,0,0,0,0,0,0,0,0,false,false,0,0,0,12993823,12993823
0x41e16a854FA335fB9806a6F63B5AA229f8a93288,10,10,1,0,false,0,0,0,0,0,0,0,0,0,false,false,0,0,0,12993836,12993836
0x533179FFFE8a0F4F2007c05f7BadDAc930B9c973,10,10,1,0,false,0,0,0,0,0,0,0,0,0,false,false,0,0,0,12993849,12993849
0x681B35c1b97f0aa37a3a9547750b6a14E0e4421A,10,10,1,0,false,0,0,0,0,0,0,0,0,0,false,false,0,0,0,12993862,12993862
0x11375bb760898c662608eCE6368778cF75AFeEa1,"2,000,010","2,000,010",2,0,false,0,0,0,0,0,0,0,0,0,false,false,0,0,0,12869364,12993874
0xaAAAAaaB8B449b8bE4DED7F61c15fDDe8697570c,10,10,1,0,false,0,0,0,0,0,0,0,0,0,false,false,0,0,0,12993887,12993887
0x28eEd5FCaF8eD73F635e2Ce7b75d9EF6FEf14dD7,10,10,1,0,false,0,0,0,0,0,0,0,0,0,false,false,0,0,0,12993899,12993899
0x6F1313f206dB52139EB6892Bfd88aC9Ae36Dc54E,10,10,1,0,false,0,0,0,0,0,0,0,0,0,false,false,0,0,0,12993912,12993912
0xF1488eF1f342c9aefB80266E9267404675ffC35f,10,10,1,0,false,0,0,0,0,0,0,0,0,0,false,false,0,0,0,12993925,12993925
0xD85471B892B27c66A5Fc4CED4EF272DaBcbA62cD,10,10,1,0,false,0,0,0,0,0,0,0,0,0,false,false,0,0,0,12993937,12993937
0x98a83A81Ece82D8Fc1473D19016337e299a8062c,10,10,1,0,false,0,0,0,0,0,0,0,0,0,false,false,0,0,0,12993950,12993950
0xAbF22584bd319df7c034a7148760019AAfbe34D3,10,10,1,0,false,0,0,0,0,0,0,0,0,0,false,false,0,0,0,12993963,12993963
0xefDc7784E1e8D070399BDe563521e5953d8de2Fe,10,10,1,0,false,0,0,0,0,0,0,0,0,0,false,false,0,0,0,12993975,12993975
0x7CeE73B862383cFFB39906b35F0B49F6B0e84588,10,10,1,0,false,0,0,0,0,0,0,0,0,0,false,false,0,0,0,12993988,12993988
0x1D5077d794FB2C3F7Ed606D159610c43D5D5A741,10,10,1,0,false,0,0,0,0,0,0,0,0,0,false,false,0,0,0,12994001,12994001
0xf7ecC5c41f61422a4083266e7Da3ab4AC0E39962,10,10,1,0,false,0,0,0,0,0,0,0,0,0,false,false,0,0,0,12994014,12994014
0x2634DD1E2C4D7031fbf675D94E70b97bd0356f8E,10,10,1,0,false,0,0,0,0,0,0,0,0,0,false,false,0,0,0,12994026,12994026
0x6E3748762D9354d410d5c78d01B5481563204A09,10,10,1,0,false,0,0,0,0,0,0,0,0,0,false,false,0,0,0,12994039,12994039
0xb4c0cE584eF0456CB29167d3c9AA80e81f2034fF,10,10,1,0,false,0,0,0,0,0,0,0,0,0,false,false,0,0,0,12994052,12994052
0x7A27b0e5d47ec43f14e38254D3780D6DdD44A07E,10,10,1,0,false,0,0,0,0,0,0,0,0,0,false,false,0,0,0,12994064,12994064
0xa746b6be99f031e018AF4592c5D677c5c9Ef498F,"2,000,010","2,000,010",2,0,false,0,0,0,0,0,0,0,0,0,false,false,0,0,0,12869364,12994077
0x8732F43d4E2C31A0Dd8B97A8Cf10dFaeE1B4FE9F,10,10,1,0,false,0,0,0,0,0,0,0,0,0,false,false,0,0,0,12994090,12994090
0x92A8d5ce2EcC201Be0D707f4922Ab6484Bb50d61,10,10,1,0,false,0,0,0,0,0,0,0,0,0,false,false,0,0,0,12994103,12994103
0x8c89687Dbc2e36A1D3852D9e858431abA5421C57,10,10,1,0,false,0,0,0,0,0,0,0,0,0,false,false,0,0,0,12994115,12994115
0x681e9B6084953F668310B1719F6262b349C24f93,10,10,1,0,false,0,0,0,0,0,0,0,0,0,false,false,0,0,0,12994128,12994128
0x15096549584eF6544FbAe970191163527D779C24,10,10,1,0,false,0,0,0,0,0,0,0,0,0,false,false,0,0,0,12994141,12994141
0xd32c5FDF1715a57A7e5b5f7791cE13e743D31b64,"2,000,010","2,000,010",2,0,false,0,0,0,0,0,0,0,0,0,false,false,0,0,0,12869361,12994153
0xc013907A1968f497126de6726561b1912cB2d6A3,10,10,1,0,false,0,0,0,0,0,0,0,0,0,false,false,0,0,0,12994166,12994166
0xa039BF8B8C93f6fd4EeEFd60aE98e885Fc7D46F2,10,10,1,0,false,0,0,0,0,0,0,0,0,0,false,false,0,0,0,12994179,12994179
0xCF413ac7B37D60D411684dd61e546021f2F67778,10,10,1,0,false,0,0,0,0,0,0,0,0,0,false,false,0,0,0,12994191,12994191
0x973C45DC18A29c65bAEe5ACf995e4Db2acD99387,10,10,1,0,false,0,0,0,0,0,0,0,0,0,false,false,0,0,0,12994204,12994204
0xD6191190aEa8433E479D0D6b86D9237e3254F01B,10,10,1,0,false,0,0,0,0,0,0,0,0,0,false,false,0,0,0,12994216,12994216
0x8b4aE8bc3cFaacbc01060D5D0091bA7382178fb6,10,10,1,0,false,0,0,0,0,0,0,0,0,0,false,false,0,0,0,12994229,12994229
0xCB60fd5b2511eC88ebd3Fd131b566C59054baB2b,10,10,1,0,false,0,0,0,0,0,0,0,0,0,false,false,0,0,0,12994242,12994242
0xeA9525425a4dbd8cebe12407F4F03BAf5fa17DC3,10,10,1,0,false,0,0,0,0,0,0,0,0,0,false,false,0,0,0,12994255,12994255
0x48354E18E10880306ca4C3cb76Fc4027838e448a,10,10,1,0,false,0,0,0,0,0,0,0,0,0,false,false,0,0,0,12994268,12994268
0x9d2657cCAAf20A9e33d11d8B2f6FE20f8dF70E09,10,10,1,0,false,0,0,0,0,0,0,0,0,0,false,false,0,0,0,12994281,12994281
0xdfbaAe9b5acDC368F692FC9B8c7f2298Dd26FF6F,10,10,1,0,false,0,0,0,0,0,0,0,0,0,false,false,0,0,0,12994294,12994294
0xcF07C3A85A981C8ee5DDCAC65273BC574C32728B,10,10,1,0,false,0,0,0,0,0,0,0,0,0,false,false,0,0,0,12994307,12994307
0x334E9B6a2003e1bac1Db7CFB4c187cAD3607722c,10,10,1,0,false,0,0,0,0,0,0,0,0,0,false,false,0,0,0,12994320,12994320
0x6e1526d700f70354419eB8153A5b51E0Cc916BA1,10,10,1,0,false,0,0,0,0,0,0,0,0,0,false,false,0,0,0,12994333,12994333
0xbE4EbA417999C7269c6D631eaEf82Ad3f2bCdd9e,10,10,1,0,false,0,0,0,0,0,0,0,0,0,false,false,0,0,0,12994343,12994343
0x12B25C74896114C8e9cB91F3A6133567E339DcB3,10,10,1,0,false,0,0,0,0,0,0,0,0,0,false,false,0,0,0,12994356,12994356
0xe8fBbc6d08bCbE85A723a7A99d3EEa6fe36B5eB6,10,10,1,0,false,0,0,0,0,0,0,0,0,0,false,false,0,0,0,12994369,12994369
0x51F49d8Dea70290Aa02B96aA1767841bB0A42944,10,10,1,0,false,0,0,0,0,0,0,0,0,0,false,false,0,0,0,12994381,12994381
0xa85Ab9769f9c40aEb8dC8441Fdd1b25dEA21ba1b,10,10,1,0,false,0,0,0,0,0,0,0,0,0,false,false,0,0,0,12994394,12994394
0xDEC7A494A80FA421ede390Bdb824E38CC956a285,10,10,1,0,false,0,0,0,0,0,0,0,0,0,false,false,0,0,0,12994407,12994407
0xa748f61927F9fE104eC894FFb35ec1b2a6071675,10,10,1,0,false,0,0,0,0,0,0,0,0,0,false,false,0,0,0,12994419,12994419
0x0d8673B0973D7e658D845c3393270eF9f133A1F4,10,10,1,0,false,0,0,0,0,0,0,0,0,0,false,false,0,0,0,12994432,12994432
0x1a1AAF0981EC3256fE81618147B139878ddF292C,10,10,1,0,false,0,0,0,0,0,0,0,0,0,false,false,0,0,0,12994445,12994445
0x343b8d07b85bDC67E67F2D5b1E4002a2447Da215,10,10,1,0,false,0,0,0,0,0,0,0,0,0,false,false,0,0,0,12994457,12994457
0xF613bdeE12ebF8b204D21C4ab57793F0AD47C607,10,10,1,0,false,0,0,0,0,0,0,0,0,0,false,false,0,0,0,12994470,12994470
0xd44b3cd0181c605208C0Bbb27c347E491f2b790f,10,10,1,0,false,0,0,0,0,0,0,0,0,0,false,false,0,0,0,12994483,12994483
0x8e045120052C2BfDE810D400BeAe8757f68AF06d,10,10,1,0,false,0,0,0,0,0,0,0,0,0,false,false,0,0,0,12994495,12994495
0x1d246766Cd9f9ccbd398D00e5F0eaa9380B7f334,"2,430,010","2,430,010",2,0,false,0,0,0,0,0,0,0,0,0,false,false,0,0,0,12869364,12994508
0x747c25398e29a2063bd9D7873f66AEEb5C9f56AD,10,10,1,0,false,0,0,0,0,0,0,0,0,0,false,false,0,0,0,12994521,12994521
0x6512306283cE0236B703D39a8E697Acb20fFF828,10,10,1,0,false,0,0,0,0,0,0,0,0,0,false,false,0,0,0,12994533,12994533
0xc4070303921E905db8F481Be1ad606bB0dC18FB9,10,10,1,0,false,0,0,0,0,0,0,0,0,0,false,false,0,0,0,12994546,12994546
0x4cD6F86F28F6C9cFf1fdf4db69431909Dcfcd6F2,20,10,1,0,false,0,0,0,0,0,0,0,0,0,false,false,0,0,0,12994559,13603211
0x111d9B686FbA2C7c89dfF8E8297FF2f3CEEb6a3d,10,10,1,0,false,0,0,0,0,0,0,0,0,0,false,false,0,0,0,12994571,12994571
0x3c77Bb539266891e3A2546d468fD8101aED12FEb,10,10,1,0,false,0,0,0,0,0,0,0,0,0,false,false,0,0,0,12994584,12994584
0x240E2cB5EABb13B89D39acAE9A5A54b3fe523298,10,10,1,0,false,0,0,0,0,0,0,0,0,0,false,false,0,0,0,12994597,12994597
0xeC3024dA1788CE58d39B6B7a2B10D78a7e8e3cC6,10,10,1,0,false,0,0,0,0,0,0,0,0,0,false,false,0,0,0,12994609,12994609
0x2Cd8aD124147f4c622Be5bFdf18e65b08b14E8C0,10,10,1,0,false,0,0,0,0,0,0,0,0,0,false,false,0,0,0,12994622,12994622
0xEf74fe82C98b968C0B126bcacA842D12085F6ED8,10,10,1,0,false,0,0,0,0,0,0,0,0,0,false,false,0,0,0,12994634,12994634
0x5B865a8fE9C30BbcE9EfCDC98b932f5c0aa1E1ae,10,10,1,0,false,0,0,0,0,0,0,0,0,0,false,false,0,0,0,12994647,12994647
0x889eaCb305d080F6853378dC8FD96227b2a1bF7C,10,10,1,0,false,0,0,0,0,0,0,0,0,0,false,false,0,0,0,12994660,12994660
0x3B917504Ebe6cbDaEB0C3A1c82b75D41Ab5c43db,10,10,1,0,false,0,0,0,0,0,0,0,0,0,false,false,0,0,0,12994673,12994673
0xEd5152D60DAf9C9cD9bB5DBB5600237221617603,10,10,1,0,false,0,0,0,0,0,0,0,0,0,false,false,0,0,0,12994686,12994686
0x92957790cDa9fc741Dfd0a839a896c695885147c,10,10,1,0,false,0,0,0,0,0,0,0,0,0,false,false,0,0,0,12994698,12994698
0xaEDBb9556772DE717f4008aC5008120e9dfEc3F8,10,10,1,0,false,0,0,0,0,0,0,0,0,0,false,false,0,0,0,12994711,12994711
0x091E3a29506f611B1ec9418fc2a6B3F0977210Bc,10,10,1,0,false,0,0,0,0,0,0,0,0,0,false,false,0,0,0,12994723,12994723
0xb7F0D7c86151cC72f748747bbCB33E5127B3C2C0,10,10,1,0,false,0,0,0,0,0,0,0,0,0,false,false,0,0,0,12994736,12994736
0x27d98F18603aA5C1100B18841fF301De1a81f33E,"17,970,010","17,970,010",2,0,false,0,0,0,0,0,0,0,0,0,false,false,0,0,0,12869364,12994749
0x0585a5a496632859Dfe5269aDB51B80f5D9E33ff,10,10,1,0,false,0,0,0,0,0,0,0,0,0,false,false,0,0,0,12994762,12994762
0xcB2f1472d3F738903acA4ACBd9A8c26baeAeD79D,10,10,1,0,false,0,0,0,0,0,0,0,0,0,false,false,0,0,0,12994775,12994775
0xB9AF2f53F3EfDd1cd93761659Dfb264a6F601287,10,10,1,0,false,0,0,0,0,0,0,0,0,0,false,false,0,0,0,12994788,12994788
0xeF6269de7d3e98d3Fe86c6e726A169294B561bba,10,10,1,0,false,0,0,0,0,0,0,0,0,0,false,false,0,0,0,12994801,12994801
0xCF2DeD96E74EBcFC97683Ed4e1606644d3b365AA,10,10,1,0,false,0,0,0,0,0,0,0,0,0,false,false,0,0,0,12994814,12994814
0xfEabd50DB0eA048143AB8c638A6246D217968254,10,10,1,0,false,0,0,0,0,0,0,0,0,0,false,false,0,0,0,12994824,12994824
0xC4D9F964893532b75c63f2EaaEc05c5E37959B62,10,10,1,0,false,0,0,0,0,0,0,0,0,0,false,false,0,0,0,12994837,12994837
0xf68eb71366739d4D36E633Fa4C832fDC5Fda6098,10,10,1,0,false,0,0,0,0,0,0,0,0,0,false,false,0,0,0,12994849,12994849
0x18e8627707406A20b05DE0935D75764cd5055dE0,"5,410,010","5,410,010",2,0,false,0,0,0,0,0,0,0,0,0,false,false,0,0,0,12869364,12994862
0xC9113ff4317500fFBcCA683a008d24a30E45a295,10,10,1,0,false,0,0,0,0,0,0,0,0,0,false,false,0,0,0,12994875,12994875
0x784Cf02d4095fd7ed32c86aF6A7fc177D61c1e27,10,10,1,0,false,0,0,0,0,0,0,0,0,0,false,false,0,0,0,12994887,12994887
0x77777351928cE19beE8fF5b4b1406BC4c152827A,10,10,1,0,false,0,0,0,0,0,0,0,0,0,false,false,0,0,0,12994900,12994900
0x6D1FaAaAF942e259191B408f96E2cF71756d332F,10,10,1,0,false,0,0,0,0,0,0,0,0,0,false,false,0,0,0,12994912,12994912
0x444F04d7E3ce0E15f876C23f5d782CF113bd8A33,10,10,1,0,false,0,0,0,0,0,0,0,0,0,false,false,0,0,0,12994925,12994925
0xDbba359561bB9faD6CD8593C2b1f49b17884aEF6,10,10,1,0,false,0,0,0,0,0,0,0,0,0,false,false,0,0,0,12994938,12994938
0x5E5e8a91a068b7e5a4fc580656ed75A315E06849,10,10,1,0,false,0,0,0,0,0,0,0,0,0,false,false,0,0,0,12994950,12994950
0x6E6719a9dFb5c92C39663a077E1ab53bae19d926,10,10,1,0,false,0,0,0,0,0,0,0,0,0,false,false,0,0,0,12994963,12994963
0x559461E70B5Aa3e2Ce8FB7aa6f3E23Ac83eeb69C,10,10,1,0,false,0,0,0,0,0,0,0,0,0,false,false,0,0,0,12994976,12994976
0x335a84956485E469d2531B64F4866d5e05a3E8Ee,10,10,1,0,false,0,0,0,0,0,0,0,0,0,false,false,0,0,0,12994988,12994988
0x37CF7Bed2a18b5894Ee12D9B03625F5bcd6560b7,10,10,1,0,false,0,0,0,0,0,0,0,0,0,false,false,0,0,0,12995001,12995001
0xB7c27B79BC5F4f9331482AF5994b5ad757c14318,10,10,1,0,false,0,0,0,0,0,0,0,0,0,false,false,0,0,0,12995013,12995013
0x150952108F28DCAF4e4542090E67CD2696563944,10,10,1,0,false,0,0,0,0,0,0,0,0,0,false,false,0,0,0,12995026,12995026
0xa3a482054ae9eaf4a22473bCdc93813Bb2913316,10,10,1,0,false,0,0,0,0,0,0,0,0,0,false,false,0,0,0,12995039,12995039
0xaC1c61373766aAcb6472e2BE7d03828FBfaBE06a,10,10,1,0,false,0,0,0,0,0,0,0,0,0,false,false,0,0,0,12995051,12995051
0xC48835CB4fD812d2ddbD1EE7faC70861a0beB013,10,10,1,0,false,0,0,0,0,0,0,0,0,0,false,false,0,0,0,12995064,12995064
0x02597f26E455a9c91551de14386CeB9471f84d4a,10,10,1,0,false,0,0,0,0,0,0,0,0,0,false,false,0,0,0,12995077,12995077
0x76bED0EC68cFAa75d66cF924B1543F7865A20808,10,10,1,0,false,0,0,0,0,0,0,0,0,0,false,false,0,0,0,12995089,12995089
0xB9d16Fa5daE1947Ca12f991A6734cBb01b520A8F,10,10,1,0,false,0,0,0,0,0,0,0,0,0,false,false,0,0,0,12995102,12995102
0xF90797114D0EdEEEE3DccB612d988835f8f316A5,10,10,1,0,false,0,0,0,0,0,0,0,0,0,false,false,0,0,0,12995115,12995115
0xA5BCa4C0a6C45C6Bb5B0d48316D7ceCB05573695,10,10,1,0,false,0,0,0,0,0,0,0,0,0,false,false,0,0,0,12995127,12995127
0x6A0c9049814dad09C7F36c20a5a4A94492B6A63D,10,10,1,0,false,0,0,0,0,0,0,0,0,0,false,false,0,0,0,12995140,12995140
0x1cdDd79c5937C10Be0Fffb436Fd9552b1b609F4D,10,10,1,0,false,0,0,0,0,0,0,0,0,0,false,false,0,0,0,12995152,12995152
0x6fFC9b4C1409CAE5eA8970F415B14B3E1A2d523A,10,10,1,0,false,0,0,0,0,0,0,0,0,0,false,false,0,0,0,12995165,12995165
0xdfdd5e3Deae2DcC5D538be65BC6798858e7de523,10,10,1,0,false,0,0,0,0,0,0,0,0,0,false,false,0,0,0,12995178,12995178
0xe1497EF9F0Ae717bc57507b43488BAe1FDCcEEF7,10,10,1,0,false,0,0,0,0,0,0,0,0,0,false,false,0,0,0,12995191,12995191
0x944ff9584ffa0D8755eD5e2D345b1EcFBeA5E86A,10,10,1,0,false,0,0,0,0,0,0,0,0,0,false,false,0,0,0,12995204,12995204
0x7634304d4c57308E27e3A88320cd860DD9999999,10,10,1,0,false,0,0,0,0,0,0,0,0,0,false,false,0,0,0,12995217,12995217
0x044e18DD17adFa2a0760Cc4d0a5ABa691629eEcd,10,10,1,0,false,0,0,0,0,0,0,0,0,0,false,false,0,0,0,12995230,12995230
0x98Ad61160f8137C60acbf07Cd4D5a6ca8458C58e,10,10,1,0,false,0,0,0,0,0,0,0,0,0,false,false,0,0,0,12995243,12995243
0x256665D7352A0F5ea2C8F2d8832e86677De84Bae,10,10,1,0,false,0,0,0,0,0,0,0,0,0,false,false,0,0,0,12995256,12995256
0x7F4aa94dc35021228252800183c9a60760f4a42f,10,10,1,0,false,0,0,0,0,0,0,0,0,0,false,false,0,0,0,12995269,12995269
0xC624Ea8DFF93571dCCea48d61EAd6C6988d5292f,10,10,1,0,false,0,0,0,0,0,0,0,0,0,false,false,0,0,0,12995279,12995279
0xdB34c77fD0811a1A4F8aeb0e2510Fc42e856904F,10,10,1,0,false,0,0,0,0,0,0,0,0,0,false,false,0,0,0,12995292,12995292
0xD691f42C8301fc56B056b96527143eeEc3F9c79E,10,10,1,0,false,0,0,0,0,0,0,0,0,0,false,false,0,0,0,12995304,12995304
0x20a5B4b673de7a8d6dE286d324486733F0BA94b5,10,10,1,0,false,0,0,0,0,0,0,0,0,0,false,false,0,0,0,12995317,12995317
0xdd8fc2Af25a520670BC9b0307dDF19c37618707f,10,10,1,0,false,0,0,0,0,0,0,0,0,0,false,false,0,0,0,12995330,12995330
0x13837bcafD1f91ab9219AD3BDFB74f1ae4d77a5A,10,10,1,0,false,0,0,0,0,0,0,0,0,0,false,false,0,0,0,12995342,12995342
0xD2e2A1b90B9e96fe41ECae2E5d01760600a2Dbd2,10,10,1,0,false,0,0,0,0,0,0,0,0,0,false,false,0,0,0,12995355,12995355
0x31Cfe70a31bCc3C1fF3f9e11d673568A8A15D2CF,10,10,1,0,false,0,0,0,0,0,0,0,0,0,false,false,0,0,0,12995368,12995368
0xFA12665044592d3eE748acD9ecF64F22998826C7,10,10,1,0,false,0,0,0,0,0,0,0,0,0,false,false,0,0,0,12995380,12995380
0x9f17073283309b06F05DD635119F0E755189ddf4,10,10,1,0,false,0,0,0,0,0,0,0,0,0,false,false,0,0,0,12995393,12995393
0xbB138a18915e81621107F87e0bbF0CbBa8b30256,10,10,1,0,false,0,0,0,0,0,0,0,0,0,false,false,0,0,0,12995406,12995406
0x70982F92995268019036DC0620765De919356827,10,10,1,0,false,0,0,0,0,0,0,0,0,0,false,false,0,0,0,12995418,12995418
0x66908cC2f112eb1f837F2ac14cdb68FFe5Af2a41,10,10,1,0,false,0,0,0,0,0,0,0,0,0,false,false,0,0,0,12995431,12995431
0x389FBBdB3C9acAD11F5164Dd088095Ed9A07Ddc1,10,10,1,0,false,0,0,0,0,0,0,0,0,0,false,false,0,0,0,12995443,12995443
0x8aA3cC9560D07Eb7C08747738c79Ea36b7BC7748,"19,950,010","19,950,010",2,0,false,0,0,0,0,0,0,0,0,0,false,false,0,0,0,12869364,12995456
0x7d613c6316eDe9d257f3BF512777Cb4Ea4A6beE4,10,10,1,0,false,0,0,0,0,0,0,0,0,0,false,false,0,0,0,12995469,12995469
0x53A594138e5692De23da68E3b393b5F67e0c5686,10,10,1,0,false,0,0,0,0,0,0,0,0,0,false,false,0,0,0,12995481,12995481
0x60E63b6916C96df46503F9342AEe9cD01939f3Cd,10,10,1,0,false,0,0,0,0,0,0,0,0,0,false,false,0,0,0,12995494,12995494
0xa7ab54Db27b220E398Bb190ce0a3b501D79d227e,10,10,1,0,false,0,0,0,0,0,0,0,0,0,false,false,0,0,0,12995507,12995507
0xd1fc46bda1c20Cb2d6A0050b312291E2eF379759,10,10,1,0,false,0,0,0,0,0,0,0,0,0,false,false,0,0,0,12995520,12995520
0x3b163A3D2C5826a5d348876D5Cc9416A834ed55f,10,10,1,0,false,0,0,0,0,0,0,0,0,0,false,false,0,0,0,12995533,12995533
0xD2932fB3C33A328f733A7bA3114eBaCeD349a585,10,10,1,0,false,0,0,0,0,0,0,0,0,0,false,false,0,0,0,12995545,12995545
0x669E8500196C1FC032C9BC9A6378541CF5F48Eea,10,10,1,0,false,0,0,0,0,0,0,0,0,0,false,false,0,0,0,12995558,12995558
0x4E260A67D69d80E3bc1836109DDC1cf14FEa57B7,10,10,1,0,false,0,0,0,0,0,0,0,0,0,false,false,0,0,0,12995571,12995571
0x61ceBc0548CCCDBe67d674675496241C5E98D8DB,10,10,1,0,false,0,0,0,0,0,0,0,0,0,false,false,0,0,0,12995583,12995583
0xd8fb13F0d94B57576525D4f157C4DC9B247e52c9,10,10,1,0,false,0,0,0,0,0,0,0,0,0,false,false,0,0,0,12995596,12995596
0x343a877bDFFEd912a426f4b53d0b4ac3A3996429,10,10,1,0,false,0,0,0,0,0,0,0,0,0,false,false,0,0,0,12995609,12995609
0xdC99D8BE9ae44936449464734ce5501136d07105,10,10,1,0,false,0,0,0,0,0,0,0,0,0,false,false,0,0,0,12995621,12995621
0x4f59Ee0F1f5104418428ab68dbA2F8aF4eB488c7,10,10,1,0,false,0,0,0,0,0,0,0,0,0,false,false,0,0,0,12995634,12995634
0xA34edAd0a78D1C4Be127681864069012Dedb48c0,10,10,1,0,false,0,0,0,0,0,0,0,0,0,false,false,0,0,0,12995647,12995647
0x91B3Be8AC9eB7FE52bDd2e24AC7698917E0F4b22,10,10,1,0,false,0,0,0,0,0,0,0,0,0,false,false,0,0,0,12995659,12995659
0x5612C3542Ac97F2d31b17de137d33Ef39eE62f14,10,10,1,0,false,0,0,0,0,0,0,0,0,0,false,false,0,0,0,12995672,12995672
0xE5BF40A0F947A3092c602a83C64B39206B855499,10,10,1,0,false,0,0,0,0,0,0,0,0,0,false,false,0,0,0,12995685,12995685
0xF6241353CBB2cb9C30320f8B87985f1969E7c586,10,10,1,0,false,0,0,0,0,0,0,0,0,0,false,false,0,0,0,12995698,12995698
0x6f1296B5e0E4a7bD6022Ccb54e3983bEA80cA665,10,10,1,0,false,0,0,0,0,0,0,0,0,0,false,false,0,0,0,12995711,12995711
0xe0055E38D90048670A2811BE1DeD95Cb47e49514,10,10,1,0,false,0,0,0,0,0,0,0,0,0,false,false,0,0,0,12995724,12995724
0xB90205E007b138972955F718D49C8c5A464F234C,10,10,1,0,false,0,0,0,0,0,0,0,0,0,false,false,0,0,0,12995737,12995737
0x0AaDF3cb0Ba7224862323ED9Bb1C5C01814Cc44A,10,10,1,0,false,0,0,0,0,0,0,0,0,0,false,false,0,0,0,12995750,12995750
0x7A1eeD8Cf88A96D1572E6B41356754c5b6fAe8cF,10,10,1,0,false,0,0,0,0,0,0,0,0,0,false,false,0,0,0,12995760,12995760
0xcEC19aBbD972d153D32f20eA3660feA2aD144FDc,10,10,1,0,false,0,0,0,0,0,0,0,0,0,false,false,0,0,0,12995773,12995773
0x1f42A7Ca890CAE36876166b11302433D5E0D1325,10,10,1,0,false,0,0,0,0,0,0,0,0,0,false,false,0,0,0,12995785,12995785
0x37B28d9e18d0f67E84C6c52f1978fe568ba519Ff,10,10,1,0,false,0,0,0,0,0,0,0,0,0,false,false,0,0,0,12995798,12995798
0xe5C71C71694Ff27d5F3b8a1B1E24A6dFFA0E6B3A,10,10,1,0,false,0,0,0,0,0,0,0,0,0,false,false,0,0,0,12995811,12995811
0x5EeFE91a645eefE2b45491ee69ea0396cc357D4D,10,10,1,0,false,0,0,0,0,0,0,0,0,0,false,false,0,0,0,12995823,12995823
0x28bf4d72f10f7a4236FA8b378cC027Ecb1D8Dee0,10,10,1,0,false,0,0,0,0,0,0,0,0,0,false,false,0,0,0,12995836,12995836
0xB4AC4609e6098b1e27e8aAB353117ca530b8703f,10,10,1,0,false,0,0,0,0,0,0,0,0,0,false,false,0,0,0,12995849,12995849
0xeE530d73414C95141C656a5D21539025B25E47Af,10,10,1,0,false,0,0,0,0,0,0,0,0,0,false,false,0,0,0,12995862,12995862
0x217ACda0590147A9E1015Aab869d3962fc21515c,10,10,1,0,false,0,0,0,0,0,0,0,0,0,false,false,0,0,0,12995874,12995874
0x859662a281839206b1FA46dc695c7FD55c38f33F,10,10,1,0,false,0,0,0,0,0,0,0,0,0,false,false,0,0,0,12995887,12995887
0xCCd680fab817e72bfd6fb9F5902f28390cB24fF5,10,10,1,0,false,0,0,0,0,0,0,0,0,0,false,false,0,0,0,12995900,12995900
0x4FF25aE1b4bf1ceE786D5458B43f116D3203D374,10,10,1,0,false,0,0,0,0,0,0,0,0,0,false,false,0,0,0,12995912,12995912
0x7555bCC4299da5458FeC6F20E21CD54777edf284,10,10,1,0,false,0,0,0,0,0,0,0,0,0,false,false,0,0,0,12995925,12995925
0xc4FF6Ad7DC86e5178091603e2606E41ec10187aC,10,10,1,0,false,0,0,0,0,0,0,0,0,0,false,false,0,0,0,12995938,12995938
0xF4A05aeD2C85Daba1Bc7D2A132890c49e8C572f9,10,10,1,0,false,0,0,0,0,0,0,0,0,0,false,false,0,0,0,12995950,12995950
0x255663541eabDf5A986aECa741bB4dd041417E1C,10,10,1,0,false,0,0,0,0,0,0,0,0,0,false,false,0,0,0,12995963,12995963
0x58860d6Bd8F4011AFE7C9590b02A91f894ecFAF8,10,10,1,0,false,0,0,0,0,0,0,0,0,0,false,false,0,0,0,12995976,12995976
0x8e305ED986a8594C83AE73bFdF8676730613d1eE,10,10,1,0,false,0,0,0,0,0,0,0,0,0,false,false,0,0,0,12995988,12995988
0x0D901d649fB0812429E3817262C0500b21e3D17d,10,10,1,0,false,0,0,0,0,0,0,0,0,0,false,false,0,0,0,12996001,12996001
0xaaA74dc64005D87f3De82Ed19eDF8C35e810750C,10,10,1,0,false,0,0,0,0,0,0,0,0,0,false,false,0,0,0,12996014,12996014
0x394B80b7D65Cc5Cd2767cdE75C82EC6a9Cfa14d8,10,10,1,0,false,0,0,0,0,0,0,0,0,0,false,false,0,0,0,12996026,12996026
0xFCA27DB924d08F8e24037caD443159a4327f37b2,10,10,1,0,false,0,0,0,0,0,0,0,0,0,false,false,0,0,0,12996039,12996039
0x3fb2E905c882b22FA0c858D835763BA2Fc248704,10,10,1,0,false,0,0,0,0,0,0,0,0,0,false,false,0,0,0,12996051,12996051
0x145f296172F3B3d172b52859B22858DF11238756,10,10,1,0,false,0,0,0,0,0,0,0,0,0,false,false,0,0,0,12996064,12996064
0xCE65C65C36598504383A50E6e8a92556633374b9,10,10,1,0,false,0,0,0,0,0,0,0,0,0,false,false,0,0,0,12996077,12996077
0x8D1179a344A99BaFBCd8271dFc9Ed6Cc0Ae35505,10,10,1,0,false,0,0,0,0,0,0,0,0,0,false,false,0,0,0,12996089,12996089
0x7fF4D2c99CE60c09460C3774eA523fBd63ee9105,10,10,1,0,false,0,0,0,0,0,0,0,0,0,false,false,0,0,0,12996102,12996102
0x9A1eE67e454bb963183884e7e2872fc0016613D3,10,10,1,0,false,0,0,0,0,0,0,0,0,0,false,false,0,0,0,12996114,12996114
0x12eCE1e68b5E84B0DB56a94dD57d78B04a93A0AD,10,10,1,0,false,0,0,0,0,0,0,0,0,0,false,false,0,0,0,12996127,12996127
0x103576d1dbB5D9434BcB8628aDF50fC6b329547e,10,10,1,0,false,0,0,0,0,0,0,0,0,0,false,false,0,0,0,12996140,12996140
0x609Fb243a40D97239Fc9eAE0537e0778fA8f2681,10,10,1,0,false,0,0,0,0,0,0,0,0,0,false,false,0,0,0,12996153,12996153
0x3514Ce947151d12c17c5491aeC828c171f82BaF7,10,10,1,0,false,0,0,0,0,0,0,0,0,0,false,false,0,0,0,12996166,12996166
0x7840bB6Ed1bBe01d55DAdc7ebEF075418Aa7926b,10,10,1,0,false,0,0,0,0,0,0,0,0,0,false,false,0,0,0,12996179,12996179
0xC381c8e1e67d9BFb0275aF6080833e68d18029c7,10,10,1,0,false,0,0,0,0,0,0,0,0,0,false,false,0,0,0,12996192,12996192
0xe2A368d29202a1A200b091e8A809D5521dfdEB98,10,10,1,0,false,0,0,0,0,0,0,0,0,0,false,false,0,0,0,12996205,12996205
0x103Aebd6DC7F773E0C9d523432d4815979B24335,10,10,1,0,false,0,0,0,0,0,0,0,0,0,false,false,0,0,0,12996218,12996218
0x19F86adD154950eDD10883E7fe142423932d6935,10,10,1,0,false,0,0,0,0,0,0,0,0,0,false,false,0,0,0,12996231,12996231
0x29725754fb73EAf02d15CfFd5ca9bbAaC56e6F8e,10,10,1,0,false,0,0,0,0,0,0,0,0,0,false,false,0,0,0,12996244,12996244
0xE826eAF8CC25760Ebd0C0dAb80324A29A220F8B8,10,10,1,0,false,0,0,0,0,0,0,0,0,0,false,false,0,0,0,12996254,12996254
0x07545d5ab6D8a7A8BD356a723E7722dEA898Daee,10,10,1,0,false,0,0,0,0,0,0,0,0,0,false,false,0,0,0,12996267,12996267
0xb0Cbd8B1feE79018762dcFFb84E692237aB2BA8a,10,10,1,0,false,0,0,0,0,0,0,0,0,0,false,false,0,0,0,12996280,12996280
0x47aebFE2271FcC4545dB133De35beae3B7c57cb1,10,10,1,0,false,0,0,0,0,0,0,0,0,0,false,false,0,0,0,12996292,12996292
0x8fbBF04918B61749758C92320700F89569E3EB75,10,10,1,0,false,0,0,0,0,0,0,0,0,0,false,false,0,0,0,12996305,12996305
0x9b26cC5984883e23979eFCeA4F31b476F8bB5bCd,10,10,1,0,false,0,0,0,0,0,0,0,0,0,false,false,0,0,0,12996317,12996317
0x7e25Ed347aDFA52ae56c68AC63DbfE8F589001Ca,10,10,1,0,false,0,0,0,0,0,0,0,0,0,false,false,0,0,0,12996330,12996330
0xfF5da5172FFc72e1115aF4De23375Ba7EABF409e,10,10,1,0,false,0,0,0,0,0,0,0,0,0,false,false,0,0,0,12996343,12996343
0xDE622249c9d65be36fE9cC7DFcED5813902b6746,10,10,1,0,false,0,0,0,0,0,0,0,0,0,false,false,0,0,0,12996355,12996355
0x556dBD7b30F9Da1848407d9A8245861bA8CF7de3,10,10,1,0,false,0,0,0,0,0,0,0,0,0,false,false,0,0,0,12996368,12996368
0x93384D35323b13C101010c0Ea53A918aD0212377,10,10,1,0,false,0,0,0,0,0,0,0,0,0,false,false,0,0,0,12996381,12996381
0xCEA11fAD03191FbC7Bf98334304d8e30e5603084,10,10,1,0,false,0,0,0,0,0,0,0,0,0,false,false,0,0,0,12996393,12996393
0x5917Bc60B5e3C961DC8521FdA4374E3E2e3343B0,10,10,1,0,false,0,0,0,0,0,0,0,0,0,false,false,0,0,0,12996406,12996406
0x3b63F90897932D103B3090Dc83c81D6B018bFFC3,10,10,1,0,false,0,0,0,0,0,0,0,0,0,false,false,0,0,0,12996419,12996419
0xC2aD883Dcf1116c63c1eDED856AB97f7b5dDc3CB,10,10,1,0,false,0,0,0,0,0,0,0,0,0,false,false,0,0,0,12996432,12996432
0xe6d229422Af2071E6f11aCbEF06ba75F67618D38,10,10,1,0,false,0,0,0,0,0,0,0,0,0,false,false,0,0,0,12996444,12996444
0xdC4f52BEE1aC925dBe4Bb65d1D5C09E310338B41,10,10,1,0,false,0,0,0,0,0,0,0,0,0,false,false,0,0,0,12996457,12996457
0x00F4870732a65A3294687072aD2f335b76F6742A,10,10,1,0,false,0,0,0,0,0,0,0,0,0,false,false,0,0,0,12996470,12996470
0x038dE89B0A121Ab0eF17905dE80cDcc77b5ae83c,10,10,1,0,false,0,0,0,0,0,0,0,0,0,false,false,0,0,0,12996482,12996482
0x66f1001AeCaAD4F3EFff292f9b613d3A671189f1,10,10,1,0,false,0,0,0,0,0,0,0,0,0,false,false,0,0,0,12996495,12996495
0x2E9Be8601e948F0C6A6DdF5E393129487ed5e223,10,10,1,0,false,0,0,0,0,0,0,0,0,0,false,false,0,0,0,12996508,12996508
0x3bD726605dE8abF8b073921FEf1B42c8D480eD0B,10,10,1,0,false,0,0,0,0,0,0,0,0,0,false,false,0,0,0,12996520,12996520
0xB568c1f18D80CbaFB3267976c0B95EFe76B2b38F,10,10,1,0,false,0,0,0,0,0,0,0,0,0,false,false,0,0,0,12996533,12996533
0x1410A5cA07A05eDF10dD7b2ed386B508F290318b,10,10,1,0,false,0,0,0,0,0,0,0,0,0,false,false,0,0,0,12996546,12996546
0xAe78939918565BcA730565009e262f8358a91E51,10,10,1,0,false,0,0,0,0,0,0,0,0,0,false,false,0,0,0,12996559,12996559
0xf7694900bd311D0Ac7A39bC6B6f1F6540eE5a3e2,10,10,1,0,false,0,0,0,0,0,0,0,0,0,false,false,0,0,0,12996572,12996572
0x2eBf7F33725df90e01E0c7ee7Dd29b202434f44B,10,10,1,0,false,0,0,0,0,0,0,0,0,0,false,false,0,0,0,12996584,12996584
0x50Bdbe6f44ECf3249a55c1C5f2748746f3Af31E5,10,10,1,0,false,0,0,0,0,0,0,0,0,0,false,false,0,0,0,12996597,12996597
0xB0b7017D048AD1A97a2453B8eeBC02d789ECe9cb,10,10,1,0,false,0,0,0,0,0,0,0,0,0,false,false,0,0,0,12996609,12996609
0x1Dd365caf894306217Ffc34eF37dee1F8d89EaF4,"2,000,010","2,000,010",2,0,false,0,0,0,0,0,0,0,0,0,false,false,0,0,0,12869364,12996622
0x8eE0AaAb0aCa2227508d816aEAF58481B6e08BA4,10,10,1,0,false,0,0,0,0,0,0,0,0,0,false,false,0,0,0,12996635,12996635
0xc6951C93A5B9C07F60b26F6e02F112Cf71BC3f74,10,10,1,0,false,0,0,0,0,0,0,0,0,0,false,false,0,0,0,12996647,12996647
0x241cA69bd2cAA42491e339a9a99b4a2F5C093998,10,10,1,0,false,0,0,0,0,0,0,0,0,0,false,false,0,0,0,12996660,12996660
0xC9aB16Fc90cD23F3406a26217d82A28Ccb52d0F0,10,10,1,0,false,0,0,0,0,0,0,0,0,0,false,false,0,0,0,12996673,12996673
0x32F1f3D9131977fC82942Ae8c973e063201f7215,10,10,1,0,false,0,0,0,0,0,0,0,0,0,false,false,0,0,0,12996686,12996686
0x63862b469Cc1dac32b29AC05e749adbe0CD0b85c,10,10,1,0,false,0,0,0,0,0,0,0,0,0,false,false,0,0,0,12996699,12996699
0xE9C2962B452c694c06968084454AEeCdde857733,10,10,1,0,false,0,0,0,0,0,0,0,0,0,false,false,0,0,0,12996712,12996712
0x3086b91A1Ba1619b263C8F9d40D72e853D785377,10,10,1,0,false,0,0,0,0,0,0,0,0,0,false,false,0,0,0,12996725,12996725
0x3a33c72f3f53Ec4b2AdB07896df41Ce3376679aA,10,10,1,0,false,0,0,0,0,0,0,0,0,0,false,false,0,0,0,12996738,12996738
0xDb01273C7Caf865F42519961EbA619408836D97c,10,10,1,0,false,0,0,0,0,0,0,0,0,0,false,false,0,0,0,12996751,12996751
0x5b5Cf3d2D0BE259952ba94Fda2eA367aC3593D4c,10,10,1,0,false,0,0,0,0,0,0,0,0,0,false,false,0,0,0,12996764,12996764
0xa32cadA8D68b32cA09b1AE66be971062BbCf6861,10,10,1,0,false,0,0,0,0,0,0,0,0,0,false,false,0,0,0,12996777,12996777
0xce516c025c89224562A03950D9dCF7e2C982191e,10,10,1,0,false,0,0,0,0,0,0,0,0,0,false,false,0,0,0,12996787,12996787
0x27AfF1b7b2d0cB3D567983dcD1C3e41CCE9f61bB,10,10,1,0,false,0,0,0,0,0,0,0,0,0,false,false,0,0,0,12996800,12996800
0x101f2455F6AcC6F427e715272Ca54011F3d3506e,10,10,1,0,false,0,0,0,0,0,0,0,0,0,false,false,0,0,0,12996813,12996813
0xF28211B8ee68914dEeD689E1079F882C421F0308,10,10,1,0,false,0,0,0,0,0,0,0,0,0,false,false,0,0,0,12996825,12996825
0x71Ab08E24644cF7462be5420817d58B333d1b49d,10,10,1,0,false,0,0,0,0,0,0,0,0,0,false,false,0,0,0,12996838,12996838
0xaa4233EaB5E074cBB076DC15a407294bed15859e,10,10,1,0,false,0,0,0,0,0,0,0,0,0,false,false,0,0,0,12996851,12996851
0x1a5307c65C9C7CE5c7c1a17f9c96d993297cE100,10,10,1,0,false,0,0,0,0,0,0,0,0,0,false,false,0,0,0,12996863,12996863
0x161464F923282e1DcCd85a9a37b0F7c9D36fa5e8,10,10,1,0,false,0,0,0,0,0,0,0,0,0,false,false,0,0,0,12996876,12996876
0x5799f9771Bd3d23e16F25d58fDb5Aa3D9eE9F711,10,10,1,0,false,0,0,0,0,0,0,0,0,0,false,false,0,0,0,12996889,12996889
0x02F167F8ef8B9f6c904466eEf74520504cfCdB20,10,10,1,0,false,0,0,0,0,0,0,0,0,0,false,false,0,0,0,12996901,12996901
0x50f5Ea2395c7086d2E0504C0860365495fac8Ad0,10,10,1,0,false,0,0,0,0,0,0,0,0,0,false,false,0,0,0,12996914,12996914
0x42CEe44234c6b3d1e6455d3133DBE60F4621a0Aa,10,10,1,0,false,0,0,0,0,0,0,0,0,0,false,false,0,0,0,12996927,12996927
0xb9b0252F780Ef21Aa3c8B3D6Bd6eA19c0231eDC3,10,10,1,0,false,0,0,0,0,0,0,0,0,0,false,false,0,0,0,12996939,12996939
0x973c4B44b34cd02bd72A4A30655be793A13aA473,10,10,1,0,false,0,0,0,0,0,0,0,0,0,false,false,0,0,0,12996952,12996952
0xf2af83b4e1E4065eF21a16C99d1a34a464AC6530,10,10,1,0,false,0,0,0,0,0,0,0,0,0,false,false,0,0,0,12996965,12996965
0xeC1af010739E15351D234057022b3C46b5f36CCb,10,10,1,0,false,0,0,0,0,0,0,0,0,0,false,false,0,0,0,12996978,12996978
0xe8FdCA9547985c2Fb8bE4A3E509fe9fE77ecf61e,10,10,1,0,false,0,0,0,0,0,0,0,0,0,false,false,0,0,0,12996990,12996990
0xf939eaaC22A143Ef53F34CbE5b491F8F28dB488b,10,10,1,0,false,0,0,0,0,0,0,0,0,0,false,false,0,0,0,12997003,12997003
0xEc12066A8518F811E4170E31B1a18Fa500d238A5,10,10,1,0,false,0,0,0,0,0,0,0,0,0,false,false,0,0,0,12997015,12997015
0xdF75ED09962bbF0aF8d2662B602932Ff1BD96B73,10,10,1,0,false,0,0,0,0,0,0,0,0,0,false,false,0,0,0,12997028,12997028
0xd3358b1F39A6a71911c6e33717D185F99d43e80d,10,10,1,0,false,0,0,0,0,0,0,0,0,0,false,false,0,0,0,12997041,12997041
0x47D1308C9a49eE546f0443CbA9C9a76a8191814F,10,10,1,0,false,0,0,0,0,0,0,0,0,0,false,false,0,0,0,12997054,12997054
0x50285E7930765EF62472DF28752BF7c30e63E712,10,10,1,0,false,0,0,0,0,0,0,0,0,0,false,false,0,0,0,12997066,12997066
0xe2C420A99eF7a86E1a65891FF00fA48516C6cFd4,10,10,1,0,false,0,0,0,0,0,0,0,0,0,false,false,0,0,0,12997079,12997079
0xC37C3bcb3598E8d9c323A09802aCE19be04416d3,10,10,1,0,false,0,0,0,0,0,0,0,0,0,false,false,0,0,0,12997092,12997092
0x1685A195Ef078282faE7DC4c72c75f0cEc060fFf,10,10,1,0,false,0,0,0,0,0,0,0,0,0,false,false,0,0,0,12997105,12997105
0xDaeeBBE0d553251FCeaA7A13d3109585c7DFdF1c,10,10,1,0,false,0,0,0,0,0,0,0,0,0,false,false,0,0,0,12997117,12997117
0x2c14fFb5B2444eeB203800E9f01a98221b6E5611,10,10,1,0,false,0,0,0,0,0,0,0,0,0,false,false,0,0,0,12997130,12997130
0xbF69c5aC1438e8095cAbf126f567440ED9b84B6e,10,10,1,0,false,0,0,0,0,0,0,0,0,0,false,false,0,0,0,12997143,12997143
0xfa74b649D86388b3a2C5b492DF519Eb7CF19F290,10,10,1,0,false,0,0,0,0,0,0,0,0,0,false,false,0,0,0,12997155,12997155
0x625c17831e51E27385ade98796f97e94F6F0DE90,10,10,1,0,false,0,0,0,0,0,0,0,0,0,false,false,0,0,0,12997168,12997168
0x4E18036bB5E6e3CDC7ACD0ba935974a191cAFC72,"2,000,010","2,000,010",2,0,false,0,0,0,0,0,0,0,0,0,false,false,0,0,0,12869364,12997181
0xCC439DEbF5b843aC9EBbbA86e5BD20f5bCB79cB8,10,10,1,0,false,0,0,0,0,0,0,0,0,0,false,false,0,0,0,12997193,12997193
0xCdf3747461aeBdC2ed347d7022F3aec607316584,10,10,1,0,false,0,0,0,0,0,0,0,0,0,false,false,0,0,0,12997206,12997206
0x576c650f2016F8914fD1a45022A16ff12ec00Fa1,10,10,1,0,false,0,0,0,0,0,0,0,0,0,false,false,0,0,0,12997219,12997219
0xD4145dd72876aA7dbaCdb3B91529ef72C869567F,10,10,1,0,false,0,0,0,0,0,0,0,0,0,false,false,0,0,0,12997232,12997232
0x824880aA72a9c933c7855E1EA738B9b4F5d2E0D6,10,10,1,0,false,0,0,0,0,0,0,0,0,0,false,false,0,0,0,12997245,12997245
0x088C3Dae3584be066B0f74F714c5921D8f81951c,10,10,1,0,false,0,0,0,0,0,0,0,0,0,false,false,0,0,0,12997258,12997258
0x82149885911139855e574757314f2aE82abbA52E,"2,000,010","2,000,010",2,0,false,0,0,0,0,0,0,0,0,0,false,false,0,0,0,12869364,12997271
0x3098c69D038e9e50FC9C0351Bb60a65B5694241A,10,10,1,0,false,0,0,0,0,0,0,0,0,0,false,false,0,0,0,12997284,12997284
0x3E218c4a699a897dD4C6B03d7930334F5067d472,"2,000,010","2,000,010",2,0,false,0,0,0,0,0,0,0,0,0,false,false,0,0,0,12869361,12997297
0xc164FD320055b501e559075c980112f86a865358,"9,290,010","9,290,010",2,0,false,0,0,0,0,0,0,0,0,0,false,false,0,0,0,12869361,12997310
0x59Bbbf4E3d1A972287C286b996e65e022ab08e71,"2,030,010","2,030,010",2,0,false,0,0,0,0,0,0,0,0,0,false,false,0,0,0,12869361,12997323
0x0b4E4F28765A0b253f2D5acFe358E37428008229,"2,000,010","2,000,010",2,0,false,0,0,0,0,0,0,0,0,0,false,false,0,0,0,12869364,12997336
0x675486Ca70A4ACE850F4F8f68A45e53508191241,"2,000,010","2,000,010",2,0,false,0,0,0,0,0,0,0,0,0,false,false,0,0,0,12869364,12997349
0xbdebc4812429b4005e2E46dF5E473E829af34C69,"2,000,010","2,000,010",2,0,false,0,0,0,0,0,0,0,0,0,false,false,0,0,0,12869364,12997362
0x9328EFF67D0e4B92E5c5555B145fE913D726395c,"2,000,010","2,000,010",2,0,false,0,0,0,0,0,0,0,0,0,false,false,0,0,0,12869364,12997372
0x4990A1a8A05973Fbbca1904DaA6Cd8e4e38CCbD5,"5,130,010","5,130,010",2,0,false,0,0,0,0,0,0,0,0,0,false,false,0,0,0,12869364,12997385
0x0Dbd18d69d8f7291b6c545864cCE4CE7E2e6edD0,"2,060,010","2,060,010",2,0,false,0,0,0,0,0,0,0,0,0,false,false,0,0,0,12869364,12997398
0x995a92CAD7C0944D9Dec24A9634BBe3F15386180,"13,730,010","13,730,010",2,0,false,0,0,0,0,0,0,0,0,0,false,false,0,0,0,12869364,12997411
0x220D040eA1Cc9b7399D2f290eb9A7f5bFa88e79E,10,10,1,0,false,0,0,0,0,0,0,0,0,0,false,false,0,0,0,12997423,12997423
0xD8470Caeb17e68534EcdD82Ebb567DdfD90ad680,10,10,1,0,false,0,0,0,0,0,0,0,0,0,false,false,0,0,0,12997436,12997436
0x242eD663D68f9e391Fb3d93e976Eb9f641cdEB22,10,10,1,0,false,0,0,0,0,0,0,0,0,0,false,false,0,0,0,12997449,12997449
0x97BB6BDb487d8Ea23AFb775534B2DC4418D2bcD0,10,10,1,0,false,0,0,0,0,0,0,0,0,0,false,false,0,0,0,12997462,12997462
0x44c35d31DA7EAc0091ECA78118ad9C2a7764B0A7,10,10,1,0,false,0,0,0,0,0,0,0,0,0,false,false,0,0,0,12997474,12997474
0x53b7e69bfbD817daEA79c0171891Eb65c89F8f20,10,10,1,0,false,0,0,0,0,0,0,0,0,0,false,false,0,0,0,12997487,12997487
0xeee2ED5D5699A78cEf90E7245BB92468CCD8702c,10,10,1,0,false,0,0,0,0,0,0,0,0,0,false,false,0,0,0,12997500,12997500
0x475660e7eCCffBaB062631aa51be0694781F5FC3,10,10,1,0,false,0,0,0,0,0,0,0,0,0,false,false,0,0,0,12997513,12997513
0xab99301e8715C340Dd7e8316799F3416311E3554,10,10,1,0,false,0,0,0,0,0,0,0,0,0,false,false,0,0,0,12997525,12997525
0xf11EBc7C0eEb223Ce5770F20342E7F5d87387716,10,10,1,0,false,0,0,0,0,0,0,0,0,0,false,false,0,0,0,12997538,12997538
0x40947FF7219E90F0E97934DfeE9b12bC586F412F,10,10,1,0,false,0,0,0,0,0,0,0,0,0,false,false,0,0,0,12997550,12997550
0x43A69946BC684cf96ea5B3E21dDf76E41d51B429,10,10,1,0,false,0,0,0,0,0,0,0,0,0,false,false,0,0,0,12997563,12997563
0x66D90362e33A07D563cfFf46c9Aaf64429a7432D,10,10,1,0,false,0,0,0,0,0,0,0,0,0,false,false,0,0,0,12997576,12997576
0xEDa46cca462854Ffb95ee05b00D2fb3041AF6c1E,10,10,1,0,false,0,0,0,0,0,0,0,0,0,false,false,0,0,0,12997588,12997588
0x38ea22Af8B5478232a3dBdfEC720B8D33b26B91E,10,10,1,0,false,0,0,0,0,0,0,0,0,0,false,false,0,0,0,12997601,12997601
0x1dca668B586cb2E174c46dbc5aDABAAE5fd30E7A,10,10,1,0,false,0,0,0,0,0,0,0,0,0,false,false,0,0,0,12997614,12997614
0x46724C51e975248be49d263668aC17A0b905F39E,10,10,1,0,false,0,0,0,0,0,0,0,0,0,false,false,0,0,0,12997627,12997627
0x184D89Df28DeaD3F81A98Cb39674feA0A78054C8,10,10,1,0,false,0,0,0,0,0,0,0,0,0,false,false,0,0,0,12997639,12997639
0x0b8c0f4869b5FC625AD693C52D1cE359cb1D5a2b,10,10,1,0,false,0,0,0,0,0,0,0,0,0,false,false,0,0,0,12997652,12997652
0x46E014b5B486bABB99358bF7C8F0d89b41f1B9f5,10,10,1,0,false,0,0,0,0,0,0,0,0,0,false,false,0,0,0,12997665,12997665
0xD7B899F059fEaEcD7F3F508B14109A26E8D72Dfb,10,10,1,0,false,0,0,0,0,0,0,0,0,0,false,false,0,0,0,12997677,12997677
0x1fFa683fc09a3cd3f703E01d3B14652F9905433E,10,10,1,0,false,0,0,0,0,0,0,0,0,0,false,false,0,0,0,12997690,12997690
0x4B190FDB83BaaA6306f285d8ddF91cf09Fa57c5e,10,10,1,0,false,0,0,0,0,0,0,0,0,0,false,false,0,0,0,12997703,12997703
0x9cFf811681B932381AeF425f56a3d945027FF181,10,10,1,0,false,0,0,0,0,0,0,0,0,0,false,false,0,0,0,12997715,12997715
0x28828f67b4c7B78a4930b904916445F5981Cd284,10,10,1,0,false,0,0,0,0,0,0,0,0,0,false,false,0,0,0,12997728,12997728
0x57c195378374396526e9b94472d86F01ED68aD2c,10,10,1,0,false,0,0,0,0,0,0,0,0,0,false,false,0,0,0,12997741,12997741
0x28B9e5eCD9706c3D0F8cd38d44CbC11Ab9DBf02d,10,10,1,0,false,0,0,0,0,0,0,0,0,0,false,false,0,0,0,12997753,12997753
0x278bd2943B6FD604E81E211af7037e337080690C,10,10,1,0,false,0,0,0,0,0,0,0,0,0,false,false,0,0,0,12997766,12997766
0xa8e60E25C98820CEeBCc777fBb50a46c5076cb26,10,10,1,0,false,0,0,0,0,0,0,0,0,0,false,false,0,0,0,12997779,12997779
0x6bA23d93eCBcCDc1c4372Dd13555F765591b7F42,10,10,1,0,false,0,0,0,0,0,0,0,0,0,false,false,0,0,0,12997791,12997791
0x05BEA9870dA4573C256eb0DF77CA51CC4C82FC92,10,10,1,0,false,0,0,0,0,0,0,0,0,0,false,false,0,0,0,12997804,12997804
0x0fb29066261CbF17716907883597C51Be42D4536,10,10,1,0,false,0,0,0,0,0,0,0,0,0,false,false,0,0,0,12997817,12997817
0xe762C231CaaB18FD13c0d95851426d64fd3306E6,10,10,1,0,false,0,0,0,0,0,0,0,0,0,false,false,0,0,0,12997830,12997830
0x8e60D3C10886C0C18642B45efAC1591b06Ca638A,10,10,1,0,false,0,0,0,0,0,0,0,0,0,false,false,0,0,0,12997843,12997843
0x992f18E44b3bDb941caa826f50FBc7f1592b3237,10,10,1,0,false,0,0,0,0,0,0,0,0,0,false,false,0,0,0,12997856,12997856
0x6f5ed25c95081DCeD30411188f332A09bBD51Fe2,10,10,1,0,false,0,0,0,0,0,0,0,0,0,false,false,0,0,0,12997869,12997869
0xAAb5A73055117c58B1e53D9a99B48dFCCFD8C813,10,10,1,0,false,0,0,0,0,0,0,0,0,0,false,false,0,0,0,12997882,12997882
0x7496020E51F7966347D931dA7a5d0336D1F02AF9,10,10,1,0,false,0,0,0,0,0,0,0,0,0,false,false,0,0,0,12997895,12997895
0xa44a4409A6a2FB766fA2ccb0e76BbF580c0b4c3a,10,10,1,0,false,0,0,0,0,0,0,0,0,0,false,false,0,0,0,12997908,12997908
0x76D786f56B6C861958C4066A5a7240b0Eb17d311,10,10,1,0,false,0,0,0,0,0,0,0,0,0,false,false,0,0,0,12997918,12997918
0xad15f8f18f177472E9B70Faa9a3Da51deE25cE65,10,10,1,0,false,0,0,0,0,0,0,0,0,0,false,false,0,0,0,12997931,12997931
0x09631aD746Dc4F2Fa8670dea88f0ABf86b39790e,10,10,1,0,false,0,0,0,0,0,0,0,0,0,false,false,0,0,0,12997944,12997944
0x41eBF068339C46fF5802915FA40b47389c4961B1,10,10,1,0,false,0,0,0,0,0,0,0,0,0,false,false,0,0,0,12997957,12997957
0x86cb473e56E18ACCD28e93f565eDcE2d650CcBc4,10,10,1,0,false,0,0,0,0,0,0,0,0,0,false,false,0,0,0,12997969,12997969
0x46c81f5dCde3660c42B8eF6075f46aE500526f9a,10,10,1,0,false,0,0,0,0,0,0,0,0,0,false,false,0,0,0,12997982,12997982
0x4127F0e31410DdfB8545EC81Cc74bEFb75EA0463,10,10,1,0,false,0,0,0,0,0,0,0,0,0,false,false,0,0,0,12997994,12997994
0x414A2992cE7f55773afeda011ef97c05BaCF7c7a,10,10,1,0,false,0,0,0,0,0,0,0,0,0,false,false,0,0,0,12998007,12998007
0xf3dc9a182f7532f0f9c2973630e757700Ff79bF3,10,10,1,0,false,0,0,0,0,0,0,0,0,0,false,false,0,0,0,12998019,12998019
0x9938DFCB5A93e2242Db5dD5EEdb176AF0cAfCF99,10,10,1,0,false,0,0,0,0,0,0,0,0,0,false,false,0,0,0,12998032,12998032
0x7aC1D9e4Df70401Cc5D95868fba42ebdF3e9F7C2,10,10,1,0,false,0,0,0,0,0,0,0,0,0,false,false,0,0,0,12998045,12998045
0x55C47F2F505D1f12B77406B3D09f43f2740Df2de,10,10,1,0,false,0,0,0,0,0,0,0,0,0,false,false,0,0,0,12998058,12998058
0x2061144B0f427d78c6F1A8201ea66c4672cdd843,10,10,1,0,false,0,0,0,0,0,0,0,0,0,false,false,0,0,0,12998070,12998070
0x384Be3736bd68853059910F51B5C76bd979986C6,10,10,1,0,false,0,0,0,0,0,0,0,0,0,false,false,0,0,0,12998083,12998083
0x8374dDf0fe831A4aC8c036FBe588B3985Cba9e36,10,10,1,0,false,0,0,0,0,0,0,0,0,0,false,false,0,0,0,12998096,12998096
0x6580135C26C05F1e928b3134775cc5bE1a3927d1,10,10,1,0,false,0,0,0,0,0,0,0,0,0,false,false,0,0,0,12998108,12998108
0x9f08521bf0706181872eFe18a59bd459a738bE91,10,10,1,0,false,0,0,0,0,0,0,0,0,0,false,false,0,0,0,12998121,12998121
0x61134DEA4fF7c177068fb8e40eDAc6c4b7C647D8,10,10,1,0,false,0,0,0,0,0,0,0,0,0,false,false,0,0,0,12998134,12998134
0xe4fd07e37f25f89f7cBf1446d614A5d2C456A914,10,10,1,0,false,0,0,0,0,0,0,0,0,0,false,false,0,0,0,12998145,12998145
0x1A36CBA68d4153b2fA993211B52f8D18140c28F1,10,10,1,0,false,0,0,0,0,0,0,0,0,0,false,false,0,0,0,12998158,12998158
0xfc5534Ec46Ce12c959ea78dF68a358835BFf8FC8,10,10,1,0,false,0,0,0,0,0,0,0,0,0,false,false,0,0,0,12998171,12998171
0xe8700E2EaB13aB9812757e43fdcE1536B8D04f8D,10,10,1,0,false,0,0,0,0,0,0,0,0,0,false,false,0,0,0,12998184,12998184
0x88E57735cD545d696377720C566f55701305de61,10,10,1,0,false,0,0,0,0,0,0,0,0,0,false,false,0,0,0,12998197,12998197
0x383705bAb6bD8cD1714B59cbB0A04b5fa2009cB4,10,10,1,0,false,0,0,0,0,0,0,0,0,0,false,false,0,0,0,12998210,12998210
0x03a025afad1e656b9Df32f2620717875a48e6B1A,10,10,1,0,false,0,0,0,0,0,0,0,0,0,false,false,0,0,0,12998223,12998223
0x877c07fe4722a3d1b1e492Eda260feC1DF9d85F2,10,10,1,0,false,0,0,0,0,0,0,0,0,0,false,false,0,0,0,12998235,12998235
0x23041F2027A730c6Db55482412f36AA469Ca5468,10,10,1,0,false,0,0,0,0,0,0,0,0,0,false,false,0,0,0,12998248,12998248
0xE2a136EFd6769c6d77b0b8a09D34aF172FAB89e1,10,10,1,0,false,0,0,0,0,0,0,0,0,0,false,false,0,0,0,12998260,12998260
0xb5A96C814D380542781B8dE347bbAe45170C41CD,10,10,1,0,false,0,0,0,0,0,0,0,0,0,false,false,0,0,0,12998273,12998273
0x1444D5B58fD45313Ba95B13D39cc9c241b0461fe,10,10,1,0,false,0,0,0,0,0,0,0,0,0,false,false,0,0,0,12998286,12998286
0xE7B101bB43eF184F1491eCDBef476BB59dB51faf,10,10,1,0,false,0,0,0,0,0,0,0,0,0,false,false,0,0,0,12998298,12998298
0xe6b7775e47507a45184Ae31122E91De586652ed4,10,10,1,0,false,0,0,0,0,0,0,0,0,0,false,false,0,0,0,12998311,12998311
0xf78FCEe8fEB36e5F1c75543F275da93553c7d091,10,10,1,0,false,0,0,0,0,0,0,0,0,0,false,false,0,0,0,12998324,12998324
0xEDB0db58E807168057dA0E31bFFD46977E6C3952,10,10,1,0,false,0,0,0,0,0,0,0,0,0,false,false,0,0,0,12998337,12998337
0x2817Cd258d8f12e02102D92DC277C39adb1946eb,10,10,1,0,false,0,0,0,0,0,0,0,0,0,false,false,0,0,0,12998350,12998350
0xf72Cf0222BC844DF061c1BE4EFE83a619D971d5A,10,10,1,0,false,0,0,0,0,0,0,0,0,0,false,false,0,0,0,12998363,12998363
0x180b6e33B8DbeE867ba6A04972567c957873d769,10,10,1,0,false,0,0,0,0,0,0,0,0,0,false,false,0,0,0,12998376,12998376
0x2294326467F9a7336878c492F15b29Fa06Bf46AD,10,10,1,0,false,0,0,0,0,0,0,0,0,0,false,false,0,0,0,12998389,12998389
0xFCF76f546A0f22497Cc98Fd4B7252a3a69d6A9c8,10,10,1,0,false,0,0,0,0,0,0,0,0,0,false,false,0,0,0,12998399,12998399
0xa1F5a414D2B841216F1341AdB6EFC0690e86e506,10,10,1,0,false,0,0,0,0,0,0,0,0,0,false,false,0,0,0,12998412,12998412
0xeeCB06C6bbb9d4DEBdb28894D85B21226fA7df9f,10,10,1,0,false,0,0,0,0,0,0,0,0,0,false,false,0,0,0,12998425,12998425
0x493B3CB42b5963dB264da348Fd57e812f7aBfEB5,10,10,1,0,false,0,0,0,0,0,0,0,0,0,false,false,0,0,0,12998437,12998437
0x1a8Aec632463eDa6e993399bF07ec3cC1F2AfDfe,10,10,1,0,false,0,0,0,0,0,0,0,0,0,false,false,0,0,0,12998450,12998450
0x7172F6a229d189CF795E0FBa0f6Cb0BAf661Df53,10,10,1,0,false,0,0,0,0,0,0,0,0,0,false,false,0,0,0,12998462,12998462
0xCc1B8ADb8FDb184622f4Ed4A716904dAaBC3f6fe,10,10,1,0,false,0,0,0,0,0,0,0,0,0,false,false,0,0,0,12998475,12998475
0x19C3517094f69e81f0c5e2e555b887e4Cc60Fb49,10,10,1,0,false,0,0,0,0,0,0,0,0,0,false,false,0,0,0,12998488,12998488
0xCD5b001B36Fc947d282bB2335b25C2A174719431,10,10,1,0,false,0,0,0,0,0,0,0,0,0,false,false,0,0,0,12998500,12998500
0xd3001AFD9bAe93a313D6285cfFa13F066cc04De9,10,10,1,0,false,0,0,0,0,0,0,0,0,0,false,false,0,0,0,12998513,12998513
0xF548B7f69065f365b8811130869D455B774A4D9d,10,10,1,0,false,0,0,0,0,0,0,0,0,0,false,false,0,0,0,12998526,12998526
0xA9e284F1e8ABD194623E3c486Bb46ce23C0dBbC2,10,10,1,0,false,0,0,0,0,0,0,0,0,0,false,false,0,0,0,12998538,12998538
0x99696188dbc706EEa75D5ffEAE891ff87D8fE017,10,10,1,0,false,0,0,0,0,0,0,0,0,0,false,false,0,0,0,12998551,12998551
0xfb888932510e1BCBa5eD88Dd5D3733735A4Acd47,10,10,1,0,false,0,0,0,0,0,0,0,0,0,false,false,0,0,0,12998564,12998564
0x7C3F3543FBdF3F6dDB9766B63BD038E4314C1C8B,10,10,1,0,false,0,0,0,0,0,0,0,0,0,false,false,0,0,0,12998576,12998576
0x0D959663eaaCE1D7F00A102aDE6807740d85f387,10,10,1,0,false,0,0,0,0,0,0,0,0,0,false,false,0,0,0,12998589,12998589
0xa974455b49B7e640dB9f7ca354c3979ce49B6666,10,10,1,0,false,0,0,0,0,0,0,0,0,0,false,false,0,0,0,12998602,12998602
0x80Fcb821Aec1c95ba065c2b13D7d867bc74318aa,10,10,1,0,false,0,0,0,0,0,0,0,0,0,false,false,0,0,0,12998614,12998614
0x5E9E912c7942bC8Cb427A32E3c0158438400ea48,10,10,1,0,false,0,0,0,0,0,0,0,0,0,false,false,0,0,0,12998627,12998627
0xC3E81Cb9e75cd2F9089f50DD60F328fdFa41FA86,10,10,1,0,false,0,0,0,0,0,0,0,0,0,false,false,0,0,0,12998639,12998639
0x4ee6FD47ED7436D721263799A55FE897d6F8fC48,10,10,1,0,false,0,0,0,0,0,0,0,0,0,false,false,0,0,0,12998652,12998652
0xD74578194d77bDeF4E885662bCbBD1b8054Ea6c9,10,10,1,0,false,0,0,0,0,0,0,0,0,0,false,false,0,0,0,12998665,12998665
0x255e9C7fdD070c66f5cA08EDC9BEcCdF91C115d1,10,10,1,0,false,0,0,0,0,0,0,0,0,0,false,false,0,0,0,12998677,12998677
0xE5AEB354940582d1b921F4D2c1Ec1C076bd25d3b,10,10,1,0,false,0,0,0,0,0,0,0,0,0,false,false,0,0,0,12998690,12998690
0xf142b317D856F98cbB90D4d296fb0D48E1b31082,10,10,1,0,false,0,0,0,0,0,0,0,0,0,false,false,0,0,0,12998702,12998702
0xEB7a6570896d165A7e6A0f47449E5A2280849aA7,10,10,1,0,false,0,0,0,0,0,0,0,0,0,false,false,0,0,0,12998715,12998715
0xA1Cbc9b109EfE14Db275859E55941cF0C46cfb9a,10,10,1,0,false,0,0,0,0,0,0,0,0,0,false,false,0,0,0,12998728,12998728
0x40ED73f72782B13D98866C8bAec9659519ad23dd,10,10,1,0,false,0,0,0,0,0,0,0,0,0,false,false,0,0,0,12998741,12998741
0x96f4588f64014307F3c4AF250deebA224720f221,10,10,1,0,false,0,0,0,0,0,0,0,0,0,false,false,0,0,0,12998753,12998753
0x1b15A511EB1c9b4C5185257D188b543De65Eb589,10,10,1,0,false,0,0,0,0,0,0,0,0,0,false,false,0,0,0,12998766,12998766
0xbaa4D7224694a3e6b3Ec2cA493A3aE8D6e84Cc2E,10,10,1,0,false,0,0,0,0,0,0,0,0,0,false,false,0,0,0,12998779,12998779
0xa667A51BDCB32DaBc8a9396a4523B5feF314ebE7,10,10,1,0,false,0,0,0,0,0,0,0,0,0,false,false,0,0,0,12998792,12998792
0x3E84D6b5B7cF318a0b10Ca3fB400F9EDB24A32b0,10,10,1,0,false,0,0,0,0,0,0,0,0,0,false,false,0,0,0,12998805,12998805
0x89A65E18E3E9CF17Dba0E23f932a6A40ADf74ac3,10,10,1,0,false,0,0,0,0,0,0,0,0,0,false,false,0,0,0,12998818,12998818
0xCb53cc267285154ea8f3864731F2f876493d1930,10,10,1,0,false,0,0,0,0,0,0,0,0,0,false,false,0,0,0,12998831,12998831
0x9fB71045cdd86E2603582790238EFb2a2fCc9bf0,10,10,1,0,false,0,0,0,0,0,0,0,0,0,false,false,0,0,0,12998844,12998844
0xa272eF600C4Ca55f944300E100667AE80735D0d9,10,10,1,0,false,0,0,0,0,0,0,0,0,0,false,false,0,0,0,12998854,12998854
0x7708D22346D2a8A0fd0BdF13b43cf3bD357335aB,10,10,1,0,false,0,0,0,0,0,0,0,0,0,false,false,0,0,0,12998867,12998867
0xCbEd67776335c7432b4A8E8b2D91794Ffb58fbA5,10,10,1,0,false,0,0,0,0,0,0,0,0,0,false,false,0,0,0,12998880,12998880
0x1E2bba1C2f5fcFdc95c19eA40a4Cf714b557F374,10,10,1,0,false,0,0,0,0,0,0,0,0,0,false,false,0,0,0,12998893,12998893
0xE35D7710C05A204d2b071A102b10c66478f4fDB4,10,10,1,0,false,0,0,0,0,0,0,0,0,0,false,false,0,0,0,12998905,12998905
0x6FF05C137e979238bD454D56193E0f6BB472ec8f,10,10,1,0,false,0,0,0,0,0,0,0,0,0,false,false,0,0,0,12998918,12998918
0x8B874Eb488455D92Ed2a2C7D5D2538338bC78b53,10,10,1,0,false,0,0,0,0,0,0,0,0,0,false,false,0,0,0,12998931,12998931
0x913BE66d17c0C54a32f17E477F33AF5cf8ec6653,10,10,1,0,false,0,0,0,0,0,0,0,0,0,false,false,0,0,0,12998943,12998943
0xFF62c3e446D2e36A57D4316E52Badd0F2409d803,10,10,1,0,false,0,0,0,0,0,0,0,0,0,false,false,0,0,0,12998956,12998956
0x4580343041F27EE6D8eaC905Bbc6b5CC33F1054a,10,10,1,0,false,0,0,0,0,0,0,0,0,0,false,false,0,0,0,12998969,12998969
0x30D6c8Bf5BF767993a369D164ce8087c37702980,10,10,1,0,false,0,0,0,0,0,0,0,0,0,false,false,0,0,0,12998981,12998981
0x35Eb51829237d9c1D1B54Ff7F004e9FD9D32aC4b,10,10,1,0,false,0,0,0,0,0,0,0,0,0,false,false,0,0,0,12998994,12998994
0xEB5094e0EA18f4060b18e76A365B7399a3Cb2c79,10,10,1,0,false,0,0,0,0,0,0,0,0,0,false,false,0,0,0,12999008,12999008
0x6E5d28BFD119049AD1F0B0d8b9B003F6C7d859fa,10,10,1,0,false,0,0,0,0,0,0,0,0,0,false,false,0,0,0,12999020,12999020
0x0ca7596ebDC05374FD7c23c6bbd0a9D9a5d09342,10,10,1,0,false,0,0,0,0,0,0,0,0,0,false,false,0,0,0,12999033,12999033
0x6b0Eef435978a88e880Bb3122c0bAA747cc2A1F7,10,10,1,0,false,0,0,0,0,0,0,0,0,0,false,false,0,0,0,12999046,12999046
0x88389d70e41e195520a7243CC80044F734B71e8b,10,10,1,0,false,0,0,0,0,0,0,0,0,0,false,false,0,0,0,12999059,12999059
0x688ef92E36eAd64CEec009c8d1467696A6620992,10,10,1,0,false,0,0,0,0,0,0,0,0,0,false,false,0,0,0,12999072,12999072
0x8a9e3Bbf279bDe2f8AC18AB64C771213694887B4,10,10,1,0,false,0,0,0,0,0,0,0,0,0,false,false,0,0,0,12999085,12999085
0xa6427CA1fb85acf8e8834a866069D691027e721c,10,10,1,0,false,0,0,0,0,0,0,0,0,0,false,false,0,0,0,12999097,12999097
0x9D61e229493D84a319309757ed052311f1F358B3,10,10,1,0,false,0,0,0,0,0,0,0,0,0,false,false,0,0,0,12999110,12999110
0xC196E59f9A303C6Fa3a9736210dFEDc1a2100Ec4,10,10,1,0,false,0,0,0,0,0,0,0,0,0,false,false,0,0,0,12999122,12999122
0x3ab5A9f922E7e5bcE6eeac24b28E483C5137F6a6,10,10,1,0,false,0,0,0,0,0,0,0,0,0,false,false,0,0,0,12999135,12999135
0xe072397A452D6904058EeB1A96639de354343f25,10,10,1,0,false,0,0,0,0,0,0,0,0,0,false,false,0,0,0,12999148,12999148
0x2520608F87D009fde5ca801EfEBeF52B891459B0,10,10,1,0,false,0,0,0,0,0,0,0,0,0,false,false,0,0,0,12999161,12999161
0xA74e439232C825b215EFae7A5Fb7489EFdd82388,10,10,1,0,false,0,0,0,0,0,0,0,0,0,false,false,0,0,0,12999174,12999174
0xb23Bc1E5DE9dBa100DdF5d63B7A0754c5372a3F2,10,10,1,0,false,0,0,0,0,0,0,0,0,0,false,false,0,0,0,12999186,12999186
0xAaFCa81449115d7E83bF2d0C13962bBaF281bDeE,10,10,1,0,false,0,0,0,0,0,0,0,0,0,false,false,0,0,0,12999199,12999199
0x7A7F097848cbD0338af65C26274b04C15D74C93F,10,10,1,0,false,0,0,0,0,0,0,0,0,0,false,false,0,0,0,12999212,12999212
0x8a03F8237fA235bf149613E5697A3273b0b8a3aC,10,10,1,0,false,0,0,0,0,0,0,0,0,0,false,false,0,0,0,12999224,12999224
0x371C5db60F62e0703A28720fb814d8bC9e31c20a,10,10,1,0,false,0,0,0,0,0,0,0,0,0,false,false,0,0,0,12999237,12999237
0x303F70b10AE6347D46fd757A9AcA1C3281231FCA,10,10,1,0,false,0,0,0,0,0,0,0,0,0,false,false,0,0,0,12999250,12999250
0x84FA70b3E426705305A49FFCf8860B60DB4E622A,10,10,1,0,false,0,0,0,0,0,0,0,0,0,false,false,0,0,0,12999262,12999262
0x6d0A3484D7bCeCc58824941C05F5257B2e553577,10,10,1,0,false,0,0,0,0,0,0,0,0,0,false,false,0,0,0,12999275,12999275
0x52D62C21b786C4C99867940713D78De2f98A6A95,10,10,1,0,false,0,0,0,0,0,0,0,0,0,false,false,0,0,0,12999287,12999287
0x7020aE2927743071336877c3C1F97AD79e4b74f3,10,10,1,0,false,0,0,0,0,0,0,0,0,0,false,false,0,0,0,12999300,12999300
0x6A92B04612F647F048c24951673d45471C7E18c7,10,10,1,0,false,0,0,0,0,0,0,0,0,0,false,false,0,0,0,12999313,12999313
0xF25feE17F86c6d4720436262D62AE678910b0c26,10,10,1,0,false,0,0,0,0,0,0,0,0,0,false,false,0,0,0,12999325,12999325
0x5a6d8689a3286e09CA54B0106bdC7Dc795A8588e,10,10,1,0,false,0,0,0,0,0,0,0,0,0,false,false,0,0,0,12999338,12999338
0x60BC5C071D6C2759261A1F580a57F26f59cd7E30,10,10,1,0,false,0,0,0,0,0,0,0,0,0,false,false,0,0,0,12999351,12999351
0x7929656D46c163e0434EefcEF0f900De4867cD6B,10,10,1,0,false,0,0,0,0,0,0,0,0,0,false,false,0,0,0,12999364,12999364
0x498391c9E31cD4877f2Ef69C9f596c709955543a,10,10,1,0,false,0,0,0,0,0,0,0,0,0,false,false,0,0,0,12999377,12999377
0x39959746770eCF5Ff282784549e178e81A85c201,10,10,1,0,false,0,0,0,0,0,0,0,0,0,false,false,0,0,0,12999390,12999390
0xd546295fF3eC5773a5d8Ef53f979961382BaCE92,10,10,1,0,false,0,0,0,0,0,0,0,0,0,false,false,0,0,0,12999403,12999403
0x40c86fEeA75b54C137d432526EEbdcd134a35D83,10,10,1,0,false,0,0,0,0,0,0,0,0,0,false,false,0,0,0,12999416,12999416
0x5dE49821bC02b119cCf5227bC8CF960A5E007e21,10,10,1,0,false,0,0,0,0,0,0,0,0,0,false,false,0,0,0,12999426,12999426
0x107d47F1B2dbC9a02617f45366C1528Bf7020CBc,10,10,1,0,false,0,0,0,0,0,0,0,0,0,false,false,0,0,0,12999439,12999439
0xBC6A0F48CB667882AcBC325f15f5C0Fe2CFBee2e,10,10,1,0,false,0,0,0,0,0,0,0,0,0,false,false,0,0,0,12999452,12999452
0x9C622CE25a69097537B3Eee75c1db3ce28104C36,"5,631,900.8738","5,631,900.8738",2,0,false,0,0,0,0,0,0,0,0,0,false,false,0,0,0,12999465,15175747
0xc65Aa07A7134B08a558cBc29ABa93CEBdfB02a33,10,10,1,0,false,0,0,0,0,0,0,0,0,0,false,false,0,0,0,12999477,12999477
0x114216ec4CB160072C91109268fC13C71ADcfA8b,10,10,1,0,false,0,0,0,0,0,0,0,0,0,false,false,0,0,0,12999490,12999490
0x57A07e048A4DC20De692dc6e176a8E03fa14200b,10,10,1,0,false,0,0,0,0,0,0,0,0,0,false,false,0,0,0,12999503,12999503
0x149F71a18b95812a2A62B10B3259966CF3b8bD0B,10,10,1,0,false,0,0,0,0,0,0,0,0,0,false,false,0,0,0,12999515,12999515
0xF3467a2B4796C94ff72C23Eb8E5135bd76e5c149,10,10,1,0,false,0,0,0,0,0,0,0,0,0,false,false,0,0,0,12999528,12999528
0x321794F6653220E50EAc9766C4baaff7aEd4E1b5,10,10,1,0,false,0,0,0,0,0,0,0,0,0,false,false,0,0,0,12999541,12999541
0xa252d4995e5E607261bbe216E1b77Ffa4a0Fdb03,10,10,1,0,false,0,0,0,0,0,0,0,0,0,false,false,0,0,0,12999554,12999554
0x0bE9d3CC0d85ffB83f56A5027392aB39EC044b07,10,10,1,0,false,0,0,0,0,0,0,0,0,0,false,false,0,0,0,12999566,12999566
0x6699955ff3FA1b1E7d27AD87E63f5B447Ee756d1,10,10,1,0,false,0,0,0,0,0,0,0,0,0,false,false,0,0,0,12999579,12999579
0xF3D756A3431182eE75e9e41652e21dA76f2d97e0,10,10,1,0,false,0,0,0,0,0,0,0,0,0,false,false,0,0,0,12999591,12999591
0x7BC919E086b75aC227Eb7727Ca59a0938967289b,10,10,1,0,false,0,0,0,0,0,0,0,0,0,false,false,0,0,0,12999604,12999604
0xDAe4C51069a863af892DE3059Cc2AF12D72f05d0,10,10,1,0,false,0,0,0,0,0,0,0,0,0,false,false,0,0,0,12999617,12999617
0x9BEA96Bfd2ba64fFf65730116Bf3F52C2E30Ae9a,10,10,1,0,false,0,0,0,0,0,0,0,0,0,false,false,0,0,0,12999630,12999630
0xF13725c70d9F8fAe79933960b29c9b6e44eDD45F,10,10,1,0,false,0,0,0,0,0,0,0,0,0,false,false,0,0,0,12999642,12999642
0x7Fd3f8afCa9640605458BEAc0946909188C863A0,10,10,1,0,false,0,0,0,0,0,0,0,0,0,false,false,0,0,0,12999655,12999655
0xAE62e54aD63f3D377AeF2c0744EcBceE151a7D90,10,10,1,0,false,0,0,0,0,0,0,0,0,0,false,false,0,0,0,12999668,12999668
0xf1eE38B5Da893B349A0DC76255ebd4aE5B1C26aC,10,10,1,0,false,0,0,0,0,0,0,0,0,0,false,false,0,0,0,12999680,12999680
0x532b0d66758fCdFf0d1Ab3614478E948f6520cc8,10,10,1,0,false,0,0,0,0,0,0,0,0,0,false,false,0,0,0,12999693,12999693
0x135DA63a8747c6c7E5fa8b1c9aDfFF945B28fcff,10,10,1,0,false,0,0,0,0,0,0,0,0,0,false,false,0,0,0,12999705,12999705
0x80dd8F653EF624C7ea5Dd9262b3D2607c27C68AF,10,10,1,0,false,0,0,0,0,0,0,0,0,0,false,false,0,0,0,12999718,12999718
0x17a31E2C9Ee71836896364cb26EC28741fd2a037,10,10,1,0,false,0,0,0,0,0,0,0,0,0,false,false,0,0,0,12999731,12999731
0xc6048e46b00eF5473F95F66627140418BbC29b3d,10,10,1,0,false,0,0,0,0,0,0,0,0,0,false,false,0,0,0,12999743,12999743
0xE3906570ED54e003d936FB3564Acbd32338eAb57,10,10,1,0,false,0,0,0,0,0,0,0,0,0,false,false,0,0,0,12999756,12999756
0x078271099ED5fe72C19E0145e2b57908c8FC3244,10,10,1,0,false,0,0,0,0,0,0,0,0,0,false,false,0,0,0,12999769,12999769
0x39d0eF8B916aC2Ad9C2482908641d5DDFba54AAe,10,10,1,0,false,0,0,0,0,0,0,0,0,0,false,false,0,0,0,12999781,12999781
0x0532dA9a4248Daa5a48b4d7C6C1C8fE447B1320a,10,10,1,0,false,0,0,0,0,0,0,0,0,0,false,false,0,0,0,12999794,12999794
0x992201a0f99544D760aDd60F26A4805d3cf224C2,10,10,1,0,false,0,0,0,0,0,0,0,0,0,false,false,0,0,0,12999807,12999807
0x090B4a44F630f893509bF6741719cfE37bFFc544,10,10,1,0,false,0,0,0,0,0,0,0,0,0,false,false,0,0,0,12999819,12999819
0x0117ef90f2B5C7515c8447396AB9D7fbb96AfDF2,10,10,1,0,false,0,0,0,0,0,0,0,0,0,false,false,0,0,0,12999832,12999832
0x03a26A32a83fF45aDB72ff332C8B5955AdDb8247,10,10,1,0,false,0,0,0,0,0,0,0,0,0,false,false,0,0,0,12999845,12999845
0xD52a6713F3a51E8EDaFCEE8d938C707CEAb13594,10,10,1,0,false,0,0,0,0,0,0,0,0,0,false,false,0,0,0,12999858,12999858
0xc2e93ecFAA1CbCde01E56090e51E7D7786FBf7f3,10,10,1,0,false,0,0,0,0,0,0,0,0,0,false,false,0,0,0,12999871,12999871
0x3f4B700f0f0187d71F0A5B52c24D99696fc8b06E,10,10,1,0,false,0,0,0,0,0,0,0,0,0,false,false,0,0,0,12999884,12999884
0xB145400dA27a2497D9fC2Cd5621f2Bfd37617AF4,10,10,1,0,false,0,0,0,0,0,0,0,0,0,false,false,0,0,0,12999897,12999897
0x8258942af6CE44151478E3Ae2765Bd1f80d8b303,10,10,1,0,false,0,0,0,0,0,0,0,0,0,false,false,0,0,0,12999910,12999910
0x40cCaBeD0027FC0C494EA8e087E6C7c055C848cA,10,10,1,0,false,0,0,0,0,0,0,0,0,0,false,false,0,0,0,12999923,12999923
0x05501DcB43ab79332dda281fC602071c6b9E1669,10,10,1,0,false,0,0,0,0,0,0,0,0,0,false,false,0,0,0,12999933,12999933
0xA4231BCE4ED13E160EF96829B059839B07fA3591,10,10,1,0,false,0,0,0,0,0,0,0,0,0,false,false,0,0,0,12999946,12999946
0x4facD173eb1d48D72551Ce0a2d99e5e50758A961,10,10,1,0,false,0,0,0,0,0,0,0,0,0,false,false,0,0,0,12999959,12999959
0x4755791BF6F16B8AF3a829DafDD7C356E1A1599D,10,10,1,0,false,0,0,0,0,0,0,0,0,0,false,false,0,0,0,12999971,12999971
0x332B6D8e16D7452544117d61407a55Da7111BcA2,10,10,1,0,false,0,0,0,0,0,0,0,0,0,false,false,0,0,0,12999984,12999984
0x71EeA040D83f0A83A7bBFbc2e7509870c67Fe47A,10,10,1,0,false,0,0,0,0,0,0,0,0,0,false,false,0,0,0,12999997,12999997
0x4eC3835Ae43dfe8Cb6dB427218CE786c0a894ADb,10,10,1,0,false,0,0,0,0,0,0,0,0,0,false,false,0,0,0,13000009,13000009
0xbC27FFef35cd7f8cf99640Ac8398966F03DF1D2F,10,10,1,0,false,0,0,0,0,0,0,0,0,0,false,false,0,0,0,13000022,13000022
0x163037bf73186469B0094Cf51396A785043Df8A9,10,10,1,0,false,0,0,0,0,0,0,0,0,0,false,false,0,0,0,13000035,13000035
0x86C79FA5C75bB947cD9443B1E9DCb670a0546806,10,10,1,0,false,0,0,0,0,0,0,0,0,0,false,false,0,0,0,13000047,13000047
0x33A90F18131852d4763A353f3F70858bc8851cce,10,10,1,0,false,0,0,0,0,0,0,0,0,0,false,false,0,0,0,13000060,13000060
0x327e2A0d83dcd4cBad89B35CF9f768EeC81687a8,10,10,1,0,false,0,0,0,0,0,0,0,0,0,false,false,0,0,0,13000073,13000073
0x3cC5a66B6a9B7123CA1154ea1374C49c64C3235c,10,10,1,0,false,0,0,0,0,0,0,0,0,0,false,false,0,0,0,13000085,13000085
0xAdADc344eF3bf90a440504052a307fd621C35a2d,10,10,1,0,false,0,0,0,0,0,0,0,0,0,false,false,0,0,0,13000098,13000098
0xa9353AdFf0058de41554a20832ec5b86f763C4D3,10,10,1,0,false,0,0,0,0,0,0,0,0,0,false,false,0,0,0,13000111,13000111
0xEA5e00EF75dCb63084EAabb1C90Ae7FeFE4284E2,10,10,1,0,false,0,0,0,0,0,0,0,0,0,false,false,0,0,0,13000123,13000123
0x6D699F4D77a8FaEaca0f7DC707F9208fA956b016,10,10,1,0,false,0,0,0,0,0,0,0,0,0,false,false,0,0,0,13000136,13000136
0x2329665C902edB0337194e5d8776443d2e3eb14E,10,10,1,0,false,0,0,0,0,0,0,0,0,0,false,false,0,0,0,13000149,13000149
0x403DC6BaBD1391AF43669A28b2feD58f02081C93,10,10,1,0,false,0,0,0,0,0,0,0,0,0,false,false,0,0,0,13000162,13000162
0xF97c3BEAF6c90410A84cb438F5937d11ECd5AFFD,10,10,1,0,false,0,0,0,0,0,0,0,0,0,false,false,0,0,0,13000174,13000174
0x98370c2b3BA6f2131CB15C3e9e1fb9bE7c7385d0,10,10,1,0,false,0,0,0,0,0,0,0,0,0,false,false,0,0,0,13000187,13000187
0x995406173D083119C6a49b695a585955b1888044,10,10,1,0,false,0,0,0,0,0,0,0,0,0,false,false,0,0,0,13000200,13000200
0xd7D73A68ECEbe60D629967A9394398C4fb7fAc68,10,10,1,0,false,0,0,0,0,0,0,0,0,0,false,false,0,0,0,13000212,13000212
0x3Ed96fF30aEb2b6Ce49721c54b1425F31d25Cb7c,10,10,1,0,false,0,0,0,0,0,0,0,0,0,false,false,0,0,0,13000225,13000225
0xFC43095b89aD335a8C20ce2965b60E56F738E006,10,10,1,0,false,0,0,0,0,0,0,0,0,0,false,false,0,0,0,13000237,13000237
0xb408D38419fFbA51F868467CED43FDB31F78C577,10,10,1,0,false,0,0,0,0,0,0,0,0,0,false,false,0,0,0,13000250,13000250
0x35b66B743210b740202D2F7aDf05471a9401078C,10,10,1,0,false,0,0,0,0,0,0,0,0,0,false,false,0,0,0,13000263,13000263
0x354DA278fB94C7B62e42588d9BE5d7c7CA81023a,10,10,1,0,false,0,0,0,0,0,0,0,0,0,false,false,0,0,0,13000276,13000276
0x0200201633Dc92fdB15992FaB231a70d0bf94aff,10,10,1,0,false,0,0,0,0,0,0,0,0,0,false,false,0,0,0,13000288,13000288
0x4f38a7801C33C344330CDe592f0135266de6e5C3,10,10,1,0,false,0,0,0,0,0,0,0,0,0,false,false,0,0,0,13000301,13000301
0x97fbE2508Ab1ECDF09A09819a58A1fbb7262279c,10,10,1,0,false,0,0,0,0,0,0,0,0,0,false,false,0,0,0,13000314,13000314
0x95045FEc6B1bB402B047DCb1514ABCAf36Bb64B2,10,10,1,0,false,0,0,0,0,0,0,0,0,0,false,false,0,0,0,13000326,13000326
0x132eff2CabA32819280e0B0d646a1B650926b892,10,10,1,0,false,0,0,0,0,0,0,0,0,0,false,false,0,0,0,13000339,13000339
0x8364C1770d021Baa5d482DAdF2f648C911Ec6399,10,10,1,0,false,0,0,0,0,0,0,0,0,0,false,false,0,0,0,13000352,13000352
0x3cdd0CbAb43123698258E0C78465746736Bed4D6,10,10,1,0,false,0,0,0,0,0,0,0,0,0,false,false,0,0,0,13000365,13000365
0x4c8B5a97a9F9bC9B87bC23AE2cF61713bDe9bf6c,10,10,1,0,false,0,0,0,0,0,0,0,0,0,false,false,0,0,0,13000378,13000378
0x8c29Eb68fC673dCf15Ee2D11794Bec3Bd060D507,10,10,1,0,false,0,0,0,0,0,0,0,0,0,false,false,0,0,0,13000391,13000391
0x77117C5a388c53998fe64C60afD2C2Da48A1c273,10,10,1,0,false,0,0,0,0,0,0,0,0,0,false,false,0,0,0,13000404,13000404
0xCBa5702D51a1d2319d2a92a3D4E5F998f4c5C46A,10,10,1,0,false,0,0,0,0,0,0,0,0,0,false,false,0,0,0,13000417,13000417
0x6AC606d84E0210b84749Ca42Ca628B4dc1fF2E31,10,10,1,0,false,0,0,0,0,0,0,0,0,0,false,false,0,0,0,13000430,13000430
0xec95efbC833d586CA1e78849bFd91b1E3141F578,10,10,1,0,false,0,0,0,0,0,0,0,0,0,false,false,0,0,0,13000443,13000443
0x15af922e43095a0d64d2413Af7B4BF0d10F5e0EE,10,10,1,0,false,0,0,0,0,0,0,0,0,0,false,false,0,0,0,13000456,13000456
0x4c685E25e7c280E8C8A3276C79263D0F3480eD39,10,10,1,0,false,0,0,0,0,0,0,0,0,0,false,false,0,0,0,13000469,13000469
0x7713B6ad6F83114F139b4a3356Ab5A866D36dae9,10,10,1,0,false,0,0,0,0,0,0,0,0,0,false,false,0,0,0,13000479,13000479
0x4838504A77873F820f2D990028ee326959cE7ae9,10,10,1,0,false,0,0,0,0,0,0,0,0,0,false,false,0,0,0,13000492,13000492
0x3Ad4e9106Dd12B9D30F15cCC7978aA31fBC31D0B,10,10,1,0,false,0,0,0,0,0,0,0,0,0,false,false,0,0,0,13000505,13000505
0x100774a81DF8Bc6747746EBcC23c30F73143bE34,10,10,1,0,false,0,0,0,0,0,0,0,0,0,false,false,0,0,0,13000517,13000517
0xF7bC99b8F17f6Acf351543E015A798468cc2788f,10,10,1,0,false,0,0,0,0,0,0,0,0,0,false,false,0,0,0,13000530,13000530
0x506b51b620E078096D7E583C296071e019996d3B,10,10,1,0,false,0,0,0,0,0,0,0,0,0,false,false,0,0,0,13000543,13000543
0xb26ef217F24B215a2B6b97AfA0028CbF7a7081f6,10,10,1,0,false,0,0,0,0,0,0,0,0,0,false,false,0,0,0,13000555,13000555
0x4cf90432Ac19f79D6009439C579D8B29F2B5A285,10,10,1,0,false,0,0,0,0,0,0,0,0,0,false,false,0,0,0,13000568,13000568
0xDF1980285B29A9dF6F1A1a44105C7e2E90C88cB5,10,10,1,0,false,0,0,0,0,0,0,0,0,0,false,false,0,0,0,13000581,13000581
0xb28fc3577deE2A5630dBfa144F0a058641541c9B,10,10,1,0,false,0,0,0,0,0,0,0,0,0,false,false,0,0,0,13000593,13000593
0x803e47AfF8eC545749eF4fa5e563E366Bb04AaF4,10,10,1,0,false,0,0,0,0,0,0,0,0,0,false,false,0,0,0,13000606,13000606
0x2825CDb4A71AC7942DA889f1ff72d536a8209343,10,10,1,0,false,0,0,0,0,0,0,0,0,0,false,false,0,0,0,13000619,13000619
0x278C005D76700766A9Af41956e008A0d1dc691f2,10,10,1,0,false,0,0,0,0,0,0,0,0,0,false,false,0,0,0,13000631,13000631
0x4BAAcF01A842097f1Cbbe573B0C77Ad7AA9fa3cC,10,10,1,0,false,0,0,0,0,0,0,0,0,0,false,false,0,0,0,13000644,13000644
0xBC93D62c4FA87a101896117bFf938928Aa788cDd,10,10,1,0,false,0,0,0,0,0,0,0,0,0,false,false,0,0,0,13000656,13000656
0x0BEcC5953657aabC6241babAAF0c15706CA48074,10,10,1,0,false,0,0,0,0,0,0,0,0,0,false,false,0,0,0,13000669,13000669
0xbA55BDbF959DF826dA6c35487eB15FaD2164662d,10,10,1,0,false,0,0,0,0,0,0,0,0,0,false,false,0,0,0,13000682,13000682
0x04a52c35B9055FE8821ca0d34EF73457f5B1844E,10,10,1,0,false,0,0,0,0,0,0,0,0,0,false,false,0,0,0,13000695,13000695
0xD73f6E04032d75b127494432336D0271fA761110,10,10,1,0,false,0,0,0,0,0,0,0,0,0,false,false,0,0,0,13000707,13000707
0x0c182DaCB81A5502b3499a4afE0E8e5960C399C1,10,10,1,0,false,0,0,0,0,0,0,0,0,0,false,false,0,0,0,13000720,13000720
0x101FB72ca5782e61B11eCf6D525AC18F69497b35,10,10,1,0,false,0,0,0,0,0,0,0,0,0,false,false,0,0,0,13000732,13000732
0xf6Bf57e1250927223F6Db954af56D40Bef8673c6,10,10,1,0,false,0,0,0,0,0,0,0,0,0,false,false,0,0,0,13000745,13000745
0xe6886e52dD57c83CF4db86088E94f6Ad62Ee1aDd,10,10,1,0,false,0,0,0,0,0,0,0,0,0,false,false,0,0,0,13000758,13000758
0x71799Ed91b5225995ca23F8cec362c9DB1c13A06,10,10,1,0,false,0,0,0,0,0,0,0,0,0,false,false,0,0,0,13000770,13000770
0xf2123F4b641a359A1d3b5433c8abB7bcD6794Ed5,10,10,1,0,false,0,0,0,0,0,0,0,0,0,false,false,0,0,0,13000783,13000783
0xF9951d77Eb1518F578BBf17aD56D40a10658cE21,10,10,1,0,false,0,0,0,0,0,0,0,0,0,false,false,0,0,0,13000796,13000796
0xF63621208EbAC259761e5AD482Db760964158A4C,10,10,1,0,false,0,0,0,0,0,0,0,0,0,false,false,0,0,0,13000808,13000808
0xF328A0eB0e61393b88F1204c7Fba6AE7C1862829,10,10,1,0,false,0,0,0,0,0,0,0,0,0,false,false,0,0,0,13000821,13000821
0xC40dCAD571ee3F4Cb423fE5cf80bc897FFe3909f,10,10,1,0,false,0,0,0,0,0,0,0,0,0,false,false,0,0,0,13000833,13000833
0xbC51DAd710cC9275F22083Ec95d47102Aa373796,10,10,1,0,false,0,0,0,0,0,0,0,0,0,false,false,0,0,0,13000846,13000846
0xA582566722038e17815c6044baba56Ae08f0AA66,10,10,1,0,false,0,0,0,0,0,0,0,0,0,false,false,0,0,0,13000859,13000859
0x27584d51d6bb3541E90514D09AE257CEC7D9A44F,10,10,1,0,false,0,0,0,0,0,0,0,0,0,false,false,0,0,0,13000872,13000872
0x93F7ec63f7f29A301C01980b1f8506d7F6Ff3D78,10,10,1,0,false,0,0,0,0,0,0,0,0,0,false,false,0,0,0,13000885,13000885
0x06009b4AD8866bE4A860553D7634B5d57cB39e8d,10,10,1,0,false,0,0,0,0,0,0,0,0,0,false,false,0,0,0,13000898,13000898
0x387b120D3F987BC952A09554CddC0ca552D48f78,10,10,1,0,false,0,0,0,0,0,0,0,0,0,false,false,0,0,0,13000911,13000911
0x162b8D9D4708F9106E5e11EA30d83C3E150dCca1,10,10,1,0,false,0,0,0,0,0,0,0,0,0,false,false,0,0,0,13000924,13000924
0x3d613B7828Cf998eF95c7E69a56eC336fB13Ff76,10,10,1,0,false,0,0,0,0,0,0,0,0,0,false,false,0,0,0,13000937,13000937
0xE179DfBaBCE6222C91235002AC05A0A23E1Dd2c1,10,10,1,0,false,0,0,0,0,0,0,0,0,0,false,false,0,0,0,13000947,13000947
0x0c60Bafc302102daa287ca91ABa674A4A17e6eBe,10,10,1,0,false,0,0,0,0,0,0,0,0,0,false,false,0,0,0,13000960,13000960
0xaE8d461d793683903dDb28A6277E071BeB376Ea4,10,10,1,0,false,0,0,0,0,0,0,0,0,0,false,false,0,0,0,13000973,13000973
0x7F7bE181cb775C018CcD38ec8619c6bF5076aDAa,10,10,1,0,false,0,0,0,0,0,0,0,0,0,false,false,0,0,0,13000985,13000985
0x9d18A90cEaBd1d4bA67411D29BA22eb462Fbf42a,10,10,1,0,false,0,0,0,0,0,0,0,0,0,false,false,0,0,0,13000998,13000998
0xe58d728257b78Ac11DA38b252348f265c51d8127,10,10,1,0,false,0,0,0,0,0,0,0,0,0,false,false,0,0,0,13001011,13001011
0x76bf78D31b69349a51EF8c7FBBc7D52d08E6aEf5,10,10,1,0,false,0,0,0,0,0,0,0,0,0,false,false,0,0,0,13001023,13001023
0x9b5d5b21e327e3319eCB817565e56F8a543152F2,10,10,1,0,false,0,0,0,0,0,0,0,0,0,false,false,0,0,0,13001036,13001036
0xeBB7af889Dc823098A8450a8bc4938e459C61A3C,10,10,1,0,false,0,0,0,0,0,0,0,0,0,false,false,0,0,0,13001049,13001049
0xE0EA51Ef15Ed485B681F4623fF6C5EcB1c457742,10,10,1,0,false,0,0,0,0,0,0,0,0,0,false,false,0,0,0,13001061,13001061
0xd46c5C095DE9aA5B23f40332E1460A04725Ad4e9,10,10,1,0,false,0,0,0,0,0,0,0,0,0,false,false,0,0,0,13001074,13001074
0xDe93A926D8059d9d20a93B709312bF2cd8a7046c,10,10,1,0,false,0,0,0,0,0,0,0,0,0,false,false,0,0,0,13001087,13001087
0x086c58D4b6b87BD244C7b70534145909fb336709,10,10,1,0,false,0,0,0,0,0,0,0,0,0,false,false,0,0,0,13001099,13001099
0x9ff15d24cF746a05D1cFa467a07f37D67A6c9FbD,10,10,1,0,false,0,0,0,0,0,0,0,0,0,false,false,0,0,0,13001112,13001112
0x5cbEbA25bdA2AFE7566B47E46e1C707f6EBb3d3d,10,10,1,0,false,0,0,0,0,0,0,0,0,0,false,false,0,0,0,13001125,13001125
0xdF70D5b63CffF0d837cC5349c4e52c3010eecAB8,10,10,1,0,false,0,0,0,0,0,0,0,0,0,false,false,0,0,0,13001137,13001137
0xeaA7c18B19D5eB1fb383EBf323bF0c723659D9C5,10,10,1,0,false,0,0,0,0,0,0,0,0,0,false,false,0,0,0,13001150,13001150
0x89b0eF212e85873b23cEAB55669098fC515d9319,10,10,1,0,false,0,0,0,0,0,0,0,0,0,false,false,0,0,0,13001163,13001163
0xe9Ef3400EB98D650B5Ff56E8072A3c6949FBa614,10,10,1,0,false,0,0,0,0,0,0,0,0,0,false,false,0,0,0,13001175,13001175
0xD6Cb74c5Dd5E9dCc8CddAaC013eaC51645641511,10,10,1,0,false,0,0,0,0,0,0,0,0,0,false,false,0,0,0,13001188,13001188
0x0AAfCD0DccAef639975c17581Be88c962E703119,10,10,1,0,false,0,0,0,0,0,0,0,0,0,false,false,0,0,0,13001201,13001201
0xf234A2b0baa2C7b6Bc73076A1aaB04aB551157b1,10,10,1,0,false,0,0,0,0,0,0,0,0,0,false,false,0,0,0,13001214,13001214
0x5D4C1D24921ff5D37789Aa4add854BeFe1109fCd,10,10,1,0,false,0,0,0,0,0,0,0,0,0,false,false,0,0,0,13001226,13001226
0x625b2F657187c820253919fB14fbFAA33d642622,10,10,1,0,false,0,0,0,0,0,0,0,0,0,false,false,0,0,0,13001239,13001239
0x4A4fCcC44bbd97568D21B8011BDB8a35C7D853c0,10,10,1,0,false,0,0,0,0,0,0,0,0,0,false,false,0,0,0,13001251,13001251
0x9aEa3B337F3405A436f0A4585B481978B849DBc8,10,10,1,0,false,0,0,0,0,0,0,0,0,0,false,false,0,0,0,13001264,13001264
0xfa8083b373e4e24f0A80CF7fbdc245F79EEF0614,10,10,1,0,false,0,0,0,0,0,0,0,0,0,false,false,0,0,0,13001277,13001277
0x72baBDD29054462694c65D7D3415AFd92101f1Da,10,10,1,0,false,0,0,0,0,0,0,0,0,0,false,false,0,0,0,13001289,13001289
0x5731a8775607F9Eb6b8B4723ff6f698770E3a3Ab,10,10,1,0,false,0,0,0,0,0,0,0,0,0,false,false,0,0,0,13001302,13001302
0x5eD83747b9765d5d30170147307F6CAB11f0Ae1b,10,10,1,0,false,0,0,0,0,0,0,0,0,0,false,false,0,0,0,13001315,13001315
0x6fE2e09EB397c79F34F731C884cf0BA27dcDCca7,10,10,1,0,false,0,0,0,0,0,0,0,0,0,false,false,0,0,0,13001327,13001327
0x57e9eE9F42EF2f126Da128C3343Aa3C3BC295091,10,10,1,0,false,0,0,0,0,0,0,0,0,0,false,false,0,0,0,13001340,13001340
0x983028D1bcd005f0d6C4539b3A2C285a41726304,10,10,1,0,false,0,0,0,0,0,0,0,0,0,false,false,0,0,0,13001353,13001353
0xcAEAC4ea0A8f94BBdfd44A5e7C4BEAf19Ae777cD,10,10,1,0,false,0,0,0,0,0,0,0,0,0,false,false,0,0,0,13001366,13001366
0x8dfD81D014D475D96B8d75ae8cd13B427bf36505,10,10,1,0,false,0,0,0,0,0,0,0,0,0,false,false,0,0,0,13001379,13001379
0xF38790B40Fb1577FddC06fb7731c0D308fdCD446,10,10,1,0,false,0,0,0,0,0,0,0,0,0,false,false,0,0,0,13001392,13001392
0x5C1ccE1954Ea57290eeD019178756ee6aE4405FD,10,10,1,0,false,0,0,0,0,0,0,0,0,0,false,false,0,0,0,13001405,13001405
0x4a35cecF91421193Ba405187D0828851691F701b,10,10,1,0,false,0,0,0,0,0,0,0,0,0,false,false,0,0,0,13001418,13001418
0x7Ac41FDa980e71962734805d1C75d3b3934aC54a,10,10,1,0,false,0,0,0,0,0,0,0,0,0,false,false,0,0,0,13001431,13001431
0x2248587409f9a9d92912910370632FDE2fc75D28,10,10,1,0,false,0,0,0,0,0,0,0,0,0,false,false,0,0,0,13001444,13001444
0x154Ba457f81a022b54dd2016c07d4e286D7E11B4,10,10,1,0,false,0,0,0,0,0,0,0,0,0,false,false,0,0,0,13001454,13001454
0x7e7AC3b4aBaC1062DDD54a353Bc2a460A18b020A,10,10,1,0,false,0,0,0,0,0,0,0,0,0,false,false,0,0,0,13001467,13001467
0xb6a89E57Ff005c39Ca667b2bE7B3C95a14204aa7,10,10,1,0,false,0,0,0,0,0,0,0,0,0,false,false,0,0,0,13001480,13001480
0x5A3b9d545cFE352c01B46682B18663f13933e898,10,10,1,0,false,0,0,0,0,0,0,0,0,0,false,false,0,0,0,13001492,13001492
0xf23C507316F062F36F1279dAfcE151c854F30044,10,10,1,0,false,0,0,0,0,0,0,0,0,0,false,false,0,0,0,13001505,13001505
0x2994a3998b3AE936E21B0C984829E651df255103,10,10,1,0,false,0,0,0,0,0,0,0,0,0,false,false,0,0,0,13001518,13001518
0xC026cbf06c568b9cbF9590684C3cf9a553BbdBd3,10,10,1,0,false,0,0,0,0,0,0,0,0,0,false,false,0,0,0,13001530,13001530
0x110b7D2E66b0A161e98F04659938Ff1897cF383F,10,10,1,0,false,0,0,0,0,0,0,0,0,0,false,false,0,0,0,13001543,13001543
0x24cD04F4D35e2554A66C23c81dE0e7b7E45079Cd,10,10,1,0,false,0,0,0,0,0,0,0,0,0,false,false,0,0,0,13001556,13001556
0x49eD3f1013fDba831a7B43189F4734d5b3Cb4aCB,10,10,1,0,false,0,0,0,0,0,0,0,0,0,false,false,0,0,0,13001568,13001568
0x6098890F987B41287D64Cf2bA4E173ca9C5CE75A,10,10,1,0,false,0,0,0,0,0,0,0,0,0,false,false,0,0,0,13001581,13001581
0xac3c0bD2b1BE60d5d132C76702F729cCE5350EE2,10,10,1,0,false,0,0,0,0,0,0,0,0,0,false,false,0,0,0,13001594,13001594
0x5DC68b82D0db1EB1a692548eE33Ee95e2EFAf50A,10,10,1,0,false,0,0,0,0,0,0,0,0,0,false,false,0,0,0,13001606,13001606
0x124ec5A8d772b030331b56c56bD56D5bA0ADfa78,10,10,1,0,false,0,0,0,0,0,0,0,0,0,false,false,0,0,0,13001619,13001619
0x1771bA74A79F99614a20a6cA687EB5B25863CaB9,10,10,1,0,false,0,0,0,0,0,0,0,0,0,false,false,0,0,0,13001632,13001632
0x480f34C1C0e10f1722Ff57A92B35Ee67330c5224,10,10,1,0,false,0,0,0,0,0,0,0,0,0,false,false,0,0,0,13001644,13001644
0x95Ab3762c7059396AeC10536B6450B66Abac9090,10,10,1,0,false,0,0,0,0,0,0,0,0,0,false,false,0,0,0,13001657,13001657
0x1fdC57a6Dc7335d57a26D5b99Df444CCFeBDaB0e,10,10,1,0,false,0,0,0,0,0,0,0,0,0,false,false,0,0,0,13001669,13001669
0x99D3a0DE37A10D5558e47aEcAF17f855eEB31D3f,10,10,1,0,false,0,0,0,0,0,0,0,0,0,false,false,0,0,0,13001682,13001682
0xE9D6eBeBBBd3291f58F942f0e064BE1E928A9b9c,10,10,1,0,false,0,0,0,0,0,0,0,0,0,false,false,0,0,0,13001695,13001695
0x5C9F7b526D804cf8ADBBDEe657F2d3984570590e,10,10,1,0,false,0,0,0,0,0,0,0,0,0,false,false,0,0,0,13001707,13001707
0x68ba73724f23365aFE29B8619faB287A7B8382Ab,10,10,1,0,false,0,0,0,0,0,0,0,0,0,false,false,0,0,0,13001720,13001720
0x09dC95DA3003381A0745d59EF25D378988DF21d1,10,10,1,0,false,0,0,0,0,0,0,0,0,0,false,false,0,0,0,13001733,13001733
0xcE5b44338015b3107eAef2506833e2ea46d9Ea56,10,10,1,0,false,0,0,0,0,0,0,0,0,0,false,false,0,0,0,13001745,13001745
0xb2ff4D3312F05EDDbf8f942E73F2Cf029a44Ba6E,10,10,1,0,false,0,0,0,0,0,0,0,0,0,false,false,0,0,0,13001758,13001758
0xad365E08FB97c282852410Ba355A1b7FF2C3A50c,10,10,1,0,false,0,0,0,0,0,0,0,0,0,false,false,0,0,0,13001771,13001771
0xF3D36dD0CA23e533c032DF92386B69871d3F744E,10,10,1,0,false,0,0,0,0,0,0,0,0,0,false,false,0,0,0,13001783,13001783
0xCB823977Ef244bB8Cc70e29660d7a0d0AFa310B1,10,10,1,0,false,0,0,0,0,0,0,0,0,0,false,false,0,0,0,13001796,13001796
0x151c9dfbFfF128f4bb3f4ec0f2d220F898727DAE,10,10,1,0,false,0,0,0,0,0,0,0,0,0,false,false,0,0,0,13001809,13001809
0x03F811368b3dc763d8f53894E24f2fbd54d07d44,10,10,1,0,false,0,0,0,0,0,0,0,0,0,false,false,0,0,0,13001822,13001822
0x12196bb528a62c66824749cFFF4787f1b5DC66Bc,10,10,1,0,false,0,0,0,0,0,0,0,0,0,false,false,0,0,0,13001834,13001834
0xF177d4dD6BC7406ef89a638B1e504B8AC408DaB1,10,10,1,0,false,0,0,0,0,0,0,0,0,0,false,false,0,0,0,13001847,13001847
0xe96615DbdA046857008dE17a191A3526e42D8523,10,10,1,0,false,0,0,0,0,0,0,0,0,0,false,false,0,0,0,13001860,13001860
0xA7af357Bd748c33DCF0B6d5d9fd83F4ed325b15A,10,10,1,0,false,0,0,0,0,0,0,0,0,0,false,false,0,0,0,13001873,13001873
0xCcf184C0B7Bb90498695507ad6285Bf9d36FcD97,10,10,1,0,false,0,0,0,0,0,0,0,0,0,false,false,0,0,0,13001886,13001886
0x56BE069aB2420bB44f9EAE865CABEc23352e7830,10,10,1,0,false,0,0,0,0,0,0,0,0,0,false,false,0,0,0,13001899,13001899
0xB2656BE0f47fC7c20F219Fb255Cbab9b14Ae66B3,10,10,1,0,false,0,0,0,0,0,0,0,0,0,false,false,0,0,0,13001912,13001912
0x52C8FaCece959596330B84e781E71A9711c2cA8E,10,10,1,0,false,0,0,0,0,0,0,0,0,0,false,false,0,0,0,13001925,13001925
0xc9488059219fb1aDEef2aE007619A2b3869dbDBc,10,10,1,0,false,0,0,0,0,0,0,0,0,0,false,false,0,0,0,13001935,13001935
0x800488E663330314437dfc60Ae286e5A6e1E376A,10,10,1,0,false,0,0,0,0,0,0,0,0,0,false,false,0,0,0,13001948,13001948
0x06444DC133aa3896fC72225Cc11523f832e273F8,10,10,1,0,false,0,0,0,0,0,0,0,0,0,false,false,0,0,0,13001961,13001961
0xCD9B610b2D6615A830D8bA30645194da74738419,10,10,1,0,false,0,0,0,0,0,0,0,0,0,false,false,0,0,0,13001974,13001974
0x01F9aBFE18b0FF54B8793dFD2A2BCC08813170dE,10,10,1,0,false,0,0,0,0,0,0,0,0,0,false,false,0,0,0,13001987,13001987
0x2714741e8A4AEee94d49c94136c46511185fb2c2,10,10,1,0,false,0,0,0,0,0,0,0,0,0,false,false,0,0,0,13001999,13001999
0x3f8975F762538d7B46e8Da1523dE8cB4CdB2273c,10,10,1,0,false,0,0,0,0,0,0,0,0,0,false,false,0,0,0,13002012,13002012
0x13BaE0B9956D0bFc3373b442B4B12905376C1d94,10,10,1,0,false,0,0,0,0,0,0,0,0,0,false,false,0,0,0,13002025,13002025
0xa847d54C1cafCE28d0C38aDd8249dB19718868C8,10,10,1,0,false,0,0,0,0,0,0,0,0,0,false,false,0,0,0,13002037,13002037
0x0122F5466534F468f8bB0b05Ac13C8d03CFde539,10,10,1,0,false,0,0,0,0,0,0,0,0,0,false,false,0,0,0,13002050,13002050
0x39FE26866B33cAc115108601a3b8fbb841d3353e,10,10,1,0,false,0,0,0,0,0,0,0,0,0,false,false,0,0,0,13002063,13002063
0x037e581c062eC961D043e20DBe969864F69C67A6,10,10,1,0,false,0,0,0,0,0,0,0,0,0,false,false,0,0,0,13002076,13002076
0x982230ce5A0C4D398b2Ccf95f8f46336820765F8,10,10,1,0,false,0,0,0,0,0,0,0,0,0,false,false,0,0,0,13002088,13002088
0x854c461BA1AA95Bcb3Ac11d8E902EE89983c6E21,10,10,1,0,false,0,0,0,0,0,0,0,0,0,false,false,0,0,0,13002101,13002101
0x0d9350b325fFDDba88f3fcc0C0ABb4100ed3729f,10,10,1,0,false,0,0,0,0,0,0,0,0,0,false,false,0,0,0,13002114,13002114
0xf684fe7a68c23F4E8f51772879b6983d8F3c69e8,10,10,1,0,false,0,0,0,0,0,0,0,0,0,false,false,0,0,0,13002126,13002126
0x6347128A7C566BDce61fbEF399Efe7ABFFcd4aD7,10,10,1,0,false,0,0,0,0,0,0,0,0,0,false,false,0,0,0,13002139,13002139
0x4a83E1f39Fa780548F52339051Ed7Bdeca860dbb,10,10,1,0,false,0,0,0,0,0,0,0,0,0,false,false,0,0,0,13002152,13002152
0x92D9edE3FE1ebe9bE34b0e867805050303BDBAEf,10,10,1,0,false,0,0,0,0,0,0,0,0,0,false,false,0,0,0,13002164,13002164
0x393f95045590B1aAE9639629e237dc1F50AA31c6,10,10,1,0,false,0,0,0,0,0,0,0,0,0,false,false,0,0,0,13002177,13002177
0x8B1783f14511a7DDcf81F8BDFcE32AFE706afC93,10,10,1,0,false,0,0,0,0,0,0,0,0,0,false,false,0,0,0,13002190,13002190
0xdd415e93747EF70AFF72dFCD3bc9AFf012268457,10,10,1,0,false,0,0,0,0,0,0,0,0,0,false,false,0,0,0,13002202,13002202
0xc279d4232Db604b997003B29e585915b994d8677,10,10,1,0,false,0,0,0,0,0,0,0,0,0,false,false,0,0,0,13002215,13002215
0xd93D167E181115A42CB9E911F3cAa17e6872a604,10,10,1,0,false,0,0,0,0,0,0,0,0,0,false,false,0,0,0,13002228,13002228
0xFBda4b14E607885a2f969a7A62D0f59B3625a434,10,10,1,0,false,0,0,0,0,0,0,0,0,0,false,false,0,0,0,13002240,13002240
0x0066152567225eA1F4D7FB81238E9b4e8460B132,10,10,1,0,false,0,0,0,0,0,0,0,0,0,false,false,0,0,0,13002253,13002253
0x28f0742b101a9DE47D8e4Fc3dd78C9746c436BA0,10,10,1,0,false,0,0,0,0,0,0,0,0,0,false,false,0,0,0,13002266,13002266
0xE031b7ecF95238F864E385674c7DA555D2Bc2c05,10,10,1,0,false,0,0,0,0,0,0,0,0,0,false,false,0,0,0,13002278,13002278
0xB6B3102A51818D4d5EfCe6fA8A2AFC06d69b7885,10,10,1,0,false,0,0,0,0,0,0,0,0,0,false,false,0,0,0,13002291,13002291
0x536F6E6Bcbab397CF71212Bbd2f09b8a5E0d3A1c,10,10,1,0,false,0,0,0,0,0,0,0,0,0,false,false,0,0,0,13002303,13002303
0x181A1758a92Da328606249984Cd40fe9639d604a,10,10,1,0,false,0,0,0,0,0,0,0,0,0,false,false,0,0,0,13002316,13002316
0x6ccD135046241C9BA877D8056632D3E411333460,10,10,1,0,false,0,0,0,0,0,0,0,0,0,false,false,0,0,0,13002329,13002329
0xA7216eE8560728440800C2F78C414B2f19EF5D70,10,10,1,0,false,0,0,0,0,0,0,0,0,0,false,false,0,0,0,13002341,13002341
0xfED4a4015A16683C8c862048A2fB74D5e480411F,10,10,1,0,false,0,0,0,0,0,0,0,0,0,false,false,0,0,0,13002354,13002354
0x13c7a67ba40edb2F395C260BA4C66D7C73625Ce2,10,10,1,0,false,0,0,0,0,0,0,0,0,0,false,false,0,0,0,13002367,13002367
0xF7D33e5102ADD7836070c43c24ffa9B3E3Eb0789,10,10,1,0,false,0,0,0,0,0,0,0,0,0,false,false,0,0,0,13002380,13002380
0x4923892AF4d7a124E6eb6ce280f45cBf3a514d73,10,10,1,0,false,0,0,0,0,0,0,0,0,0,false,false,0,0,0,13002393,13002393
0x16D72589ecDf07B253aF5D7b5efe5E9Dd84030Bb,10,10,1,0,false,0,0,0,0,0,0,0,0,0,false,false,0,0,0,13002406,13002406
0x685c87d813A6E8CFad172b7cD6C5e2766AFcC08a,10,10,1,0,false,0,0,0,0,0,0,0,0,0,false,false,0,0,0,13002419,13002419
0x4DbF9a3793b2ab0db5E015C61bB03eFF2090C6e1,10,10,1,0,false,0,0,0,0,0,0,0,0,0,false,false,0,0,0,13002432,13002432
0xB1c1971bC29Ef31295C1daEAc771DCA50117cAFE,10,10,1,0,false,0,0,0,0,0,0,0,0,0,false,false,0,0,0,13002445,13002445
0x03c6A1Bdb6753953eD1ccf5d5B0d52087E5b156f,10,10,1,0,false,0,0,0,0,0,0,0,0,0,false,false,0,0,0,13002458,13002458
0xbC2917626E00300A96777F71A601Cb5c476262EB,10,10,1,0,false,0,0,0,0,0,0,0,0,0,false,false,0,0,0,13002468,13002468
0x3403cE5cFCB1684B81CEe413fE384a66CC0BdC90,10,10,1,0,false,0,0,0,0,0,0,0,0,0,false,false,0,0,0,13002481,13002481
0x217d5407291745cd63B97E057E4a26047Df858f3,10,10,1,0,false,0,0,0,0,0,0,0,0,0,false,false,0,0,0,13002494,13002494
0xB6a30Fd5ed09DadD85FF5d6c0c704273053F6bC3,10,10,1,0,false,0,0,0,0,0,0,0,0,0,false,false,0,0,0,13002506,13002506
0xe0C2e90c3a6F61C5a4f2e468Cad89d5F347E5FBE,10,10,1,0,false,0,0,0,0,0,0,0,0,0,false,false,0,0,0,13002519,13002519
0x323c515c4bE2f7d51ab1C4394071E25764Be8C68,10,10,1,0,false,0,0,0,0,0,0,0,0,0,false,false,0,0,0,13002532,13002532
0x18A3Be36C8bC34001195f56c264F219FF8B93397,10,10,1,0,false,0,0,0,0,0,0,0,0,0,false,false,0,0,0,13002545,13002545
0x0DC37cC64F89Fe9570e8c79FF094b2b1a67AbD2B,10,10,1,0,false,0,0,0,0,0,0,0,0,0,false,false,0,0,0,13002557,13002557
0x593cEE7556F81C9b5426148Ef6E8d7f0a53F1257,10,10,1,0,false,0,0,0,0,0,0,0,0,0,false,false,0,0,0,13002570,13002570
0xa9A13B84eE026B8A54ECcC19eE57D256112Ec2C6,10,10,1,0,false,0,0,0,0,0,0,0,0,0,false,false,0,0,0,13002583,13002583
0x38cAf735641C49b99ce7D7Dd00bf7c42aea91473,10,10,1,0,false,0,0,0,0,0,0,0,0,0,false,false,0,0,0,13002595,13002595
0xBDc08Bbec6B4F455cd2a94e000B0F205B7149444,10,10,1,0,false,0,0,0,0,0,0,0,0,0,false,false,0,0,0,13002608,13002608
0x75C4A8fF28393B1ca18E265BF32FAB1F330ac794,10,10,1,0,false,0,0,0,0,0,0,0,0,0,false,false,0,0,0,13002621,13002621
0x33c49c3f627918c5a69ef0707b529E00439a65dd,10,10,1,0,false,0,0,0,0,0,0,0,0,0,false,false,0,0,0,13002633,13002633
0x855986EFE38b8d29cE8F23FAE3e0526efb74ca03,10,10,1,0,false,0,0,0,0,0,0,0,0,0,false,false,0,0,0,13002647,13002647
0x4eA2CacB4041eaDe555052E4459aD196211ad922,10,10,1,0,false,0,0,0,0,0,0,0,0,0,false,false,0,0,0,13002659,13002659
0xe18Dc8dD750Fb9F80BE481a6778283d71B058852,10,10,1,0,false,0,0,0,0,0,0,0,0,0,false,false,0,0,0,13002672,13002672
0x18363AAB902ffa6387e7e8601420A1E8D393b825,10,10,1,0,false,0,0,0,0,0,0,0,0,0,false,false,0,0,0,13002685,13002685
0x83770dBb2c517C9130aF2E6172C20888cc8507aE,10,10,1,0,false,0,0,0,0,0,0,0,0,0,false,false,0,0,0,13002698,13002698
0x6C3C39FF0f356a8999bD7f54B84ce0c157e6AD2E,10,10,1,0,false,0,0,0,0,0,0,0,0,0,false,false,0,0,0,13002710,13002710
0xdBccbf58A5bd585f392B3D44e7eAE0F166f57D56,10,10,1,0,false,0,0,0,0,0,0,0,0,0,false,false,0,0,0,13002723,13002723
0x2fA21dE676E9E9F6d9882F20bFF6Ad16076B21D6,10,10,1,0,false,0,0,0,0,0,0,0,0,0,false,false,0,0,0,13002736,13002736
0x36b21De91920AF801bB01F2E05014FB9bCc8eD6F,10,10,1,0,false,0,0,0,0,0,0,0,0,0,false,false,0,0,0,13002749,13002749
0x54fb3AE3eea15Ff1d6a0963716c9Ba8e4bFF8401,10,10,1,0,false,0,0,0,0,0,0,0,0,0,false,false,0,0,0,13002761,13002761
0x63b20B77dcC79EDccEb187F9EBD1D1Bd3C11fc3D,10,10,1,0,false,0,0,0,0,0,0,0,0,0,false,false,0,0,0,13002774,13002774
0xeE5De9939059B530D3825F90A16Ad5a5ead4A741,10,10,1,0,false,0,0,0,0,0,0,0,0,0,false,false,0,0,0,13002787,13002787
0xbeF3313669aF6A6f93089AE254D1F3f4Ffbd845B,10,10,1,0,false,0,0,0,0,0,0,0,0,0,false,false,0,0,0,13002799,13002799
0x93089E22B14bD5b0af0e12e9921c53220d6B439D,10,10,1,0,false,0,0,0,0,0,0,0,0,0,false,false,0,0,0,13002812,13002812
0xd4997B903938FEe88731E77B746E67bb65FE9fE4,10,10,1,0,false,0,0,0,0,0,0,0,0,0,false,false,0,0,0,13002825,13002825
0xB9BFA4a99429D56c8Fab4e2b619122123A20de87,10,10,1,0,false,0,0,0,0,0,0,0,0,0,false,false,0,0,0,13002838,13002838
0x46d88Cb21539AB49044fC9eEE404984C659394f7,10,10,1,0,false,0,0,0,0,0,0,0,0,0,false,false,0,0,0,13002851,13002851
0xEB7D4199030080EE69299a437FD631Dc39475D2e,10,10,1,0,false,0,0,0,0,0,0,0,0,0,false,false,0,0,0,13002863,13002863
0xfb40AcB35471E7218e66Ec78F414a1440DCe0f12,10,10,1,0,false,0,0,0,0,0,0,0,0,0,false,false,0,0,0,13002876,13002876
0xE4dFB55dA884923B5fc0aeD7f64F6a14dEf27C44,10,10,1,0,false,0,0,0,0,0,0,0,0,0,false,false,0,0,0,13002888,13002888
0xC033E73C4eE13fA8422Dc0dfb8062aB1F595AA02,10,10,1,0,false,0,0,0,0,0,0,0,0,0,false,false,0,0,0,13002901,13002901
0x802667F09d6dE533390b9a9Bc5e6623Fe526bEde,10,10,1,0,false,0,0,0,0,0,0,0,0,0,false,false,0,0,0,13002914,13002914
0x0f4ed029797cC7c89E0f2A33CCB054362A564762,10,10,1,0,false,0,0,0,0,0,0,0,0,0,false,false,0,0,0,13002926,13002926
0xC8dfa58d79cF90c1712aC068A560977e502b9921,10,10,1,0,false,0,0,0,0,0,0,0,0,0,false,false,0,0,0,13002939,13002939
0x0D6f27636574abFcd3D4434deEe964eEf0DFdBE1,10,10,1,0,false,0,0,0,0,0,0,0,0,0,false,false,0,0,0,13002952,13002952
0xC0A9632E16995A52D795a51D0246eb420149a1c0,10,10,1,0,false,0,0,0,0,0,0,0,0,0,false,false,0,0,0,13002965,13002965
0x1C7E58e664b963A09083146E01150c5438395220,10,10,1,0,false,0,0,0,0,0,0,0,0,0,false,false,0,0,0,13002978,13002978
0xBe0DD578600cCa43181aBA43F9876817F5883E71,10,10,1,0,false,0,0,0,0,0,0,0,0,0,false,false,0,0,0,13002991,13002991
0x49032f6fF54cC5eEF3595E83c5602b5656Fa1982,10,10,1,0,false,0,0,0,0,0,0,0,0,0,false,false,0,0,0,13003004,13003004
0xea5E3bFf74D8D9d1a8CC9fb686A59288FFeFBD15,10,10,1,0,false,0,0,0,0,0,0,0,0,0,false,false,0,0,0,13003017,13003017
0x8a608cD10a2B860B6bBE2502Afd2e2ffFE2F9b5f,10,10,1,0,false,0,0,0,0,0,0,0,0,0,false,false,0,0,0,13003027,13003027
0x4d6aBB7C1531171126F4B08C61AA52904E02269C,10,10,1,0,false,0,0,0,0,0,0,0,0,0,false,false,0,0,0,13003040,13003040
0x040074a082C5c36B14c04260eba2D67109864433,10,10,1,0,false,0,0,0,0,0,0,0,0,0,false,false,0,0,0,13003053,13003053
0x59C9F3Bc570A867a8430909EcE39B9Fc215Cb979,10,10,1,0,false,0,0,0,0,0,0,0,0,0,false,false,0,0,0,13003065,13003065
0x14EfcA67ED15d631ee4D095512709cD1d2aE87a2,10,10,1,0,false,0,0,0,0,0,0,0,0,0,false,false,0,0,0,13003078,13003078
0x34d32DEf4Ae5987AD9325DA1634d805a6c734f7E,10,10,1,0,false,0,0,0,0,0,0,0,0,0,false,false,0,0,0,13003091,13003091
0xda22846fd3874537C3699E4202dFd3663EeeEBf0,10,10,1,0,false,0,0,0,0,0,0,0,0,0,false,false,0,0,0,13003103,13003103
0x1606668989df5a8BA9165E13A5c3248AE6938A13,10,10,1,0,false,0,0,0,0,0,0,0,0,0,false,false,0,0,0,13003116,13003116
0x2b7F75AA9ebcc5D68428AD19FeDb82A1007aC683,10,10,1,0,false,0,0,0,0,0,0,0,0,0,false,false,0,0,0,13003129,13003129
0x916bd95734d266E45B3d22F7f21993b6fC0e92cB,10,10,1,0,false,0,0,0,0,0,0,0,0,0,false,false,0,0,0,13003141,13003141
0x43dF4d4F943aa98E5b7ed78a2ADf9DAdA1E05f70,10,10,1,0,false,0,0,0,0,0,0,0,0,0,false,false,0,0,0,13003154,13003154
0x933b64a04F7ACFa78b5193D7A02aD09ecAedB153,10,10,1,0,false,0,0,0,0,0,0,0,0,0,false,false,0,0,0,13003167,13003167
0x21BDAA3bF9A5085307971310565757601342AD30,10,10,1,0,false,0,0,0,0,0,0,0,0,0,false,false,0,0,0,13003179,13003179
0x3004d83342ca8E345B073D2e4236ff3AC6f3f00D,10,10,1,0,false,0,0,0,0,0,0,0,0,0,false,false,0,0,0,13003192,13003192
0x4Da986e2a2Dd0a9699bcE150abA98F4D63dd9983,10,10,1,0,false,0,0,0,0,0,0,0,0,0,false,false,0,0,0,13003204,13003204
0x3fA064791Ff2746d866bE2d0400B0a6FE7529568,10,10,1,0,false,0,0,0,0,0,0,0,0,0,false,false,0,0,0,13003217,13003217
0xF5cAD88FD4622889fa9211F2513143916B120C22,10,10,1,0,false,0,0,0,0,0,0,0,0,0,false,false,0,0,0,13003230,13003230
0xFFa9aC95A76cD55be2893965A1E471b9Cfdc7284,10,10,1,0,false,0,0,0,0,0,0,0,0,0,false,false,0,0,0,13003242,13003242
0x133A70e370235E5938790F401030998CDfD7ab54,10,10,1,0,false,0,0,0,0,0,0,0,0,0,false,false,0,0,0,13003255,13003255
0xAD2c20928B136f2C413E220A453C4530399478C4,10,10,1,0,false,0,0,0,0,0,0,0,0,0,false,false,0,0,0,13003267,13003267
0xcA8D16dD868E82826D89487F36F05133b11f1dAe,10,10,1,0,false,0,0,0,0,0,0,0,0,0,false,false,0,0,0,13003280,13003280
0xc3831625e5d99776DCc4E8690D2d61E8DcB0E92F,10,10,1,0,false,0,0,0,0,0,0,0,0,0,false,false,0,0,0,13003293,13003293
0x76405Bb254AA544a535095aAc8A09aD3BaB009e5,10,10,1,0,false,0,0,0,0,0,0,0,0,0,false,false,0,0,0,13003306,13003306
0xB8613F2Fd52dd7Dc0ecE16faFc2B947e11bffcAe,10,10,1,0,false,0,0,0,0,0,0,0,0,0,false,false,0,0,0,13003318,13003318
0xca28e6Bc4A4F742F476f5B60f9d71190922b77B5,10,10,1,0,false,0,0,0,0,0,0,0,0,0,false,false,0,0,0,13003331,13003331
0xE9061b69E72eFd36eFac794f0D4dB3e17327AAE8,10,10,1,0,false,0,0,0,0,0,0,0,0,0,false,false,0,0,0,13003343,13003343
0x837442D2632F4fbd124797fea4890F85125B6dcB,10,10,1,0,false,0,0,0,0,0,0,0,0,0,false,false,0,0,0,13003356,13003356
0x54A62505cB3b64523D434aeC358f7B43ed2DB8E1,10,10,1,0,false,0,0,0,0,0,0,0,0,0,false,false,0,0,0,13003369,13003369
0x9797B1b31afd90C89a0aA8d6FB06618826D24bD8,10,10,1,0,false,0,0,0,0,0,0,0,0,0,false,false,0,0,0,13003382,13003382
0xfD59A3B2A831338CB0B0a0a68C8E2A35363e0404,10,10,1,0,false,0,0,0,0,0,0,0,0,0,false,false,0,0,0,13003394,13003394
0x33bEca0b35199FEa4aF3BAA4B89Fb302E246E42A,10,10,1,0,false,0,0,0,0,0,0,0,0,0,false,false,0,0,0,13003407,13003407
0x90FdB32634b49dA959e48d9D1079BEf8D0df9BDE,10,10,1,0,false,0,0,0,0,0,0,0,0,0,false,false,0,0,0,13003420,13003420
0x877de819a752C59d07043cd144803C58A4f65caa,10,10,1,0,false,0,0,0,0,0,0,0,0,0,false,false,0,0,0,13003433,13003433
0x05d571573655c003e56E95Def38becbdA833d223,10,10,1,0,false,0,0,0,0,0,0,0,0,0,false,false,0,0,0,13003446,13003446
0x039a451970Cc64F021a20aC54908A6D6a2c868BA,10,10,1,0,false,0,0,0,0,0,0,0,0,0,false,false,0,0,0,13003459,13003459
0x24361d9412842BA1A230E19301E82a3026926E3D,10,10,1,0,false,0,0,0,0,0,0,0,0,0,false,false,0,0,0,13003472,13003472
0xEF088076c14Db5fbbcf188973FfeBf2B9F7E65F9,10,10,1,0,false,0,0,0,0,0,0,0,0,0,false,false,0,0,0,13003485,13003485
0xc5c014b126854E7Bc1d1b012229EEF6BbcE82358,10,10,1,0,false,0,0,0,0,0,0,0,0,0,false,false,0,0,0,13003495,13003495
0x24907Ca053F704cB26aA8bcD5B1E5ACcd7b227aA,10,10,1,0,false,0,0,0,0,0,0,0,0,0,false,false,0,0,0,13003508,13003508
0x9b1E694CC6b054c3c113599fadC6bc0C40E3EcF5,10,10,1,0,false,0,0,0,0,0,0,0,0,0,false,false,0,0,0,13003521,13003521
0x870f7b3B82153797cc1798d348C7b617DB270A7D,10,10,1,0,false,0,0,0,0,0,0,0,0,0,false,false,0,0,0,13003533,13003533
0xE0AE0b33A66cb969dd134e482932ef886E677B51,10,10,1,0,false,0,0,0,0,0,0,0,0,0,false,false,0,0,0,13003546,13003546
0x06cE84f051Ce93c2FE99344BC8c9D2bf92E64409,10,10,1,0,false,0,0,0,0,0,0,0,0,0,false,false,0,0,0,13003559,13003559
0x1e3962b4021665B2dEd6D46ebAB42D8643401807,10,10,1,0,false,0,0,0,0,0,0,0,0,0,false,false,0,0,0,13003571,13003571
0x6937D6E7E408687046F92AFDA1b0aAfD0641a94E,10,10,1,0,false,0,0,0,0,0,0,0,0,0,false,false,0,0,0,13003584,13003584
0x1A87b1b7747c4C0081914b2871E049c7E17Bc32D,10,10,1,0,false,0,0,0,0,0,0,0,0,0,false,false,0,0,0,13003597,13003597
0x03C531f55E1212Afa037627CE848a175Ced5E191,10,10,1,0,false,0,0,0,0,0,0,0,0,0,false,false,0,0,0,13003609,13003609
0xAB3ddB2ba94b159A00D655540cCb0c90dF169431,10,10,1,0,false,0,0,0,0,0,0,0,0,0,false,false,0,0,0,13003622,13003622
0xfB13CE40035fD0C38F2c767f16136F03518f00c1,10,10,1,0,false,0,0,0,0,0,0,0,0,0,false,false,0,0,0,13003635,13003635
0x9a1f658996eeaC5cfe1C966bf322B277a5B0ad8D,10,10,1,0,false,0,0,0,0,0,0,0,0,0,false,false,0,0,0,13003647,13003647
0x666890C45CDD2E0B45Efa13A00ca936fcc603bDa,10,10,1,0,false,0,0,0,0,0,0,0,0,0,false,false,0,0,0,13003660,13003660
0x0881E8Cc5FC8681C81b595284D1659Df3A39350b,10,10,1,0,false,0,0,0,0,0,0,0,0,0,false,false,0,0,0,13003673,13003673
0x958b20f8E629899b4294b5D14106cB79Da0a115b,10,10,1,0,false,0,0,0,0,0,0,0,0,0,false,false,0,0,0,13003686,13003686
0x0C63E47b1EcC48483A2c1A35B8263acdE68F7636,10,10,1,0,false,0,0,0,0,0,0,0,0,0,false,false,0,0,0,13003699,13003699
0x2203ea30338dEC08CFE09f8c07810138DE235649,10,10,1,0,false,0,0,0,0,0,0,0,0,0,false,false,0,0,0,13003712,13003712
0xeFa70631DeA54db6DA70bD70ABbEF16993bd748D,10,10,1,0,false,0,0,0,0,0,0,0,0,0,false,false,0,0,0,13003724,13003724
0xa085C9ECeadB452bBF34d06a71B8bc26BC160090,10,10,1,0,false,0,0,0,0,0,0,0,0,0,false,false,0,0,0,13003737,13003737
0x1dDA754a41352C9AE7d6F882aBf285AFBE07419C,10,10,1,0,false,0,0,0,0,0,0,0,0,0,false,false,0,0,0,13003749,13003749
0x66E4B2b8e8838e766b86f629fD4aE447Af32D459,10,10,1,0,false,0,0,0,0,0,0,0,0,0,false,false,0,0,0,13003762,13003762
0xB11071dfA8072dC152E5DAa088Eb322430921818,10,10,1,0,false,0,0,0,0,0,0,0,0,0,false,false,0,0,0,13003775,13003775
0xf4A27741ba701401d83a2394d1Ad5aA55D7A4a09,10,10,1,0,false,0,0,0,0,0,0,0,0,0,false,false,0,0,0,13003787,13003787
0x3Edb2FbDb64947B38eaCD0DE5eaCb4628D4aA0aA,10,10,1,0,false,0,0,0,0,0,0,0,0,0,false,false,0,0,0,13003800,13003800
0x64a57605Df68FAE70C0da4b2322179E78f4EF619,10,10,1,0,false,0,0,0,0,0,0,0,0,0,false,false,0,0,0,13003812,13003812
0x23026EE675787B9889F3F12ca994Acf96323c7E6,10,10,1,0,false,0,0,0,0,0,0,0,0,0,false,false,0,0,0,13003825,13003825
0x1aF5a3c0Bd927E2EC0456af7Ffe567731C5Fc772,10,10,1,0,false,0,0,0,0,0,0,0,0,0,false,false,0,0,0,13003838,13003838
0x4A19B4E43d6102c288aA2327fc3335DBF25Ea94f,10,10,1,0,false,0,0,0,0,0,0,0,0,0,false,false,0,0,0,13003851,13003851
0xD9cD57F73e96549013ee34568B1940711d01C1B5,10,10,1,0,false,0,0,0,0,0,0,0,0,0,false,false,0,0,0,13003863,13003863
0xdC33043D8125075dF49a0EC87f74D1ce9dEe4Ac0,10,10,1,0,false,0,0,0,0,0,0,0,0,0,false,false,0,0,0,13003875,13003875
0x081eA66e324b0C295021e39e82B1A3aE9cF3ee39,10,10,1,0,false,0,0,0,0,0,0,0,0,0,false,false,0,0,0,13003888,13003888
0x80a85C93AbBEeA05B81016A0eA1019EFf0526269,10,10,1,0,false,0,0,0,0,0,0,0,0,0,false,false,0,0,0,13003901,13003901
0xc14AFbE3afC2465376064B9A9Cb80088C593C39F,10,10,1,0,false,0,0,0,0,0,0,0,0,0,false,false,0,0,0,13003914,13003914
0x7cf5DD499bbA0fD835D85fE3Bb378c87b6599E0c,10,10,1,0,false,0,0,0,0,0,0,0,0,0,false,false,0,0,0,13003927,13003927
0x4Fe8957a63a116248840B7C79d8Fa307cAaED68d,10,10,1,0,false,0,0,0,0,0,0,0,0,0,false,false,0,0,0,13003940,13003940
0xaF4De3De98c2E1aCd571b73F6a8a5154b2bBd35f,10,10,1,0,false,0,0,0,0,0,0,0,0,0,false,false,0,0,0,13003953,13003953
0x7aDC5bE7313047C5e358Be3d88f8D97709701da5,10,10,1,0,false,0,0,0,0,0,0,0,0,0,false,false,0,0,0,13003966,13003966
0x859beE6a3C21CF43dd4e05120c1443eE361502B3,10,10,1,0,false,0,0,0,0,0,0,0,0,0,false,false,0,0,0,13003979,13003979
0x6efD672e08ABB7be7E9C5a3ce2C04bA247bdCe3b,10,10,1,0,false,0,0,0,0,0,0,0,0,0,false,false,0,0,0,13003992,13003992
0x2A29a98ab00f406eD1dac433Ffc1385A793E74D4,10,10,1,0,false,0,0,0,0,0,0,0,0,0,false,false,0,0,0,13004002,13004002
0x609791d42035288a20A14daf25C28E47fA1228CD,10,10,1,0,false,0,0,0,0,0,0,0,0,0,false,false,0,0,0,13004015,13004015
0x77936DCbAbdF4D1e0F3b497c6cD000C119f20e48,10,10,1,0,false,0,0,0,0,0,0,0,0,0,false,false,0,0,0,13004028,13004028
0x401bde7A2FfF51215792937425ED58e6b0c40eEF,10,10,1,0,false,0,0,0,0,0,0,0,0,0,false,false,0,0,0,13004041,13004041
0x6aC513164d364eAeF2D2aBA2bEaf8fD76db6bcF8,10,10,1,0,false,0,0,0,0,0,0,0,0,0,false,false,0,0,0,13004054,13004054
0x7dfF277b474edCFC7AfB62eF54d172201f93D6de,10,10,1,0,false,0,0,0,0,0,0,0,0,0,false,false,0,0,0,13004066,13004066
0x6b2eafE115c72cAc34EB04170E327c912272624e,10,10,1,0,false,0,0,0,0,0,0,0,0,0,false,false,0,0,0,13004079,13004079
0x8979470363D8581f7Eb1A9f641d0989c3762aFf6,10,10,1,0,false,0,0,0,0,0,0,0,0,0,false,false,0,0,0,13004092,13004092
0x353Edb0576aDB2C0843BE65C09aF1e1F18Aadb5e,10,10,1,0,false,0,0,0,0,0,0,0,0,0,false,false,0,0,0,13004105,13004105
0x99645a9761da8586E134AF9827cd06Ce78E25bE3,10,10,1,0,false,0,0,0,0,0,0,0,0,0,false,false,0,0,0,13004117,13004117
0x0983F27c55FC26D8fDd505e50564c970a09A7DED,10,10,1,0,false,0,0,0,0,0,0,0,0,0,false,false,0,0,0,13004130,13004130
0xA232E4220e9a0F2Df7A8BCAd6c1780Dc8471Efe3,10,10,1,0,false,0,0,0,0,0,0,0,0,0,false,false,0,0,0,13004143,13004143
0x192206f023dC8603a2fc1Be28bC31301E80e738a,10,10,1,0,false,0,0,0,0,0,0,0,0,0,false,false,0,0,0,13004156,13004156
0xaAD314C686b80ea255c6881CD017B39e3c09D57a,10,10,1,0,false,0,0,0,0,0,0,0,0,0,false,false,0,0,0,13004168,13004168
0xAF5D978E42db2c1fAD050f4a7825C7aaeDBD9D3f,10,10,1,0,false,0,0,0,0,0,0,0,0,0,false,false,0,0,0,13004181,13004181
0x050C99270bFA569882BFC57e701041490a07c00a,10,10,1,0,false,0,0,0,0,0,0,0,0,0,false,false,0,0,0,13004194,13004194
0x4f9132ad37c88c78B7Ee442573601B70D9aC0B83,10,10,1,0,false,0,0,0,0,0,0,0,0,0,false,false,0,0,0,13004206,13004206
0x0B2b81c409B129D7E15d704Bb60eAB4D84B0d0d2,10,10,1,0,false,0,0,0,0,0,0,0,0,0,false,false,0,0,0,13004219,13004219
0x66Add792F908DfBe52C6EB2673227DF7bb345dE3,10,10,1,0,false,0,0,0,0,0,0,0,0,0,false,false,0,0,0,13004231,13004231
0x7BCa2e69397f16a36D9979360d94496931dB7839,10,10,1,0,false,0,0,0,0,0,0,0,0,0,false,false,0,0,0,13004244,13004244
0x463CC337CA454B321A0324198265E65FbBAE2Dd2,10,10,1,0,false,0,0,0,0,0,0,0,0,0,false,false,0,0,0,13004257,13004257
0x0D35D1D621B54DB1Cd575527b2a432c8f93F7f90,10,10,1,0,false,0,0,0,0,0,0,0,0,0,false,false,0,0,0,13004270,13004270
0x93A4e4DA753053E1342A71C1b2e571442847FBc5,10,10,1,0,false,0,0,0,0,0,0,0,0,0,false,false,0,0,0,13004282,13004282
0x9BAb40763E5edbA4Ea4b28020cCc8D01Ad4Ff35B,10,10,1,0,false,0,0,0,0,0,0,0,0,0,false,false,0,0,0,13004295,13004295
0xE29B82d9D54f8b95dB4b7Dd4Ce7Ab7bcAD1A162E,10,10,1,0,false,0,0,0,0,0,0,0,0,0,false,false,0,0,0,13004307,13004307
0xdBD2427D2c9786d39e6d7b369a0B5142F5375827,10,10,1,0,false,0,0,0,0,0,0,0,0,0,false,false,0,0,0,13004320,13004320
0x6b0427FFfb826aB00fefb0e1c11CF1BC2FB20196,10,10,1,0,false,0,0,0,0,0,0,0,0,0,false,false,0,0,0,13004333,13004333
0xAd22f8DE768c8363e6dC95C804381A4E08F3BCf4,10,10,1,0,false,0,0,0,0,0,0,0,0,0,false,false,0,0,0,13004345,13004345
0xf4d706532C57945561c427A7d9714006A7d83091,10,10,1,0,false,0,0,0,0,0,0,0,0,0,false,false,0,0,0,13004358,13004358
0x05Ce25Aa8083abed112152E30434Af01f887ED8A,10,10,1,0,false,0,0,0,0,0,0,0,0,0,false,false,0,0,0,13004371,13004371
0xb90501f22e478B9Bd9F3f8A2119B91fD4D53d0B5,10,10,1,0,false,0,0,0,0,0,0,0,0,0,false,false,0,0,0,13004383,13004383
0x1B22B0b8D24785Ecc27718570C4DC74B193f4724,10,10,1,0,false,0,0,0,0,0,0,0,0,0,false,false,0,0,0,13004396,13004396
0x519dB92F9dB437A75a6Cc1733e451AE0bd39B0AC,10,10,1,0,false,0,0,0,0,0,0,0,0,0,false,false,0,0,0,13004408,13004408
0x4338da1b53bb15083A0B134b89Ff2EeE987bEe16,10,10,1,0,false,0,0,0,0,0,0,0,0,0,false,false,0,0,0,13004421,13004421
0x8fDa31A8BE34d1A456F04D01Ee5cE41642C065e3,10,10,1,0,false,0,0,0,0,0,0,0,0,0,false,false,0,0,0,13004434,13004434
0xf27E511bCF15e95C5810e30CE18d0afA3dB53154,10,10,1,0,false,0,0,0,0,0,0,0,0,0,false,false,0,0,0,13004447,13004447
0xe114d6055E48AF6F0ad9214064d5FA046218d2eA,10,10,1,0,false,0,0,0,0,0,0,0,0,0,false,false,0,0,0,13004460,13004460
0xf9A97c2f06f56f7aA46961A289BEb1C748Af85a0,10,10,1,0,false,0,0,0,0,0,0,0,0,0,false,false,0,0,0,13004473,13004473
0x30db15df679259d8949226D6FD89D60d9c160B44,10,10,1,0,false,0,0,0,0,0,0,0,0,0,false,false,0,0,0,13004486,13004486
0xB83CafFBAaE89792401E61938e2EaB9627fCbda6,10,10,1,0,false,0,0,0,0,0,0,0,0,0,false,false,0,0,0,13004499,13004499
0xA278D81dfCdf394AC59372A6553b85515FBb64a5,10,10,1,0,false,0,0,0,0,0,0,0,0,0,false,false,0,0,0,13004509,13004509
0xb9A412627663296977A54b065c79f3E891bCF481,10,10,1,0,false,0,0,0,0,0,0,0,0,0,false,false,0,0,0,13004522,13004522
0x63940B7f3a0492b5012F57aD3D0bA04E98342054,10,10,1,0,false,0,0,0,0,0,0,0,0,0,false,false,0,0,0,13004535,13004535
0x7bB403982041a08C07456D54Ff9dfF756af7d250,10,10,1,0,false,0,0,0,0,0,0,0,0,0,false,false,0,0,0,13004548,13004548
0xbD3152B9Aa7C2E0d5daA53634925379C6F09ee5D,10,10,1,0,false,0,0,0,0,0,0,0,0,0,false,false,0,0,0,13004560,13004560
0x7F42F769Ec5cfE93434690712C641c7B5AAc7F05,10,10,1,0,false,0,0,0,0,0,0,0,0,0,false,false,0,0,0,13004573,13004573
0xD5b94FBFe839242eAb4c86bCA119c4B19352969c,10,10,1,0,false,0,0,0,0,0,0,0,0,0,false,false,0,0,0,13004586,13004586
0x52A3c709df2A18D429304833dEe271f15BA774A3,10,10,1,0,false,0,0,0,0,0,0,0,0,0,false,false,0,0,0,13004598,13004598
0x2bBbb5aabAe0b488e59F71926B82cFc8DEc26670,10,10,1,0,false,0,0,0,0,0,0,0,0,0,false,false,0,0,0,13004611,13004611
0xAdE9E969033270656885E7f28b8e8540658826F8,10,10,1,0,false,0,0,0,0,0,0,0,0,0,false,false,0,0,0,13004624,13004624
0xEEC0ADf7995F7eeFbB2fEBd2B3357AdcA31b87DE,10,10,1,0,false,0,0,0,0,0,0,0,0,0,false,false,0,0,0,13004637,13004637
0x8cF3A013a308b85ca8492bdb05aAfab57D083b8A,10,10,1,0,false,0,0,0,0,0,0,0,0,0,false,false,0,0,0,13004649,13004649
0xc1A0A95eeECABEBb15569A602BBBC5fFA69a23Ea,10,10,1,0,false,0,0,0,0,0,0,0,0,0,false,false,0,0,0,13004662,13004662
0xEAF77FC5497c643A99437BB78D20dfeCCD7629FA,10,10,1,0,false,0,0,0,0,0,0,0,0,0,false,false,0,0,0,13004675,13004675
0xf26CA357675434052FD40bA9Ce4B74010f6cDf0C,10,10,1,0,false,0,0,0,0,0,0,0,0,0,false,false,0,0,0,13004688,13004688
0xb8697D8B56ebaF0137cB0f1Cd03a4568566c59d6,10,10,1,0,false,0,0,0,0,0,0,0,0,0,false,false,0,0,0,13004700,13004700
0x960085fA7A4FaEEF868E4fdc77B7b1eAD1e49c46,10,10,1,0,false,0,0,0,0,0,0,0,0,0,false,false,0,0,0,13004714,13004714
0xf5b3f2c641A6c4Ca61c0c728e276E68535E2ED4b,10,10,1,0,false,0,0,0,0,0,0,0,0,0,false,false,0,0,0,13004726,13004726
0xA1257AFF9fDc3d514A2F85393b97C58bC5a37552,10,10,1,0,false,0,0,0,0,0,0,0,0,0,false,false,0,0,0,13004739,13004739
0x1351247B9b016004F4e2Ae9B32cF1499E7Ef8467,10,10,1,0,false,0,0,0,0,0,0,0,0,0,false,false,0,0,0,13004752,13004752
0x2Db5b0e122f7190f972f1693cDb29b7fff5FcdB2,10,10,1,0,false,0,0,0,0,0,0,0,0,0,false,false,0,0,0,13004765,13004765
0xAe6092BaD374eFdE2bC1fc6F8153FBEd6722af52,10,10,1,0,false,0,0,0,0,0,0,0,0,0,false,false,0,0,0,13004777,13004777
0xf35E1D467ED653f541F3FC517FD2001b1B889f5d,10,10,1,0,false,0,0,0,0,0,0,0,0,0,false,false,0,0,0,13004790,13004790
0x7ee4FeaFBC780c97D037399dF6af20e79B6342e6,10,10,1,0,false,0,0,0,0,0,0,0,0,0,false,false,0,0,0,13004802,13004802
0x91DdA4Bb7c0bb6cdDe3B714Bd4F8cc636Bc59A8A,10,10,1,0,false,0,0,0,0,0,0,0,0,0,false,false,0,0,0,13004815,13004815
0x40653601d351bAA146A18c7a04007BE33Ad0c9C5,10,10,1,0,false,0,0,0,0,0,0,0,0,0,false,false,0,0,0,13004827,13004827
0x59ecD1b53BA7D702e65F55B0298751FFCCF71809,10,10,1,0,false,0,0,0,0,0,0,0,0,0,false,false,0,0,0,13004840,13004840
0xb911551f2096e95A9Fc3c2315074F7b59B3495b6,10,10,1,0,false,0,0,0,0,0,0,0,0,0,false,false,0,0,0,13004853,13004853
0x8CaF73ab0b1A35f4473B102Bd89cBEba7ac27F2b,10,10,1,0,false,0,0,0,0,0,0,0,0,0,false,false,0,0,0,13004865,13004865
0x1745A7215Ed98069BaBc559499D38BB8EA4165e9,10,10,1,0,false,0,0,0,0,0,0,0,0,0,false,false,0,0,0,13004878,13004878
0xc1E5eDd7FDC8E497C5f815669924cE3a472D8bf7,10,10,1,0,false,0,0,0,0,0,0,0,0,0,false,false,0,0,0,13004891,13004891
0x7547F96BAec04F56FA129fcCa7194Af3ce829E7C,10,10,1,0,false,0,0,0,0,0,0,0,0,0,false,false,0,0,0,13004903,13004903
0xa876138CD53AD252d8703742D4d9E759636a4366,10,10,1,0,false,0,0,0,0,0,0,0,0,0,false,false,0,0,0,13004916,13004916
0xf7a0AB7af7bae08Fd8B0d03549410FFC498ed4fe,10,10,1,0,false,0,0,0,0,0,0,0,0,0,false,false,0,0,0,13004929,13004929
0xc6Ee3Ccd4cDb1625950aBD86a62afCa56076F10A,10,10,1,0,false,0,0,0,0,0,0,0,0,0,false,false,0,0,0,13004941,13004941
0xe053F697066b56513668C3C7930e5E86c9cd0EB0,10,10,1,0,false,0,0,0,0,0,0,0,0,0,false,false,0,0,0,13004954,13004954
0x0d8Fb3E019c91a64E3c9A17e8224398CcDCA7Fb2,10,10,1,0,false,0,0,0,0,0,0,0,0,0,false,false,0,0,0,13004967,13004967
0x9549Db0FfED6Fa533B1cc25EE79301e73ec1b307,10,10,1,0,false,0,0,0,0,0,0,0,0,0,false,false,0,0,0,13004980,13004980
0xd988dc8E3F4d396343307967Eee34cec4458368B,10,10,1,0,false,0,0,0,0,0,0,0,0,0,false,false,0,0,0,13004993,13004993
0xc01dcAC725F1A67832928D9f223D7994e7fF0BB5,10,10,1,0,false,0,0,0,0,0,0,0,0,0,false,false,0,0,0,13005006,13005006
0xC7c120fbce989cbDc441e4B362a8D2a09b921b5F,10,10,1,0,false,0,0,0,0,0,0,0,0,0,false,false,0,0,0,13005019,13005019
0x66Bb39536a2Edc303f323611Cc55507c25a9b14f,10,10,1,0,false,0,0,0,0,0,0,0,0,0,false,false,0,0,0,13005032,13005032
0xfcF24afAD498b3d9f93293AC9c4e37DF47d31891,10,10,1,0,false,0,0,0,0,0,0,0,0,0,false,false,0,0,0,13005042,13005042
0x774E45e5c57c25441e76ebfD7fF248CE8A9cE4F0,10,10,1,0,false,0,0,0,0,0,0,0,0,0,false,false,0,0,0,13005055,13005055
0x63ecCb570b599F811b61a042598201053DadDe67,10,10,1,0,false,0,0,0,0,0,0,0,0,0,false,false,0,0,0,13005068,13005068
0xe60f0bf7647De816009bE41888b1ACD5BFed8079,10,10,1,0,false,0,0,0,0,0,0,0,0,0,false,false,0,0,0,13005080,13005080
0xebb4dBF076C07829aB2fC76bA884eb4D2Fe1b020,10,10,1,0,false,0,0,0,0,0,0,0,0,0,false,false,0,0,0,13005093,13005093
0x99F2c6ac9CFa15CF3B88056702f1d28101efEAd9,10,10,1,0,false,0,0,0,0,0,0,0,0,0,false,false,0,0,0,13005106,13005106
0x72a62dA30cbD16dC5829B83D9Eb0185F2a1B062E,10,10,1,0,false,0,0,0,0,0,0,0,0,0,false,false,0,0,0,13005119,13005119
0x99178dd655B53Eb501C3Cd8acE5c82dCd7B42b98,10,10,1,0,false,0,0,0,0,0,0,0,0,0,false,false,0,0,0,13005131,13005131
0x239A9c5b6e5760180341CE77AdA4645faBf78D8a,10,10,1,0,false,0,0,0,0,0,0,0,0,0,false,false,0,0,0,13005144,13005144
0x8694650ac7A089CdeD87014AB2677B054AE0aB4d,10,10,1,0,false,0,0,0,0,0,0,0,0,0,false,false,0,0,0,13005157,13005157
0x2C8c73864eA83A320af162c69C38c59F41961D6D,10,10,1,0,false,0,0,0,0,0,0,0,0,0,false,false,0,0,0,13005170,13005170
0x4fb655C9403745266cB4D69Bd3658fdc15B6d56f,10,10,1,0,false,0,0,0,0,0,0,0,0,0,false,false,0,0,0,13005182,13005182
0x4e1cfa8c6e0D4a681cDb362027c61E650D2aaAC0,10,10,1,0,false,0,0,0,0,0,0,0,0,0,false,false,0,0,0,13005195,13005195
0x5c71DE7084278a9e23ced684992b3D603a53d4ce,10,10,1,0,false,0,0,0,0,0,0,0,0,0,false,false,0,0,0,13005208,13005208
0xfEE8F5d56370d804969D5B21C893561d982c49a2,10,10,1,0,false,0,0,0,0,0,0,0,0,0,false,false,0,0,0,13005220,13005220
0x674938cacd84d9c7d4BCFf4F64e1b1D55bf922f0,10,10,1,0,false,0,0,0,0,0,0,0,0,0,false,false,0,0,0,13005233,13005233
0x235Ae84f7789A4cFBaDd6AdC587e47fcf1fcAB02,10,10,1,0,false,0,0,0,0,0,0,0,0,0,false,false,0,0,0,13005246,13005246
0x2b5C8a9300EEE41BB5E682e68635ec16B706de46,10,10,1,0,false,0,0,0,0,0,0,0,0,0,false,false,0,0,0,13005258,13005258
0xF528D5Fad3637F2fB0f819163D0fA2f21d9183cE,10,10,1,0,false,0,0,0,0,0,0,0,0,0,false,false,0,0,0,13005271,13005271
0xd3eF87C65d744f2548122e6867439Ef238e4F97c,10,10,1,0,false,0,0,0,0,0,0,0,0,0,false,false,0,0,0,13005283,13005283
0x8F02cF1BB288A28fc74a1b5d2c03dA44bcad4B2D,10,10,1,0,false,0,0,0,0,0,0,0,0,0,false,false,0,0,0,13005296,13005296
0xA56c61485746248129e1815E7731Ab01A98f901B,10,10,1,0,false,0,0,0,0,0,0,0,0,0,false,false,0,0,0,13005309,13005309
0x1Eb25Cc3F5D6D2dDC8De0473821E8B6211Ba74f6,10,10,1,0,false,0,0,0,0,0,0,0,0,0,false,false,0,0,0,13005322,13005322
0xF2Ed2e53f5afEa6F2E8da23A43de59eB84b5dEdB,10,10,1,0,false,0,0,0,0,0,0,0,0,0,false,false,0,0,0,13005334,13005334
0xa62829226EAD3aeA330B4e0fEF21788d1198c090,10,10,1,0,false,0,0,0,0,0,0,0,0,0,false,false,0,0,0,13005347,13005347
0x620d2dACb588ddc227Be17E08c1272C56661EA36,10,10,1,0,false,0,0,0,0,0,0,0,0,0,false,false,0,0,0,13005360,13005360
0x4993986d76f97f95fd775C1D169ba00d87e3fFCb,10,10,1,0,false,0,0,0,0,0,0,0,0,0,false,false,0,0,0,13005373,13005373
0x37B21Af8A40C34288c2aeF629DF0741cB11553F1,10,10,1,0,false,0,0,0,0,0,0,0,0,0,false,false,0,0,0,13005385,13005385
0x48B4071eB9eE24536EF8cff83Aba062DC7f29e1a,10,10,1,0,false,0,0,0,0,0,0,0,0,0,false,false,0,0,0,13005398,13005398
0x76949D1349f07f05b3dBE9F40Eaf5FB334d60706,10,10,1,0,false,0,0,0,0,0,0,0,0,0,false,false,0,0,0,13005411,13005411
0xeC9ea13Bb09c82F84c0d0088b54b1941f54D74C3,10,10,1,0,false,0,0,0,0,0,0,0,0,0,false,false,0,0,0,13005423,13005423
0xBD03F487671C8F6a0C2188116bd1936538eb98D4,10,10,1,0,false,0,0,0,0,0,0,0,0,0,false,false,0,0,0,13005436,13005436
0x37a06ae92F05CfB3bD41A63aa208c8f384e69603,10,10,1,0,false,0,0,0,0,0,0,0,0,0,false,false,0,0,0,13005449,13005449
0x27C4d3b5fdE7B9a9f3A4A47336B5fC94Ca4FBC8c,10,10,1,0,false,0,0,0,0,0,0,0,0,0,false,false,0,0,0,13005461,13005461
0x69F02b2aba784e7b088dE3eA6Ed420817E5c4c23,10,10,1,0,false,0,0,0,0,0,0,0,0,0,false,false,0,0,0,13005474,13005474
0x135CBB15335306593BB1f935c4cc4f2fcecE61D0,10,10,1,0,false,0,0,0,0,0,0,0,0,0,false,false,0,0,0,13005487,13005487
0x8B9f0F3Ef86D37063B547E395ab7B53522f782d2,10,10,1,0,false,0,0,0,0,0,0,0,0,0,false,false,0,0,0,13005500,13005500
0x471cC7ba9Cd5d154001901895Cc8E9a8E87EB481,10,10,1,0,false,0,0,0,0,0,0,0,0,0,false,false,0,0,0,13005513,13005513
0x46fBFA7c5fB5642Ade94F51507678F38363fbBA2,10,10,1,0,false,0,0,0,0,0,0,0,0,0,false,false,0,0,0,13005526,13005526
0x8A99217E9Eaa3d53979c11bA1FC24E658B15a868,10,10,1,0,false,0,0,0,0,0,0,0,0,0,false,false,0,0,0,13005539,13005539
0x421AD6744230eE5d47fc4Ab6B161cEc772e6Bbaa,10,10,1,0,false,0,0,0,0,0,0,0,0,0,false,false,0,0,0,13005552,13005552
0x0BB0Af9604e4C48da73Fe6A08EfdeF5b13BC0fA0,10,10,1,0,false,0,0,0,0,0,0,0,0,0,false,false,0,0,0,13005565,13005565
0x5e93C7C9b8Fd093D03e3a0a2AAc982ba60A667c1,10,10,1,0,false,0,0,0,0,0,0,0,0,0,false,false,0,0,0,13005575,13005575
0xacf59E107a38AC45443F1Ff4a7baDB90d1110ff9,10,10,1,0,false,0,0,0,0,0,0,0,0,0,false,false,0,0,0,13005588,13005588
0xF767aEdDaD2a7Ee32efB3D3D2febb525482F8417,10,10,1,0,false,0,0,0,0,0,0,0,0,0,false,false,0,0,0,13005601,13005601
0x467d00B26Da6f150dB4eD3A8063bCe9A28eF1305,10,10,1,0,false,0,0,0,0,0,0,0,0,0,false,false,0,0,0,13005613,13005613
0xF493Dc998EeE644bdE2F87a808a20D22E0A83e01,10,10,1,0,false,0,0,0,0,0,0,0,0,0,false,false,0,0,0,13005626,13005626
0x2eFf7b44D181964bDc917A6638F4DF89D6a880fC,10,10,1,0,false,0,0,0,0,0,0,0,0,0,false,false,0,0,0,13005638,13005638
0x17D73187aC7BD06591d280aba14711bBd69DF3B6,10,10,1,0,false,0,0,0,0,0,0,0,0,0,false,false,0,0,0,13005651,13005651
0xd7878012a1F3A110b4fB481c5c1BAD0E96D4C7dd,10,10,1,0,false,0,0,0,0,0,0,0,0,0,false,false,0,0,0,13005664,13005664
0xD6c333e2c98F794cd3AC4ED59FBf593d3934e6A1,10,10,1,0,false,0,0,0,0,0,0,0,0,0,false,false,0,0,0,13005676,13005676
0xedaDC1147331567e6cFec70d6cd7d1C2bE31AfE5,10,10,1,0,false,0,0,0,0,0,0,0,0,0,false,false,0,0,0,13005689,13005689
0x941e3f51b0c7de3061517B5404e5171f00651F37,10,10,1,0,false,0,0,0,0,0,0,0,0,0,false,false,0,0,0,13005701,13005701
0x50dcdF8451BCC9977540566d552C24061bFFBE5F,10,10,1,0,false,0,0,0,0,0,0,0,0,0,false,false,0,0,0,13005714,13005714
0xdFCfeE4Eb0F092bA53F88135796295fad6536F60,10,10,1,0,false,0,0,0,0,0,0,0,0,0,false,false,0,0,0,13005727,13005727
0xE87275562343567AaF5178aA63aa3e38070E4fF0,10,10,1,0,false,0,0,0,0,0,0,0,0,0,false,false,0,0,0,13005739,13005739
0x7c48FE9C212A7dFaaAa1d1f60B9778519a968e06,10,10,1,0,false,0,0,0,0,0,0,0,0,0,false,false,0,0,0,13005752,13005752
0x580Ea926a52621d34650a7ed4e2fdc790AE45B8A,10,10,1,0,false,0,0,0,0,0,0,0,0,0,false,false,0,0,0,13005764,13005764
0x5ca6a510D650cB728de52f4E0E5B0110B1229C2C,10,10,1,0,false,0,0,0,0,0,0,0,0,0,false,false,0,0,0,13005777,13005777
0x082A169a0fb4543C4E44a64EbC007EcD8CC76856,10,10,1,0,false,0,0,0,0,0,0,0,0,0,false,false,0,0,0,13005790,13005790
0xCc103FACe1916B445f1989C86C11C78b89fDE5aa,"1,416,207.2278","1,416,207.2278",2,0,false,0,0,0,0,0,0,0,0,0,false,false,0,0,0,13005802,15466304
0xCb9254D6D55C1A14C0A0e0f1aa105a810ac5C700,10,10,1,0,false,0,0,0,0,0,0,0,0,0,false,false,0,0,0,13005815,13005815
0xB35997B11649516EA01c0c70733A22274f1539cd,10,10,1,0,false,0,0,0,0,0,0,0,0,0,false,false,0,0,0,13005827,13005827
0xAcBCA6313c402E21c560BBa26a2D09d7759796e0,10,10,1,0,false,0,0,0,0,0,0,0,0,0,false,false,0,0,0,13005840,13005840
0x29A43a9De2A2C3Ef2b19E4dE4F337749B0C93B71,10,10,1,0,false,0,0,0,0,0,0,0,0,0,false,false,0,0,0,13005853,13005853
0x7FEdcA1e8583BcfDcE2Fc80c4E0bbfDC16562d58,10,10,1,0,false,0,0,0,0,0,0,0,0,0,false,false,0,0,0,13005865,13005865
0x3D1C3881fFe5065CdD24AD1435369eE81a7FC67e,10,10,1,0,false,0,0,0,0,0,0,0,0,0,false,false,0,0,0,13005878,13005878
0x58613F43cC6b731a436FEF57B8ad39F6A9F204e7,10,10,1,0,false,0,0,0,0,0,0,0,0,0,false,false,0,0,0,13005890,13005890
0x5692bf418272D45f981a107B0eaFAC38C87291E6,10,10,1,0,false,0,0,0,0,0,0,0,0,0,false,false,0,0,0,13005903,13005903
0x4E71c614743973BD726AC2717c92A18c724Ce46A,10,10,1,0,false,0,0,0,0,0,0,0,0,0,false,false,0,0,0,13005916,13005916
0xA356Ef6B00c37f1f855815bddaf469Df0f7E2494,10,10,1,0,false,0,0,0,0,0,0,0,0,0,false,false,0,0,0,13005929,13005929
0x9111775eee5853787D27d0c12a36cfB09899eb06,10,10,1,0,false,0,0,0,0,0,0,0,0,0,false,false,0,0,0,13005942,13005942
0xD293ede9Ade5a228d3207914974Dbf180Ccf8562,10,10,1,0,false,0,0,0,0,0,0,0,0,0,false,false,0,0,0,13005955,13005955
0xb5F1C6D1E5B97A263684FCbF46EF296837981DF8,10,10,1,0,false,0,0,0,0,0,0,0,0,0,false,false,0,0,0,13005968,13005968
0xa219beF653Bd54e3EB77e254A59f509b344A82E2,10,10,1,0,false,0,0,0,0,0,0,0,0,0,false,false,0,0,0,13005981,13005981
0x0c637909F40CeA244E8c588896b62BB9F30B6E13,10,10,1,0,false,0,0,0,0,0,0,0,0,0,false,false,0,0,0,13005994,13005994
0x11647334c1D8B869dA7d36FE27e919D2D44c612f,10,10,1,0,false,0,0,0,0,0,0,0,0,0,false,false,0,0,0,13006007,13006007
0x34cAbb5213B007D1823008620B8c0e88e9494518,10,10,1,0,false,0,0,0,0,0,0,0,0,0,false,false,0,0,0,13006017,13006017
0x8aFE9cFF2274B0a85C7d50F347f3fc0df9c1502E,10,10,1,0,false,0,0,0,0,0,0,0,0,0,false,false,0,0,0,13006030,13006030
0xee5F02C2A73F7044547fC5831a444A642A3A152d,10,10,1,0,false,0,0,0,0,0,0,0,0,0,false,false,0,0,0,13006043,13006043
0xccdb91a430C5D28577c9A7897881cb75C40f76A4,10,10,1,0,false,0,0,0,0,0,0,0,0,0,false,false,0,0,0,13006056,13006056
0x75D1Df5796A9B2cEaFbEDEE1E9E01Dd2550Dca8C,10,10,1,0,false,0,0,0,0,0,0,0,0,0,false,false,0,0,0,13006068,13006068
0x010ACCF8c7c085770bD531f9Ffb2ba7112aB957B,10,10,1,0,false,0,0,0,0,0,0,0,0,0,false,false,0,0,0,13006081,13006081
0x0FF3172d28eA0Bf3d65D4cD232d55158B5bd538D,10,10,1,0,false,0,0,0,0,0,0,0,0,0,false,false,0,0,0,13006093,13006093
0x0Aa1F355Dc0D29D00DCE4230E710c7694050c7CE,10,10,1,0,false,0,0,0,0,0,0,0,0,0,false,false,0,0,0,13006106,13006106
0xAEE61C1Ff98135b3a8dC3aA90f59bF1F8797fbdA,10,10,1,0,false,0,0,0,0,0,0,0,0,0,false,false,0,0,0,13006119,13006119
0x5219b3b517421038e61d8CAB352784166dcF8226,10,10,1,0,false,0,0,0,0,0,0,0,0,0,false,false,0,0,0,13006131,13006131
0x3115a5dBcF2dbe9CaEDf449CC728Ed99C5519Fac,10,10,1,0,false,0,0,0,0,0,0,0,0,0,false,false,0,0,0,13006144,13006144
0x2BC7C4dcB1325010B953A6614Cd090512a0040e2,10,10,1,0,false,0,0,0,0,0,0,0,0,0,false,false,0,0,0,13006156,13006156
0xF2FeBA330ddce08D3cd2C2037023a397a6a3E61b,10,10,1,0,false,0,0,0,0,0,0,0,0,0,false,false,0,0,0,13006169,13006169
0xB4806f8617919cC26E8182a35d8227633496FBCE,10,10,1,0,false,0,0,0,0,0,0,0,0,0,false,false,0,0,0,13006182,13006182
0x059c682a52e2Eb08E57734Dd7FcAB75966EE8625,10,10,1,0,false,0,0,0,0,0,0,0,0,0,false,false,0,0,0,13006194,13006194
0x65A1356B04513A016bF78837E8550F28CD8407DF,10,10,1,0,false,0,0,0,0,0,0,0,0,0,false,false,0,0,0,13006207,13006207
0x2a412E58427027637AeC6aE8E3Faa44c55CD2ea5,10,10,1,0,false,0,0,0,0,0,0,0,0,0,false,false,0,0,0,13006219,13006219
0xf2698A3cfe2c5ab590a0C053f97d2b4D321AAdB3,10,10,1,0,false,0,0,0,0,0,0,0,0,0,false,false,0,0,0,13006232,13006232
0xCc7F1dadE9704D2d784A010ae02Ba55Ec2CD71b3,10,10,1,0,false,0,0,0,0,0,0,0,0,0,false,false,0,0,0,13006245,13006245
0x1512658baEf65E8772179a4ED6Bf7b5F09A04BF2,10,10,1,0,false,0,0,0,0,0,0,0,0,0,false,false,0,0,0,13006257,13006257
0x64E8c3230D3Ad46D57C2dcB4B294C244a1aef2Ff,10,10,1,0,false,0,0,0,0,0,0,0,0,0,false,false,0,0,0,13006270,13006270
0x0D74eEB0B00c6A90142E51865f7c05473264841C,10,10,1,0,false,0,0,0,0,0,0,0,0,0,false,false,0,0,0,13006283,13006283
0xdACE29b1fA6be037E275a72b04a596627e5eF7Dc,10,10,1,0,false,0,0,0,0,0,0,0,0,0,false,false,0,0,0,13006296,13006296
0xF6B3029077e7D4b5e6Ff46fD8E40fE2F28CF4242,10,10,1,0,false,0,0,0,0,0,0,0,0,0,false,false,0,0,0,13006308,13006308
0xBd37848c8378Bb4E1c734A7a3F0efFA550f87764,10,10,1,0,false,0,0,0,0,0,0,0,0,0,false,false,0,0,0,13006321,13006321
0x7800E4fb30D20F605062AE04c0cf6E6B766f780F,10,10,1,0,false,0,0,0,0,0,0,0,0,0,false,false,0,0,0,13006334,13006334
0x5419DA58139A223A45e7ECC60ae37096Ce2ea20c,10,10,1,0,false,0,0,0,0,0,0,0,0,0,false,false,0,0,0,13006346,13006346
0x8Cbed12fe8B098c9F102EF0FdBa3fc831F58FA45,10,10,1,0,false,0,0,0,0,0,0,0,0,0,false,false,0,0,0,13006359,13006359
0x911981267DD854e6Ad4301902b823Fbfe5cac619,10,10,1,0,false,0,0,0,0,0,0,0,0,0,false,false,0,0,0,13006372,13006372
0xe1B8a8dadbE3DC624280A46fc757fd2AF92d62C0,10,10,1,0,false,0,0,0,0,0,0,0,0,0,false,false,0,0,0,13006384,13006384
0x3Cef120D539319C5E0649E8C199617dD935b8113,10,10,1,0,false,0,0,0,0,0,0,0,0,0,false,false,0,0,0,13006397,13006397
0x3152D4B342A1d6b4351D18A24b3Cf5F696972161,10,10,1,0,false,0,0,0,0,0,0,0,0,0,false,false,0,0,0,13006410,13006410
0x769597E163F4D239BD571Dd34F3727C40cf025cb,10,10,1,0,false,0,0,0,0,0,0,0,0,0,false,false,0,0,0,13006423,13006423
0x6D3eA99BbFF9B403D55a353600698f731414052D,10,10,1,0,false,0,0,0,0,0,0,0,0,0,false,false,0,0,0,13006436,13006436
0xbAb87eB9fDCb59ade1CbaEafC0bEBf28E016e29A,10,10,1,0,false,0,0,0,0,0,0,0,0,0,false,false,0,0,0,13006449,13006449
0x500C7E98d3002627f2C731917695f2d7697Ec6d1,10,10,1,0,false,0,0,0,0,0,0,0,0,0,false,false,0,0,0,13006462,13006462
0x9836F06e0328b25195a35850770cc84273eA19B9,10,10,1,0,false,0,0,0,0,0,0,0,0,0,false,false,0,0,0,13006475,13006475
0x03ad9259A227e44886c6b1c1833c2E79379b976a,10,10,1,0,false,0,0,0,0,0,0,0,0,0,false,false,0,0,0,13006488,13006488
0x31fb283EEF7a3997364d12f2f0371b373d471483,10,10,1,0,false,0,0,0,0,0,0,0,0,0,false,false,0,0,0,13006501,13006501
0xfF118c307EA1c8647E9862895A1BB4818e2E049A,10,10,1,0,false,0,0,0,0,0,0,0,0,0,false,false,0,0,0,13006514,13006514
0xee86fcE8826A9e68EEE7d60F8851F4E9cdA16B5c,10,10,1,0,false,0,0,0,0,0,0,0,0,0,false,false,0,0,0,13006524,13006524
0x7062d8F29800A583Dbfe5662405a8DFdc8dA2BAD,10,10,1,0,false,0,0,0,0,0,0,0,0,0,false,false,0,0,0,13006537,13006537
0xc9b6F338F56fF0dB39EC44A4Ad8A215B2C473fF6,10,10,1,0,false,0,0,0,0,0,0,0,0,0,false,false,0,0,0,13006550,13006550
0x3f12bD8CC0d0bbF1D30468eB1f0a6ae77f20A295,10,10,1,0,false,0,0,0,0,0,0,0,0,0,false,false,0,0,0,13006563,13006563
0x40Ff46D64eEc2037AA59Ef477587B1DaA667b523,10,10,1,0,false,0,0,0,0,0,0,0,0,0,false,false,0,0,0,13006575,13006575
0xB74D385fb02F97e085640F6199B58972ce412465,10,10,1,0,false,0,0,0,0,0,0,0,0,0,false,false,0,0,0,13006588,13006588
0x4e441E2D6Be3FcF9d704bD508cB8b9A908C868aB,10,10,1,0,false,0,0,0,0,0,0,0,0,0,false,false,0,0,0,13006600,13006600
0x07FD3a60DC1EA3bF3201689695733c7DB3345900,10,10,1,0,false,0,0,0,0,0,0,0,0,0,false,false,0,0,0,13006613,13006613
0x69F6E27Ec11c358E8c86A68AC9Aba833AB8956b1,10,10,1,0,false,0,0,0,0,0,0,0,0,0,false,false,0,0,0,13006626,13006626
0xA8Ac1ee6c0817f5592aBD056657EB280ccC56179,10,10,1,0,false,0,0,0,0,0,0,0,0,0,false,false,0,0,0,13006639,13006639
0xAA76A0159Ea428576002BAfCB2C62244B511CB20,10,10,1,0,false,0,0,0,0,0,0,0,0,0,false,false,0,0,0,13006651,13006651
0x477B523358818792225BEe001995e300B0cC2911,10,10,1,0,false,0,0,0,0,0,0,0,0,0,false,false,0,0,0,13006664,13006664
0x285Ff82372686565a273a73bA23863774b021b22,10,10,1,0,false,0,0,0,0,0,0,0,0,0,false,false,0,0,0,13006677,13006677
0x5059853c9Cd91fAF0fD6dc24059efd476Cb945D3,10,10,1,0,false,0,0,0,0,0,0,0,0,0,false,false,0,0,0,13006689,13006689
0xB3824a4cc1fA56C6aE7C60ae659F19012e275431,10,10,1,0,false,0,0,0,0,0,0,0,0,0,false,false,0,0,0,13006702,13006702
0x01fC2720A7A11e392aDA782a6d353776dc87f02e,10,10,1,0,false,0,0,0,0,0,0,0,0,0,false,false,0,0,0,13006715,13006715
0x041e7F4C034fDab6504798eDD0f06a824C1D7Cf0,10,10,1,0,false,0,0,0,0,0,0,0,0,0,false,false,0,0,0,13006727,13006727
0xc39133a8d58199f9cc4B5269BDCCb83F8fFe6F28,10,10,1,0,false,0,0,0,0,0,0,0,0,0,false,false,0,0,0,13006740,13006740
0x8240f3AfC40fE5C68Bb2Ea5dFC5D94A911b38DeD,10,10,1,0,false,0,0,0,0,0,0,0,0,0,false,false,0,0,0,13006753,13006753
0xbF441b39A4AA4971e0Bd8560c015635976d772bD,10,10,1,0,false,0,0,0,0,0,0,0,0,0,false,false,0,0,0,13006765,13006765
0x9bd46D1eDd5Ec8EEB694479CFBb0CADd910b176E,10,10,1,0,false,0,0,0,0,0,0,0,0,0,false,false,0,0,0,13006778,13006778
0x66B7869EB8A5d537d6E7091F4331dd4CFc871Cd0,10,10,1,0,false,0,0,0,0,0,0,0,0,0,false,false,0,0,0,13006790,13006790
0x3c1AC384F7297f6E8cA4FC3Ffd78F4e835677c0d,10,10,1,0,false,0,0,0,0,0,0,0,0,0,false,false,0,0,0,13006803,13006803
0x7360EcaE6ef94341C0F3F0A66898bb7B128c3ab1,10,10,1,0,false,0,0,0,0,0,0,0,0,0,false,false,0,0,0,13006815,13006815
0x98d757c31ad5fFE156eFF86743438396F55dEe38,10,10,1,0,false,0,0,0,0,0,0,0,0,0,false,false,0,0,0,13006828,13006828
0x62D10af14AD7921E376f1d22F629477378592BDC,10,10,1,0,false,0,0,0,0,0,0,0,0,0,false,false,0,0,0,13006841,13006841
0x2fbb54ba8d34F1AE40Ae0C7c2fB4bbe05C4bFEDF,10,10,1,0,false,0,0,0,0,0,0,0,0,0,false,false,0,0,0,13006853,13006853
0x3b1879f6089A03C1E23c51F0C333c540576f871A,10,10,1,0,false,0,0,0,0,0,0,0,0,0,false,false,0,0,0,13006866,13006866
0xD256755Ceb89f83D35b10c08011b86adAD85bCB9,10,10,1,0,false,0,0,0,0,0,0,0,0,0,false,false,0,0,0,13006878,13006878
0xe136ad8c830cbA586AC5396649b354481bDCaAD5,10,10,1,0,false,0,0,0,0,0,0,0,0,0,false,false,0,0,0,13006891,13006891
0x0175098F56bF4b8c861B4CbC4Ef43D1D125c0fBB,10,10,1,0,false,0,0,0,0,0,0,0,0,0,false,false,0,0,0,13006904,13006904
0x832f1564e3A6Ae6504d0D12c77975ea76d992952,10,10,1,0,false,0,0,0,0,0,0,0,0,0,false,false,0,0,0,13006917,13006917
0xB765c1932Bb2e825a0751F5564f0cbF0c6C26106,10,10,1,0,false,0,0,0,0,0,0,0,0,0,false,false,0,0,0,13006930,13006930
0x874fD8a412633528Dede138120161a99239C5f03,10,10,1,0,false,0,0,0,0,0,0,0,0,0,false,false,0,0,0,13006943,13006943
0xA8D70d963cc2784Aa405e288c4Ca70D68c76397f,10,10,1,0,false,0,0,0,0,0,0,0,0,0,false,false,0,0,0,13006956,13006956
0x9cE497257d674ffa8149d410AD0B916CF095Ae74,10,10,1,0,false,0,0,0,0,0,0,0,0,0,false,false,0,0,0,13006969,13006969
0x11Af8d43578d1ef998E9e510e80b09dDf1c573Db,10,10,1,0,false,0,0,0,0,0,0,0,0,0,false,false,0,0,0,13006982,13006982
0xBAace56fc719B2c01776440806a87d0902E453e2,10,10,1,0,false,0,0,0,0,0,0,0,0,0,false,false,0,0,0,13006992,13006992
0x2B47cB81E109EE61c12C29374736cb5F3d914A4A,10,10,1,0,false,0,0,0,0,0,0,0,0,0,false,false,0,0,0,13007005,13007005
0x068fD25F2608B4884b239CC08D586Ff026EF9EDe,10,10,1,0,false,0,0,0,0,0,0,0,0,0,false,false,0,0,0,13007018,13007018
0x91622f9E93dB0Bf9C6D2CED5a821BeeF0CF25eFC,10,10,1,0,false,0,0,0,0,0,0,0,0,0,false,false,0,0,0,13007031,13007031
0x4C822D2775c1228F3fF153f465B14C2eE4FF2Df7,10,10,1,0,false,0,0,0,0,0,0,0,0,0,false,false,0,0,0,13007043,13007043
0xC7ce658EBfF23EDdc948a844B684D84942a16DB2,10,10,1,0,false,0,0,0,0,0,0,0,0,0,false,false,0,0,0,13007056,13007056
0xFFA2f86b27c9355aDC68B26a71286eCbFDAe84E7,10,10,1,0,false,0,0,0,0,0,0,0,0,0,false,false,0,0,0,13007069,13007069
0x81A1F6476e474b1f7eBD96928bb201d60f43E738,10,10,1,0,false,0,0,0,0,0,0,0,0,0,false,false,0,0,0,13007081,13007081
0xe969dE74c8e7072b7b04BF91e7dcCb5BA414B942,10,10,1,0,false,0,0,0,0,0,0,0,0,0,false,false,0,0,0,13007094,13007094
0xC6f61C1deaC88b62c945544FA75F8E47f785Dd05,10,10,1,0,false,0,0,0,0,0,0,0,0,0,false,false,0,0,0,13007107,13007107
0x5b569aa1153Cb2bdAF34D7fA2b1BEA6645Cd0520,10,10,1,0,false,0,0,0,0,0,0,0,0,0,false,false,0,0,0,13007119,13007119
0x71F3d49bB85BCf1Cf6F30928a934424f31d4d9aE,10,10,1,0,false,0,0,0,0,0,0,0,0,0,false,false,0,0,0,13007132,13007132
0x94C11F9aB0A5413Ea52ee339473a427658Ab1076,10,10,1,0,false,0,0,0,0,0,0,0,0,0,false,false,0,0,0,13007144,13007144
0x8320d71bB7f7d9CfEbbE4063702aA8beF1c99e36,10,10,1,0,false,0,0,0,0,0,0,0,0,0,false,false,0,0,0,13007157,13007157
0x88EEd6653cb255e03FcC3644BeFA52FD08C86A97,10,10,1,0,false,0,0,0,0,0,0,0,0,0,false,false,0,0,0,13007170,13007170
0xe31e4a19Cf64cA61B21d6949B38dfdFF87a3Ed30,10,10,1,0,false,0,0,0,0,0,0,0,0,0,false,false,0,0,0,13007182,13007182
0x33EBD5df727BB69185E89b91d668CdF0A18e34E0,10,10,1,0,false,0,0,0,0,0,0,0,0,0,false,false,0,0,0,13007195,13007195
0xd8BD3186de743642Db0D60b1885Ef6229E19a9d4,10,10,1,0,false,0,0,0,0,0,0,0,0,0,false,false,0,0,0,13007208,13007208
0x530afC9aE07D0eB1587DCcea0056ad8017F8c59F,10,10,1,0,false,0,0,0,0,0,0,0,0,0,false,false,0,0,0,13007220,13007220
0xaA7A780e1eCc6B79eC0B5f82317E4C0b53b1aE31,10,10,1,0,false,0,0,0,0,0,0,0,0,0,false,false,0,0,0,13007233,13007233
0x120C7760328B173c908c612b785B15Bd4debBCca,10,10,1,0,false,0,0,0,0,0,0,0,0,0,false,false,0,0,0,13007246,13007246
0xAe6FE72E0De6FD79a9A874150915d96a1C77Ac80,10,10,1,0,false,0,0,0,0,0,0,0,0,0,false,false,0,0,0,13007258,13007258
0xf14040cf3F0c7358103915e403951CB448422BAf,10,10,1,0,false,0,0,0,0,0,0,0,0,0,false,false,0,0,0,13007271,13007271
0x21eE8009897144cB08Aa603BcE48e9edaae00A1a,10,10,1,0,false,0,0,0,0,0,0,0,0,0,false,false,0,0,0,13007283,13007283
0x430C250CdD8b96178CCBd874912E554F0a14899B,10,10,1,0,false,0,0,0,0,0,0,0,0,0,false,false,0,0,0,13007296,13007296
0xa6397d8c33E8E1Cfc3C3Cd3509c3ca54F86eA7bF,10,10,1,0,false,0,0,0,0,0,0,0,0,0,false,false,0,0,0,13007309,13007309
0xb09f2a5E9c9473FE6DAcb989a1E10966a3835B3f,10,10,1,0,false,0,0,0,0,0,0,0,0,0,false,false,0,0,0,13007322,13007322
0xB66E1d3496810FCFF835786A7E014f657f7FB6C1,10,10,1,0,false,0,0,0,0,0,0,0,0,0,false,false,0,0,0,13007334,13007334
0xBf406D87faDfDbDEa45C8989dC644E5E2eD7d4cf,10,10,1,0,false,0,0,0,0,0,0,0,0,0,false,false,0,0,0,13007347,13007347
0x3aD65737252761f99Fc352c1aBf32Cee5c765Ff2,10,10,1,0,false,0,0,0,0,0,0,0,0,0,false,false,0,0,0,13007359,13007359
0x21dd320130f9bD09b6146E4F531d35E175296BfF,10,10,1,0,false,0,0,0,0,0,0,0,0,0,false,false,0,0,0,13007372,13007372
0x29510777afa89d1699975A9EA988d0Ae66579b30,10,10,1,0,false,0,0,0,0,0,0,0,0,0,false,false,0,0,0,13007385,13007385
0x3bB1b3B56a1d5353C9C57db2C3cdf8d8B3DA0484,10,10,1,0,false,0,0,0,0,0,0,0,0,0,false,false,0,0,0,13007398,13007398
0xa3d5C7C5F12Fd3D41cf9B5FA28a09968D13541fB,10,10,1,0,false,0,0,0,0,0,0,0,0,0,false,false,0,0,0,13007411,13007411
0xF243A9F24CdF5E3B2Aa9FfccCc8E84799f4CE662,10,10,1,0,false,0,0,0,0,0,0,0,0,0,false,false,0,0,0,13007424,13007424
0x3c8dbbE0BeaCAdC4EF794ce24E0C4561789441d5,10,10,1,0,false,0,0,0,0,0,0,0,0,0,false,false,0,0,0,13007437,13007437
0x6aAFD2F727684D560638f60124ff6d3e7651262f,10,10,1,0,false,0,0,0,0,0,0,0,0,0,false,false,0,0,0,13007450,13007450
0x4987d9c4807073951C0182858FECE30D46bd96D6,10,10,1,0,false,0,0,0,0,0,0,0,0,0,false,false,0,0,0,13007460,13007460
0xD988bD1c286e1b53e5b7F34E7d6D4FB56624c2d3,10,10,1,0,false,0,0,0,0,0,0,0,0,0,false,false,0,0,0,13007473,13007473
0x4A05aD27E2FF74F15A8952a22c79d01B9FD1009C,10,10,1,0,false,0,0,0,0,0,0,0,0,0,false,false,0,0,0,13007486,13007486
0x5126c384B141AB6b0f39E7c01793280E310af27D,10,10,1,0,false,0,0,0,0,0,0,0,0,0,false,false,0,0,0,13007498,13007498
0x2abC7461260b3b48b81541cFE5b2E8E74b38C0de,10,10,1,0,false,0,0,0,0,0,0,0,0,0,false,false,0,0,0,13007511,13007511
0xF3437Bc1594676eB93EAA051D6dC7c489F82fC4e,10,10,1,0,false,0,0,0,0,0,0,0,0,0,false,false,0,0,0,13007524,13007524
0x0ca1d3635d329BFdfbA39b5C6291bB8Dbe411C47,10,10,1,0,false,0,0,0,0,0,0,0,0,0,false,false,0,0,0,13007536,13007536
0xB6cD9FB218F7da5778A818cFDFe41cCa197Db63c,10,10,1,0,false,0,0,0,0,0,0,0,0,0,false,false,0,0,0,13007549,13007549
0xF3Db69DCaF404d9a4842a6fB0639473842Bb012c,10,10,1,0,false,0,0,0,0,0,0,0,0,0,false,false,0,0,0,13007562,13007562
0xda01Ce3aEAcc2088017bC54d3c8D0FfD08Ea4Bb9,10,10,1,0,false,0,0,0,0,0,0,0,0,0,false,false,0,0,0,13007574,13007574
0x432faFdE033beA0cb429A5A045D042186b10288D,10,10,1,0,false,0,0,0,0,0,0,0,0,0,false,false,0,0,0,13007587,13007587
0xA30FE938456A9892421383fe3354e86f759627ca,10,10,1,0,false,0,0,0,0,0,0,0,0,0,false,false,0,0,0,13007599,13007599
0xb502CBA76c9b2c37F4be31092D1C2743dedc56ee,10,10,1,0,false,0,0,0,0,0,0,0,0,0,false,false,0,0,0,13007612,13007612
0xfB1C89A0accf5B9FeA20F8aC3C593004814B98Be,10,10,1,0,false,0,0,0,0,0,0,0,0,0,false,false,0,0,0,13007625,13007625
0x534eC05791d9B3aD2773dc1C94a834CA1961ddEf,10,10,1,0,false,0,0,0,0,0,0,0,0,0,false,false,0,0,0,13007638,13007638
0x20e79df97935e0f128334bB7628abC3DC31Ca10f,10,10,1,0,false,0,0,0,0,0,0,0,0,0,false,false,0,0,0,13007651,13007651
0x203DCcbf7579B6fA42e9fC957C1a13c8fB0c46D6,10,10,1,0,false,0,0,0,0,0,0,0,0,0,false,false,0,0,0,13007663,13007663
0x79E86236634eEbDbAb608559bb4b9Be36AFD9eda,10,10,1,0,false,0,0,0,0,0,0,0,0,0,false,false,0,0,0,13007676,13007676
0x4fBEA95b6931ae59Ce2F2FB3E6551f12B52B4a98,10,10,1,0,false,0,0,0,0,0,0,0,0,0,false,false,0,0,0,13007688,13007688
0x2d3cB7D7A244e9168E17734bD8bFE3A5213cd2ea,10,10,1,0,false,0,0,0,0,0,0,0,0,0,false,false,0,0,0,13007701,13007701
0xa51222Bd49D7CC391F7409Bc7A1b0c6143936ac6,10,10,1,0,false,0,0,0,0,0,0,0,0,0,false,false,0,0,0,13007714,13007714
0x66666ACFc84D4aBB990c3a621214df1B0E4e7aCE,10,10,1,0,false,0,0,0,0,0,0,0,0,0,false,false,0,0,0,13007726,13007726
0x9A7EDCc2C01158cFdC469540fb20f5606f000B9E,10,10,1,0,false,0,0,0,0,0,0,0,0,0,false,false,0,0,0,13007739,13007739
0xe89C06866a2D525F1618ed4319216535b164665a,10,10,1,0,false,0,0,0,0,0,0,0,0,0,false,false,0,0,0,13007752,13007752
0x540407f7aB2F52155D505FaE232c36A0641E83Da,10,10,1,0,false,0,0,0,0,0,0,0,0,0,false,false,0,0,0,13007764,13007764
0xD197ABAf1011a2cdFb8E1429ff1214C6464e64cD,10,10,1,0,false,0,0,0,0,0,0,0,0,0,false,false,0,0,0,13007777,13007777
0xE82C205A527A064E5067c536f04f526C73FaA788,10,10,1,0,false,0,0,0,0,0,0,0,0,0,false,false,0,0,0,13007790,13007790
0x2b71d1a0e0Cc6f763c0d5c7E88755207Bc8D82E0,10,10,1,0,false,0,0,0,0,0,0,0,0,0,false,false,0,0,0,13007802,13007802
0x58273Bf822c5A62b9eEEFDA746CaA254412aBfC5,10,10,1,0,false,0,0,0,0,0,0,0,0,0,false,false,0,0,0,13007815,13007815
0x93D639Aa9E7Fa9Dc2C9274CE9d64D65761AA24E1,10,10,1,0,false,0,0,0,0,0,0,0,0,0,false,false,0,0,0,13007827,13007827
0x6A60d344997A2C7a95633Aae59F45C969f2564F5,10,10,1,0,false,0,0,0,0,0,0,0,0,0,false,false,0,0,0,13007840,13007840
0x8f9e2d6ee28D3e11EC4c5A31DE1c12fF71f009f3,10,10,1,0,false,0,0,0,0,0,0,0,0,0,false,false,0,0,0,13007853,13007853
0x54384E813145f49eb687E2f3893a10BF3d28f4e6,10,10,1,0,false,0,0,0,0,0,0,0,0,0,false,false,0,0,0,13007866,13007866
0x5692Af09C658e438a1e18f52571ea744bb236297,10,10,1,0,false,0,0,0,0,0,0,0,0,0,false,false,0,0,0,13007879,13007879
0x27c5be5266ef318A434a760f4eBB157dd63Fee04,10,10,1,0,false,0,0,0,0,0,0,0,0,0,false,false,0,0,0,13007892,13007892
0x6DDc5963EAAa6e0C9ff4abD348235a930EfF8Ce0,10,10,1,0,false,0,0,0,0,0,0,0,0,0,false,false,0,0,0,13007905,13007905
0xf0EBBAB1eCC57e02863dB06026e44C85aCE147CE,10,10,1,0,false,0,0,0,0,0,0,0,0,0,false,false,0,0,0,13007918,13007918
0x00000001a166070C57801996DF76f24220cFB8aC,10,10,1,0,false,0,0,0,0,0,0,0,0,0,false,false,0,0,0,13007931,13007931
0x3e09de9122d974160d823Ed48befE7D83448022B,10,10,1,0,false,0,0,0,0,0,0,0,0,0,false,false,0,0,0,13007941,13007941
0xCFCF73679EA1492Cd6BDAb60c0678Df83AD5395e,10,10,1,0,false,0,0,0,0,0,0,0,0,0,false,false,0,0,0,13007954,13007954
0x5C3d2f3d5f66672b7F303A3E8732D7b0E61f494F,10,10,1,0,false,0,0,0,0,0,0,0,0,0,false,false,0,0,0,13007966,13007966
0x7fdc9686007c894Ab5D63d46366028Af5B8C8721,10,10,1,0,false,0,0,0,0,0,0,0,0,0,false,false,0,0,0,13007979,13007979
0x26FF3F3f81a369fb17bC2d87e15EAdEfe39a852f,10,10,1,0,false,0,0,0,0,0,0,0,0,0,false,false,0,0,0,13007992,13007992
0x731dB27e5482f67a08fB4692586f125f5e0166A3,10,10,1,0,false,0,0,0,0,0,0,0,0,0,false,false,0,0,0,13008004,13008004
0x9b252e30969e3C06669De89E8DC55eB3E92a585B,10,10,1,0,false,0,0,0,0,0,0,0,0,0,false,false,0,0,0,13008017,13008017
0xeF707570944B3acda88D0f0012964078d35413B4,10,10,1,0,false,0,0,0,0,0,0,0,0,0,false,false,0,0,0,13008029,13008029
0x00346F144183Ef61330Ec67Eb523d987aE06BE1e,10,10,1,0,false,0,0,0,0,0,0,0,0,0,false,false,0,0,0,13008042,13008042
0xf09B1ccf16c3132B5d771061841E9c774444E820,10,10,1,0,false,0,0,0,0,0,0,0,0,0,false,false,0,0,0,13008055,13008055
0x72c315Ff7123ab3E7DB95c6330FA60E075CF4420,10,10,1,0,false,0,0,0,0,0,0,0,0,0,false,false,0,0,0,13008067,13008067
0x22ce286dD6Fa16a0611ba7Cce888ae0f0402FF05,10,10,1,0,false,0,0,0,0,0,0,0,0,0,false,false,0,0,0,13008080,13008080
0x52119e22a7744A743494452A9e2e471E1061Cc37,10,10,1,0,false,0,0,0,0,0,0,0,0,0,false,false,0,0,0,13008093,13008093
0x507f46e1D144d2038Cd7cBFa6D1EF28392952435,10,10,1,0,false,0,0,0,0,0,0,0,0,0,false,false,0,0,0,13008105,13008105
0xb9A93B86D29bf654FB975281Dd962EcC2aE56eb3,10,10,1,0,false,0,0,0,0,0,0,0,0,0,false,false,0,0,0,13008119,13008119
0xA5374E3D6EDeA4a9eDEa6962C851484c689EE097,10,10,1,0,false,0,0,0,0,0,0,0,0,0,false,false,0,0,0,13008131,13008131
0x849edfe4d165de1CA97690BF2d2016Ffc635AFC1,10,10,1,0,false,0,0,0,0,0,0,0,0,0,false,false,0,0,0,13008144,13008144
0x657870bF6f06a073056C7D8B4EE78ae1067a84db,10,10,1,0,false,0,0,0,0,0,0,0,0,0,false,false,0,0,0,13008157,13008157
0x68b48FFec961cE54f7aF24A56032dec01D7DFe50,10,10,1,0,false,0,0,0,0,0,0,0,0,0,false,false,0,0,0,13008169,13008169
0x36eB05b0e62Cbe38a5C52fAb4FF75674FDa2F337,10,10,1,0,false,0,0,0,0,0,0,0,0,0,false,false,0,0,0,13008181,13008181
0x6aAe2f7914A34803f9776E9FE6529D9aBC0D1BB6,10,10,1,0,false,0,0,0,0,0,0,0,0,0,false,false,0,0,0,13008194,13008194
0xD454570EDDF3583928A006C27C79e2b1d8942a82,10,10,1,0,false,0,0,0,0,0,0,0,0,0,false,false,0,0,0,13008207,13008207
0x7310ae9DFB1EAF5916187fed3De72E6348094d2e,10,10,1,0,false,0,0,0,0,0,0,0,0,0,false,false,0,0,0,13008220,13008220
0x918E5bC94d12B6763f7F6126f963820ABB52f199,10,10,1,0,false,0,0,0,0,0,0,0,0,0,false,false,0,0,0,13008232,13008232
0x727FA1E52e91029E2E53d6F43957f4c92b668A81,10,10,1,0,false,0,0,0,0,0,0,0,0,0,false,false,0,0,0,13008245,13008245
0x6d4Ee8a1b1accd3218e3C49B4741d0E2cdC0c965,10,10,1,0,false,0,0,0,0,0,0,0,0,0,false,false,0,0,0,13008258,13008258
0x9613f1aE2c879d19C0fA1f2d9D6BA634858789B6,10,10,1,0,false,0,0,0,0,0,0,0,0,0,false,false,0,0,0,13008270,13008270
0x1A98b3D52cDdFB29a22b71D7317003F2D1Ecdbba,10,10,1,0,false,0,0,0,0,0,0,0,0,0,false,false,0,0,0,13008283,13008283
0xE0d7d07D6Ffb895db6053eD5bcCaba451DB6987D,10,10,1,0,false,0,0,0,0,0,0,0,0,0,false,false,0,0,0,13008295,13008295
0xc05f3857F671d9249872E1a91D70b77A90FD9E7e,10,10,1,0,false,0,0,0,0,0,0,0,0,0,false,false,0,0,0,13008308,13008308
0x5002567Eaaf8C85Ce4BD0E395F928f87bA282c95,10,10,1,0,false,0,0,0,0,0,0,0,0,0,false,false,0,0,0,13008321,13008321
0x7a30fAE4bf7Aa0F9Ac2d6037Eb1708106F458839,10,10,1,0,false,0,0,0,0,0,0,0,0,0,false,false,0,0,0,13008334,13008334
0x0d5C6d09b18A4D43B26E2D336468304f9356e4B9,10,10,1,0,false,0,0,0,0,0,0,0,0,0,false,false,0,0,0,13008347,13008347
0x3a5B6045D943d68794ACBd2b27Cd5fF483F381Da,10,10,1,0,false,0,0,0,0,0,0,0,0,0,false,false,0,0,0,13008360,13008360
0x16A1A720DEc42F1A9f8162aEC9c61F1372446485,10,10,1,0,false,0,0,0,0,0,0,0,0,0,false,false,0,0,0,13008373,13008373
0x10E7ff4Fbb313872cECd087BCa7e9aa85E7C4Ef1,10,10,1,0,false,0,0,0,0,0,0,0,0,0,false,false,0,0,0,13008386,13008386
0x69339df21c002435957ceA48ACcc72A226e0c642,10,10,1,0,false,0,0,0,0,0,0,0,0,0,false,false,0,0,0,13008396,13008396
0xAA5ddC7ad198b38b66749B4E195B106C2D32EA0B,10,10,1,0,false,0,0,0,0,0,0,0,0,0,false,false,0,0,0,13008409,13008409
0x4C4d29ea9E65262f5741d6CBA7364b515Cf8a2A7,10,10,1,0,false,0,0,0,0,0,0,0,0,0,false,false,0,0,0,13008422,13008422
0xEfCB2888309Be499DECf7D5310f775c817742d9C,10,10,1,0,false,0,0,0,0,0,0,0,0,0,false,false,0,0,0,13008434,13008434
0xfc171597D1664b4b97F76a7213a9185387A39b35,10,10,1,0,false,0,0,0,0,0,0,0,0,0,false,false,0,0,0,13008447,13008447
0x0FAe72dF2119a98F37F9Dc232258bbBf5f96AD87,10,10,1,0,false,0,0,0,0,0,0,0,0,0,false,false,0,0,0,13008459,13008459
0xD79c9d9dD9c5c2261aBa876f84916Ef957769b37,10,10,1,0,false,0,0,0,0,0,0,0,0,0,false,false,0,0,0,13008472,13008472
0xF837a615d9994C1A5aa9ce7E72198E544C257587,10,10,1,0,false,0,0,0,0,0,0,0,0,0,false,false,0,0,0,13008484,13008484
0x41E635d81635964B1c957b35607cbB18B2cB3fba,10,10,1,0,false,0,0,0,0,0,0,0,0,0,false,false,0,0,0,13008497,13008497
0xc6992d685598DD2080d7ed2a29A325C2Bb35D85E,10,10,1,0,false,0,0,0,0,0,0,0,0,0,false,false,0,0,0,13008510,13008510
0x7412715df8579f84D3dbE673CcB26301C0A1f611,10,10,1,0,false,0,0,0,0,0,0,0,0,0,false,false,0,0,0,13008522,13008522
0xfBDA3166eC44B47dF22c07aA762db5060e5F70c9,10,10,1,0,false,0,0,0,0,0,0,0,0,0,false,false,0,0,0,13008535,13008535
0x33f660aa2E43B48E7052FBc92EA2CCe7552276Ca,10,10,1,0,false,0,0,0,0,0,0,0,0,0,false,false,0,0,0,13008548,13008548
0x8585aCDcC7f28C71E9c04ddeF2e57D8741c12673,10,10,1,0,false,0,0,0,0,0,0,0,0,0,false,false,0,0,0,13008560,13008560
0x815411c197DEEb6049217f31674804296E4Dd0D1,10,10,1,0,false,0,0,0,0,0,0,0,0,0,false,false,0,0,0,13008573,13008573
0x1628057aEAD1f498DA203205e8Df2Fe7D324624e,10,10,1,0,false,0,0,0,0,0,0,0,0,0,false,false,0,0,0,13008585,13008585
0x1912da93eaA6cAe95a110f869E9F57fdBC08C532,10,10,1,0,false,0,0,0,0,0,0,0,0,0,false,false,0,0,0,13008598,13008598
0x934C8F3daF33debED9473B61FE4F80365e826906,10,10,1,0,false,0,0,0,0,0,0,0,0,0,false,false,0,0,0,13008610,13008610
0x664949dcA6465100db3F14dB7DBb41B21b06FA0A,10,10,1,0,false,0,0,0,0,0,0,0,0,0,false,false,0,0,0,13008623,13008623
0x72d9476a3320aa2C27894ad0933938b6eEB05Bd7,10,10,1,0,false,0,0,0,0,0,0,0,0,0,false,false,0,0,0,13008636,13008636
0xEb4dc89309Ea61B52B8C2D4D973A74C96ab37BBD,10,10,1,0,false,0,0,0,0,0,0,0,0,0,false,false,0,0,0,13008648,13008648
0xe5Bd46201FB16A8FEe26Ff302C932B3D12133C41,10,10,1,0,false,0,0,0,0,0,0,0,0,0,false,false,0,0,0,13008661,13008661
0xD126a74A3c05bA897f2fe80bBFaDB1a3fDc9386A,10,10,1,0,false,0,0,0,0,0,0,0,0,0,false,false,0,0,0,13008673,13008673
0x042E224089A1703EB07D2Eb695Bd6DEAaa2B1a6B,10,10,1,0,false,0,0,0,0,0,0,0,0,0,false,false,0,0,0,13008686,13008686
0xDa8700896Fe0C194bfffD8B180EA3350267385Df,10,10,1,0,false,0,0,0,0,0,0,0,0,0,false,false,0,0,0,13008699,13008699
0x9a4163819CE3B357D2d8dC3C3cDc6f0B8B005997,10,10,1,0,false,0,0,0,0,0,0,0,0,0,false,false,0,0,0,13008711,13008711
0x170aF9C33469929bBAC7F14B19C4F7c5a074C097,10,10,1,0,false,0,0,0,0,0,0,0,0,0,false,false,0,0,0,13008724,13008724
0x33312aFAa0630BE794F81A431bd80E23cc67aa11,10,10,1,0,false,0,0,0,0,0,0,0,0,0,false,false,0,0,0,13008737,13008737
0xb959d86F790350A79c9E1feD706AEAfc73FC0AD7,10,10,1,0,false,0,0,0,0,0,0,0,0,0,false,false,0,0,0,13008750,13008750
0x65Cc8aCbeC021FAD4E31b42824dD1518F5c5b4CC,10,10,1,0,false,0,0,0,0,0,0,0,0,0,false,false,0,0,0,13008763,13008763
0x3a223aBA75318B6AbDE0914D4EeD98b34A157570,10,10,1,0,false,0,0,0,0,0,0,0,0,0,false,false,0,0,0,13008776,13008776
0x8c57D1Fab10D4B78F49ef5C6ABaEB76a63710f61,10,10,1,0,false,0,0,0,0,0,0,0,0,0,false,false,0,0,0,13008789,13008789
0x85fBde50DD1c29A7f5609F9E57d8FF11FD989f65,10,10,1,0,false,0,0,0,0,0,0,0,0,0,false,false,0,0,0,13008802,13008802
0x4af516058FDD4B58344577cF30EC36CCf7d213F6,10,10,1,0,false,0,0,0,0,0,0,0,0,0,false,false,0,0,0,13008815,13008815
0x71Eab8d69328c487ceD662E84e6f70ACBe631373,10,10,1,0,false,0,0,0,0,0,0,0,0,0,false,false,0,0,0,13008828,13008828
0x3FCc2F35bB5c3732A6244D150286CE17BeFAC89a,10,10,1,0,false,0,0,0,0,0,0,0,0,0,false,false,0,0,0,13008838,13008838
0xCdc12396c0f7811F807e73Ea5cf1A8da1fCF8c6F,10,10,1,0,false,0,0,0,0,0,0,0,0,0,false,false,0,0,0,13008851,13008851
0x277631aF442F5B794270aC01076BbddBF63d8128,10,10,1,0,false,0,0,0,0,0,0,0,0,0,false,false,0,0,0,13008864,13008864
0x935e487fD805F7261aCfEC05AE2AC4e36eD86aff,10,10,1,0,false,0,0,0,0,0,0,0,0,0,false,false,0,0,0,13008877,13008877
0x8Efe6529775F6729599Da44C1b18E5e48d4C46F5,10,10,1,0,false,0,0,0,0,0,0,0,0,0,false,false,0,0,0,13008893,13008893
0x0c0AdB58Ed2c77Eef936923e06AC448b3d40f16F,10,10,1,0,false,0,0,0,0,0,0,0,0,0,false,false,0,0,0,13008906,13008906
0x26A578E5871a4EAfb35975f781Ccae8Ebf0D5270,"429,452.246","429,452.246",4,0,false,0,0,0,0,0,0,0,0,0,false,false,0,0,0,13008919,14596466
0x9DCF90b50F1cdd6Be457D11b2e0C137369481189,10,10,1,0,false,0,0,0,0,0,0,0,0,0,false,false,0,0,0,13008932,13008932
0x28761CbE01483d6dd097AFCb79763BC581750fdE,10,10,1,0,false,0,0,0,0,0,0,0,0,0,false,false,0,0,0,13008945,13008945
0x69E4e6Df0f5ca236855a97268Ce0e62a2cF5AB76,10,10,1,0,false,0,0,0,0,0,0,0,0,0,false,false,0,0,0,13008958,13008958
0xAD0F0e499119E20b504b3c31b931d523D1Af1Dcb,10,10,1,0,false,0,0,0,0,0,0,0,0,0,false,false,0,0,0,13008971,13008971
0x98C094bc85562e52d02eB8610c296F8740085Bcf,10,10,1,0,false,0,0,0,0,0,0,0,0,0,false,false,0,0,0,13008984,13008984
0x58d83702Cc051B5db0AB78caEeBf94AC4CD1Eb42,10,10,1,0,false,0,0,0,0,0,0,0,0,0,false,false,0,0,0,13008997,13008997
0x89af161c60229847D8345716188339BB35B524C9,10,10,1,0,false,0,0,0,0,0,0,0,0,0,false,false,0,0,0,13009007,13009007
0x25a0AB08350273cBfa4ca4aC25BDB4730Fe72739,10,10,1,0,false,0,0,0,0,0,0,0,0,0,false,false,0,0,0,13009020,13009020
0x1cC7Aa7DCED8A939A685105eDbB62Aa38e8bCe28,10,10,1,0,false,0,0,0,0,0,0,0,0,0,false,false,0,0,0,13009033,13009033
0x6b930C718f45d6A29321461aD96560032B2C4d2F,10,10,1,0,false,0,0,0,0,0,0,0,0,0,false,false,0,0,0,13009046,13009046
0xE161b0219E8F884d7ec09f8bFE8363Dd28E7E48b,10,10,1,0,false,0,0,0,0,0,0,0,0,0,false,false,0,0,0,13009058,13009058
0x22B9D6363DBDF34D996D6F77bB95a87f3Ea260d4,10,10,1,0,false,0,0,0,0,0,0,0,0,0,false,false,0,0,0,13009071,13009071
0x03502D20B798A204dc8FDebc4e5315a98334f21b,10,10,1,0,false,0,0,0,0,0,0,0,0,0,false,false,0,0,0,13009084,13009084
0x6981e63960e0f6434cb97280dcFe7F5865b5be9e,10,10,1,0,false,0,0,0,0,0,0,0,0,0,false,false,0,0,0,13009096,13009096
0x62c9823C1e9DAAE791643743c2c4C30a7A1F5ed7,10,10,1,0,false,0,0,0,0,0,0,0,0,0,false,false,0,0,0,13009109,13009109
0x198109B0D2C786a230d18b622D3B7A1946131E09,10,10,1,0,false,0,0,0,0,0,0,0,0,0,false,false,0,0,0,13009122,13009122
0x2D631F41F6023Db409f15e1ccC337E69F62a8a58,10,10,1,0,false,0,0,0,0,0,0,0,0,0,false,false,0,0,0,13009135,13009135
0x90aEfB6Be5FB7b77B8Ffc066ccFD69F9d148482A,10,10,1,0,false,0,0,0,0,0,0,0,0,0,false,false,0,0,0,13009147,13009147
0xcB7fe13cb1Ef55e0f0AbE8851444Dfd0b7688edF,10,10,1,0,false,0,0,0,0,0,0,0,0,0,false,false,0,0,0,13009160,13009160
0x48FCbE2b5d38E5B617067e5bb87c7d0938254010,10,10,1,0,false,0,0,0,0,0,0,0,0,0,false,false,0,0,0,13009172,13009172
0x01113d119fb81f15D383f586D4c96b98698D20cc,10,10,1,0,false,0,0,0,0,0,0,0,0,0,false,false,0,0,0,13009185,13009185
0x7edBdF5b6E41E6FEd4D86A84Ee36bc28EB2fa371,10,10,1,0,false,0,0,0,0,0,0,0,0,0,false,false,0,0,0,13009198,13009198
0x5c5392e3f15361Ae3fb46804E086764D1A8E9e45,10,10,1,0,false,0,0,0,0,0,0,0,0,0,false,false,0,0,0,13009211,13009211
0xAE596cb3804BDa92559cE91996bC82C8569b4802,10,10,1,0,false,0,0,0,0,0,0,0,0,0,false,false,0,0,0,13009223,13009223
0x1EbB641782AeC4E7f9BcbC8710fd1185b1a6F4F6,10,10,1,0,false,0,0,0,0,0,0,0,0,0,false,false,0,0,0,13009236,13009236
0x820DAc42Dd0a00685f8C88EE4Bea3d396F9c8557,10,10,1,0,false,0,0,0,0,0,0,0,0,0,false,false,0,0,0,13009248,13009248
0x2A764F0003557d4e3D64d35A6434D646eB4A6A41,10,10,1,0,false,0,0,0,0,0,0,0,0,0,false,false,0,0,0,13009261,13009261
0x845984cB51fb2e74d57d4E7b89F682401f9d956b,10,10,1,0,false,0,0,0,0,0,0,0,0,0,false,false,0,0,0,13009273,13009273
0x713378ACC7aaB5536646C41AfBE6718577998a83,10,10,1,0,false,0,0,0,0,0,0,0,0,0,false,false,0,0,0,13009286,13009286
0x9F9516D55bac54dAf1426b34ff74c7c8151CD1D8,"660,072.9787","660,072.9787",2,0,false,0,0,0,0,0,0,0,0,0,false,false,0,0,0,13009299,13671759
0x4b94616005e91Cc09c156BaF234579713a996375,10,10,1,0,false,0,0,0,0,0,0,0,0,0,false,false,0,0,0,13009311,13009311
0xfFf59C96F2a927ead35E33df04bD73b17386475b,10,10,1,0,false,0,0,0,0,0,0,0,0,0,false,false,0,0,0,13009324,13009324
0xE57287049B488acBf4aF8Ac212e69427B664F339,10,10,1,0,false,0,0,0,0,0,0,0,0,0,false,false,0,0,0,13009336,13009336
0xAE43Bb9AD6CF6335DD5a66500BF6101a2736CA6b,10,10,1,0,false,0,0,0,0,0,0,0,0,0,false,false,0,0,0,13009349,13009349
0xbCCFDa52d9afF18eC9698a34D16E9e926f82f346,10,10,1,0,false,0,0,0,0,0,0,0,0,0,false,false,0,0,0,13009362,13009362
0x9EF2E6F3a7EDF94bc2789B22B819c93EEc45A136,10,10,1,0,false,0,0,0,0,0,0,0,0,0,false,false,0,0,0,13009374,13009374
0xE83dc055587109bc1957A83af9A467958B698036,10,10,1,0,false,0,0,0,0,0,0,0,0,0,false,false,0,0,0,13009387,13009387
0x75e398C4044d00a60DA427d54A122163D128F34F,10,10,1,0,false,0,0,0,0,0,0,0,0,0,false,false,0,0,0,13009400,13009400
0x3882eFe29Eb18BC9E1A440C36F7A2244fD7FC67e,10,10,1,0,false,0,0,0,0,0,0,0,0,0,false,false,0,0,0,13009413,13009413
0xf7CA043d47aC7b16c69E45b6E4Ac79660aEb8407,10,10,1,0,false,0,0,0,0,0,0,0,0,0,false,false,0,0,0,13009426,13009426
0x07299b1c33201e46BEa2237179AA7E75a0E476e3,10,10,1,0,false,0,0,0,0,0,0,0,0,0,false,false,0,0,0,13009439,13009439
0xc422C5237c94EFF8fD42c5478B6D68C615895434,10,10,1,0,false,0,0,0,0,0,0,0,0,0,false,false,0,0,0,13009452,13009452
0x94bE28809911634FD1461d34F162f5cb2291Ae90,10,10,1,0,false,0,0,0,0,0,0,0,0,0,false,false,0,0,0,13009465,13009465
0x317e1A12195AFB15852C546A480Cc9818B99b468,10,10,1,0,false,0,0,0,0,0,0,0,0,0,false,false,0,0,0,13009475,13009475
0xE9C61A37AC6138D626D0Bce445b2dDA9B0F38082,10,10,1,0,false,0,0,0,0,0,0,0,0,0,false,false,0,0,0,13009488,13009488
0xA041226a06cEC64901506C039385f570a49a7Bbd,10,10,1,0,false,0,0,0,0,0,0,0,0,0,false,false,0,0,0,13009501,13009501
0x26C84247042D827c4e03Da34d88a36896c744A81,10,10,1,0,false,0,0,0,0,0,0,0,0,0,false,false,0,0,0,13009513,13009513
0x020240bbf00Be47c069c897e059E48CE38162034,10,10,1,0,false,0,0,0,0,0,0,0,0,0,false,false,0,0,0,13009526,13009526
0x9c4dA1823855d1a69DC73DA74082336F8fDbdC96,10,10,1,0,false,0,0,0,0,0,0,0,0,0,false,false,0,0,0,13009539,13009539
0xfEa13AB49b19E54f81BFeA525d053abb7Efc973E,10,10,1,0,false,0,0,0,0,0,0,0,0,0,false,false,0,0,0,13009551,13009551
0x349436298636321967c3263506589e4fD40da412,10,10,1,0,false,0,0,0,0,0,0,0,0,0,false,false,0,0,0,13009564,13009564
0x58907a1B3a45B6B228a5F8127Eb1277C0e533c44,10,10,1,0,false,0,0,0,0,0,0,0,0,0,false,false,0,0,0,13009577,13009577
0x1E81B7e35ab9255Ea073AA6c15F4b9DDA10F93B3,10,10,1,0,false,0,0,0,0,0,0,0,0,0,false,false,0,0,0,13009589,13009589
0xd0e6961DCB643c04b2640CBFF70b05336E4bB583,10,10,1,0,false,0,0,0,0,0,0,0,0,0,false,false,0,0,0,13009602,13009602
0x2883C3326A2B0e6F04F5df06Ac8b120002882b6B,10,10,1,0,false,0,0,0,0,0,0,0,0,0,false,false,0,0,0,13009614,13009614
0xBbf20e015e0D2D8B4198c54C9Dd43d5f6a34cF7b,10,10,1,0,false,0,0,0,0,0,0,0,0,0,false,false,0,0,0,13009627,13009627
0x8F40E965BA3b00a9cDC6b50712d023CDD8409E62,10,10,1,0,false,0,0,0,0,0,0,0,0,0,false,false,0,0,0,13009640,13009640
0x48dda9B1B0FAEE50858eF9e0faDA4A70cbb61114,10,10,1,0,false,0,0,0,0,0,0,0,0,0,false,false,0,0,0,13009653,13009653
0x01591A25F916B85f504170079da64850caC5d971,10,10,1,0,false,0,0,0,0,0,0,0,0,0,false,false,0,0,0,13009665,13009665
0x181f0B8b6eF0286A5C41f68C3C1A0D3AE74c1a0F,10,10,1,0,false,0,0,0,0,0,0,0,0,0,false,false,0,0,0,13009678,13009678
0xda7688299Bf1302b395EFE2577a1f03374e26F7E,10,10,1,0,false,0,0,0,0,0,0,0,0,0,false,false,0,0,0,13009690,13009690
0x913DdB08400B8C3A8f1ea52E35dfC9536E3a1034,10,10,1,0,false,0,0,0,0,0,0,0,0,0,false,false,0,0,0,13009703,13009703
0xfEF64Ff47c896ae3A4ffB74CABCa074Cfa77A9D5,10,10,1,0,false,0,0,0,0,0,0,0,0,0,false,false,0,0,0,13009716,13009716
0x9c9D341658cd8bE9023c8b6B6cd2179c720538a0,10,10,1,0,false,0,0,0,0,0,0,0,0,0,false,false,0,0,0,13009728,13009728
0x159404f2cc688210690ea9B9b0D47b1Ac6eecF7B,10,10,1,0,false,0,0,0,0,0,0,0,0,0,false,false,0,0,0,13009741,13009741
0xE5EB60D168ea2941A26961B22370066BF9c900F3,10,10,1,0,false,0,0,0,0,0,0,0,0,0,false,false,0,0,0,13009754,13009754
0xC71A403c37E633f4c01e2c0E2A20F1302Ed8c88c,10,10,1,0,false,0,0,0,0,0,0,0,0,0,false,false,0,0,0,13009766,13009766
0x462d7d119bF8bd5b12C571B3c7Df0feeCf14d153,10,10,1,0,false,0,0,0,0,0,0,0,0,0,false,false,0,0,0,13009779,13009779
0xc48303c7c9F63219905E04beF27ebC74B6E757d1,10,10,1,0,false,0,0,0,0,0,0,0,0,0,false,false,0,0,0,13009791,13009791
0x0234454c53991d549fD0e5322804Bc59a9245245,10,10,1,0,false,0,0,0,0,0,0,0,0,0,false,false,0,0,0,13009804,13009804
0x37e58AfB90A1baE2ABe5DAD651f029fbAd81Cc10,10,10,1,0,false,0,0,0,0,0,0,0,0,0,false,false,0,0,0,13009817,13009817
0x6319517Df7400F1E21a9443F5519CD177b937246,10,10,1,0,false,0,0,0,0,0,0,0,0,0,false,false,0,0,0,13009829,13009829
0xb078bd0f51E3Cb09638D0B00Adb016b9dD337C8b,10,10,1,0,false,0,0,0,0,0,0,0,0,0,false,false,0,0,0,13009842,13009842
0xdD7BE9B46f3b2e9C12D037d428c6ffEfdb07333B,10,10,1,0,false,0,0,0,0,0,0,0,0,0,false,false,0,0,0,13009855,13009855
0xc44007B7C067Ffe40892711472fF4831Bf54af34,10,10,1,0,false,0,0,0,0,0,0,0,0,0,false,false,0,0,0,13009868,13009868
0xC4f1077c9fFa19fea42a157B08201cf425328369,10,10,1,0,false,0,0,0,0,0,0,0,0,0,false,false,0,0,0,13009881,13009881
0x045c15c96931eB02009c093714a585A8B2b70718,10,10,1,0,false,0,0,0,0,0,0,0,0,0,false,false,0,0,0,13009894,13009894
0xF631f45E0786a1f3e074fa1063de48d001dBAa9a,10,10,1,0,false,0,0,0,0,0,0,0,0,0,false,false,0,0,0,13009907,13009907
0x7A6D25833BAc683D981F0d54B5a41D06F5de283e,10,10,1,0,false,0,0,0,0,0,0,0,0,0,false,false,0,0,0,13009917,13009917
0x1E9755C2038BE51D632353cA41Ed40d86c5CAeA2,10,10,1,0,false,0,0,0,0,0,0,0,0,0,false,false,0,0,0,13009930,13009930
0xEd94cc9485e13bFC17ea45569D9Cd73790EC9596,10,10,1,0,false,0,0,0,0,0,0,0,0,0,false,false,0,0,0,13009947,13009947
0x3C77d992c0DcC794e286c517d9A233E2A3133283,10,10,1,0,false,0,0,0,0,0,0,0,0,0,false,false,0,0,0,13009959,13009959
0x45a68D897d14be3bB80dC83949C44Fb455A91e14,10,10,1,0,false,0,0,0,0,0,0,0,0,0,false,false,0,0,0,13009972,13009972
0x9EA4a8a79c9E3A7323329ec5ec5cf9323015c5Bf,10,10,1,0,false,0,0,0,0,0,0,0,0,0,false,false,0,0,0,13009985,13009985
0x093Efdb8BfF0a91a12009302bFFA8ee66c30E430,10,10,1,0,false,0,0,0,0,0,0,0,0,0,false,false,0,0,0,13009998,13009998
0xd4F8a3B221aE9B589545d63E1cC3119D0EC84aed,10,10,1,0,false,0,0,0,0,0,0,0,0,0,false,false,0,0,0,13010011,13010011
0x0a2951108573898DBaAB0A98e9d6fa6EAD5F5943,10,10,1,0,false,0,0,0,0,0,0,0,0,0,false,false,0,0,0,13010024,13010024
0x98b9c9e671445c05dee24937c486068326AD5068,10,10,1,0,false,0,0,0,0,0,0,0,0,0,false,false,0,0,0,13010037,13010037
0x394FA9eccfFeBDc8329154263913b6b5b1302Bd7,10,10,1,0,false,0,0,0,0,0,0,0,0,0,false,false,0,0,0,13010050,13010050
0x0E100a6Edaa96a3065517091F7700C0e5EA2D4cC,10,10,1,0,false,0,0,0,0,0,0,0,0,0,false,false,0,0,0,13010063,13010063
0x9bCe213971CF317D2c87073e2D07d38DaEDbb5A4,10,10,1,0,false,0,0,0,0,0,0,0,0,0,false,false,0,0,0,13010076,13010076
0xCE54dcdeF3fe1c212F77426d86CD6F8aaab135b6,10,10,1,0,false,0,0,0,0,0,0,0,0,0,false,false,0,0,0,13010089,13010089
0xB332d424DF4B67fa55638754f1720Bd6fF791847,10,10,1,0,false,0,0,0,0,0,0,0,0,0,false,false,0,0,0,13010102,13010102
0x825ED451c1296a19B8239094757c2b05955a9ec3,10,10,1,0,false,0,0,0,0,0,0,0,0,0,false,false,0,0,0,13010112,13010112
0xa927EE7dBcCB9f908AA85290c886fA20cEe4565E,10,10,1,0,false,0,0,0,0,0,0,0,0,0,false,false,0,0,0,13010125,13010125
0xd008D75Fb52F1fd3E2b0e9df2205ec2f8514f93A,10,10,1,0,false,0,0,0,0,0,0,0,0,0,false,false,0,0,0,13010138,13010138
0xA634a72999FCC9cF42EEa5AFbF1193254b94d468,10,10,1,0,false,0,0,0,0,0,0,0,0,0,false,false,0,0,0,13010151,13010151
0x7137C2987e42012843C5335cEB9904803dE8cC5E,10,10,1,0,false,0,0,0,0,0,0,0,0,0,false,false,0,0,0,13010163,13010163
0x0Dda106115Fe4FfD56ab1f7Fd01f6e5AfA2C8F34,10,10,1,0,false,0,0,0,0,0,0,0,0,0,false,false,0,0,0,13010176,13010176
0xE0e9373220668a227c88Ae49a2f8d790B7b8ae97,10,10,1,0,false,0,0,0,0,0,0,0,0,0,false,false,0,0,0,13010189,13010189
0x3721B685CcD920a0Da696aF5ea2d4346c2434286,10,10,1,0,false,0,0,0,0,0,0,0,0,0,false,false,0,0,0,13010201,13010201
0x9ce22FF0daB82411b2050147a7E141BbF394C700,10,10,1,0,false,0,0,0,0,0,0,0,0,0,false,false,0,0,0,13010214,13010214
0xb038E63b50454d5a467dC18aDe524D40AF4a3587,10,10,1,0,false,0,0,0,0,0,0,0,0,0,false,false,0,0,0,13010226,13010226
0x2849E94b981878D4807A3d0e9912098c0b7D7312,10,10,1,0,false,0,0,0,0,0,0,0,0,0,false,false,0,0,0,13010239,13010239
0x3feE732f5049190ddC6fD8928ED75d54f5070332,10,10,1,0,false,0,0,0,0,0,0,0,0,0,false,false,0,0,0,13010252,13010252
0x00C1b4986ae07A93d9aF8a3Cae359CBEAD6B385f,10,10,1,0,false,0,0,0,0,0,0,0,0,0,false,false,0,0,0,13010264,13010264
0xF7c38391574e0ff2Df258E0dAa4635A2774822C1,10,10,1,0,false,0,0,0,0,0,0,0,0,0,false,false,0,0,0,13010277,13010277
0xf7024a0ac64ecb16c680720Ac81484b9Cfb1B66C,10,10,1,0,false,0,0,0,0,0,0,0,0,0,false,false,0,0,0,13010290,13010290
0x59207d6798bD9F5fB692F7b3C9C59acb9915B56F,10,10,1,0,false,0,0,0,0,0,0,0,0,0,false,false,0,0,0,13010302,13010302
0x70e975774D7cD9c8A84252fD453A3c251D86ca89,10,10,1,0,false,0,0,0,0,0,0,0,0,0,false,false,0,0,0,13010315,13010315
0x21fB50A8693D3348e4F8164E2724AA0De59C30d3,10,10,1,0,false,0,0,0,0,0,0,0,0,0,false,false,0,0,0,13010327,13010327
0x9E6fc37B8bd2FC7855026CEc105D76342E37Af84,10,10,1,0,false,0,0,0,0,0,0,0,0,0,false,false,0,0,0,13010340,13010340
0x6c0a2333cCf3a3447f8B01c7a92cfbb15C2b24a4,10,10,1,0,false,0,0,0,0,0,0,0,0,0,false,false,0,0,0,13010353,13010353
0x15178C18D25F0ab846e4cfFba9Fc09a6462E44b3,10,10,1,0,false,0,0,0,0,0,0,0,0,0,false,false,0,0,0,13010365,13010365
0xb8c76CfE98db9648eca7589e6a8dB1D987A64792,10,10,1,0,false,0,0,0,0,0,0,0,0,0,false,false,0,0,0,13010378,13010378
0x819f066d5543f9922bBf857Fa58348a4C08776FA,10,10,1,0,false,0,0,0,0,0,0,0,0,0,false,false,0,0,0,13010391,13010391
0x33f32C5fb01aE0d017d7C1c8f99dAb54CE39c92F,10,10,1,0,false,0,0,0,0,0,0,0,0,0,false,false,0,0,0,13010403,13010403
0x39786c76037037FA6AD759780E501B65Fc8b5b66,10,10,1,0,false,0,0,0,0,0,0,0,0,0,false,false,0,0,0,13010416,13010416
0x6394e63B2C52E82d186D57533d258eA72F238B07,10,10,1,0,false,0,0,0,0,0,0,0,0,0,false,false,0,0,0,13010429,13010429
0x9057Cc888a0dFc2318A73C27cFBe240543733eA2,10,10,1,0,false,0,0,0,0,0,0,0,0,0,false,false,0,0,0,13010441,13010441
0xeaBAad8dBDFA6127a199b56eA03a970a76D1b18c,10,10,1,0,false,0,0,0,0,0,0,0,0,0,false,false,0,0,0,13010454,13010454
0x27F5787C14EF01BEf97D055D745968FFF2F1922B,10,10,1,0,false,0,0,0,0,0,0,0,0,0,false,false,0,0,0,13010466,13010466
0xd3382c71761C0a17893D4A00230a476d443fD20E,10,10,1,0,false,0,0,0,0,0,0,0,0,0,false,false,0,0,0,13010479,13010479
0x98Dae6B5750F8C8a0c4AB3026E1409286fb2090c,10,10,1,0,false,0,0,0,0,0,0,0,0,0,false,false,0,0,0,13010492,13010492
0xf8B10e13B52d8C2FF0FF30543Ce96827b964F594,10,10,1,0,false,0,0,0,0,0,0,0,0,0,false,false,0,0,0,13010505,13010505
0xA764126a861E26AE637c2b3Af0E16591fffC307B,10,10,1,0,false,0,0,0,0,0,0,0,0,0,false,false,0,0,0,13010518,13010518
0xa8cba3F57c1949d1D008a327de46885d20EfCf03,10,10,1,0,false,0,0,0,0,0,0,0,0,0,false,false,0,0,0,13010531,13010531
0xfd64d6416216D3D071569F13AC0FEe7b47d25d0F,10,10,1,0,false,0,0,0,0,0,0,0,0,0,false,false,0,0,0,13010544,13010544
0xfd8e319C148fAa1502727EE2FB09a33D9a6b9bAb,10,10,1,0,false,0,0,0,0,0,0,0,0,0,false,false,0,0,0,13010557,13010557
0x7871dBb544452d5Ed0F2f7D710ABA3f3a8f376a7,10,10,1,0,false,0,0,0,0,0,0,0,0,0,false,false,0,0,0,13010567,13010567
0xfE6f62d94Ec80E5c8751721690CD0c7F93da1731,10,10,1,0,false,0,0,0,0,0,0,0,0,0,false,false,0,0,0,13010580,13010580
0x4b11E52D02698478aa3D35ABe0e325E9659BE55a,10,10,1,0,false,0,0,0,0,0,0,0,0,0,false,false,0,0,0,13010593,13010593
0xA77DCc55dDD4DE1b8D9B2330344b47D337D2A5F4,10,10,1,0,false,0,0,0,0,0,0,0,0,0,false,false,0,0,0,13010605,13010605
0xe94CF5EEbbD17Aa8a4D8735ff4cFdEf6A9867403,10,10,1,0,false,0,0,0,0,0,0,0,0,0,false,false,0,0,0,13010618,13010618
0x1DA456F3Bd14B8fEC27f666b9a0A5Da312E4D826,10,10,1,0,false,0,0,0,0,0,0,0,0,0,false,false,0,0,0,13010630,13010630
0xA2c1ff62505d54192eCc6Eec4a2A964ed98E3B5e,10,10,1,0,false,0,0,0,0,0,0,0,0,0,false,false,0,0,0,13010643,13010643
0x89baef9255AE2bE90277a4b76bD297d97CB6AfC1,10,10,1,0,false,0,0,0,0,0,0,0,0,0,false,false,0,0,0,13010655,13010655
0x6Df3788A1840A8ea2cA90f0013a87C72f114a7B1,10,10,1,0,false,0,0,0,0,0,0,0,0,0,false,false,0,0,0,13010668,13010668
0xA30484b3FF50989415d6d5D2d4eDfCf4D09c5FE9,10,10,1,0,false,0,0,0,0,0,0,0,0,0,false,false,0,0,0,13010681,13010681
0x90f5a45Ae1DE5203F0Dc959C747E41A76035B007,10,10,1,0,false,0,0,0,0,0,0,0,0,0,false,false,0,0,0,13010694,13010694
0x59bF86761D7bdBaFe70FE63E02D7717FfF9EFe38,10,10,1,0,false,0,0,0,0,0,0,0,0,0,false,false,0,0,0,13010706,13010706
0x79b0eb697222684e829F029691444aFC5a730Cad,10,10,1,0,false,0,0,0,0,0,0,0,0,0,false,false,0,0,0,13010719,13010719
0x88054bD4a3D77E11D09702532D594ecFA7777fBA,10,10,1,0,false,0,0,0,0,0,0,0,0,0,false,false,0,0,0,13010732,13010732
0x7589719Fae09ed25E88AaDC243368a8986f267fE,10,10,1,0,false,0,0,0,0,0,0,0,0,0,false,false,0,0,0,13010744,13010744
0xF9Dc474E02119Be1310b7884C610aEdC8F3377ac,10,10,1,0,false,0,0,0,0,0,0,0,0,0,false,false,0,0,0,13010757,13010757
0xEb15Be0a36C5044C8C0f504A550e9bc41BccC2Fc,10,10,1,0,false,0,0,0,0,0,0,0,0,0,false,false,0,0,0,13010769,13010769
0x8B2d0059d83FF991e8fDb1A7713B8dD30F7F0960,10,10,1,0,false,0,0,0,0,0,0,0,0,0,false,false,0,0,0,13010782,13010782
0xA871144Ab6737ae4b7b5873dff027aac2Cf2dD45,10,10,1,0,false,0,0,0,0,0,0,0,0,0,false,false,0,0,0,13010794,13010794
0x00051d2a6348c5d269cB80D03D7977F6A828b000,10,10,1,0,false,0,0,0,0,0,0,0,0,0,false,false,0,0,0,13010807,13010807
0x95F5a3dD0084F5b6E5B0683a8993616a2431e218,10,10,1,0,false,0,0,0,0,0,0,0,0,0,false,false,0,0,0,13010820,13010820
0xa22f0979B12850AD8BCFfCD1e8EA5450B3ae168d,10,10,1,0,false,0,0,0,0,0,0,0,0,0,false,false,0,0,0,13010832,13010832
0x95f6743C214faFdcc4457dA3B5cFe19625525d8d,10,10,1,0,false,0,0,0,0,0,0,0,0,0,false,false,0,0,0,13010845,13010845
0x69e1B0aB696e54C1002458763476073CF6636568,10,10,1,0,false,0,0,0,0,0,0,0,0,0,false,false,0,0,0,13010858,13010858
0x08304d05f2a55C22b7963d3e2850d907E9f0d923,10,10,1,0,false,0,0,0,0,0,0,0,0,0,false,false,0,0,0,13010870,13010870
0x92217a064596E650160E2292AC10Be2556A44D9D,10,10,1,0,false,0,0,0,0,0,0,0,0,0,false,false,0,0,0,13010883,13010883
0x2B937E37f258Cc69B652B94A36fAbb493Be1D103,10,10,1,0,false,0,0,0,0,0,0,0,0,0,false,false,0,0,0,13010896,13010896
0x4D6F811112268A23713ee0386f7fda9D623569dd,10,10,1,0,false,0,0,0,0,0,0,0,0,0,false,false,0,0,0,13010908,13010908
0x3872732C2324558B0aa06703d94C4981ab44219f,10,10,1,0,false,0,0,0,0,0,0,0,0,0,false,false,0,0,0,13010921,13010921
0x443661a2324eA62d9C652fc2725D0D8DaB4487C6,10,10,1,0,false,0,0,0,0,0,0,0,0,0,false,false,0,0,0,13010934,13010934
0x332582f64Be0198615F4008655695Aeea35161a9,10,10,1,0,false,0,0,0,0,0,0,0,0,0,false,false,0,0,0,13010947,13010947
0xb6d4f8833c48Cd934b68b07b1985ecbC768BE8c8,10,10,1,0,false,0,0,0,0,0,0,0,0,0,false,false,0,0,0,13010960,13010960
0x80D2fc5dfe64BFd673b68E82F4EA9FE729730993,10,10,1,0,false,0,0,0,0,0,0,0,0,0,false,false,0,0,0,13010973,13010973
0x2626924559167B6971e8A14E11E1967C23eb5811,10,10,1,0,false,0,0,0,0,0,0,0,0,0,false,false,0,0,0,13010986,13010986
0x882e0B27a85aAd289Db4621401aDdC62826Df91D,10,10,1,0,false,0,0,0,0,0,0,0,0,0,false,false,0,0,0,13010999,13010999
0xf738D65858F5d1e0adaA001E8180D6113853AB8B,10,10,1,0,false,0,0,0,0,0,0,0,0,0,false,false,0,0,0,13011009,13011009
0x0F8e28e80A32582FAC87CFC3106953a59C9ef4Ec,10,10,1,0,false,0,0,0,0,0,0,0,0,0,false,false,0,0,0,13011022,13011022
0x5E241173E4712a58690623b0e0FF9dE04BA2b613,10,10,1,0,false,0,0,0,0,0,0,0,0,0,false,false,0,0,0,13011035,13011035
0x7052F1eF6CD2655940e1e59Fef5129eFa920F357,10,10,1,0,false,0,0,0,0,0,0,0,0,0,false,false,0,0,0,13011048,13011048
0x7C7BF2f0f58520148587a76E52E50338B346b30a,10,10,1,0,false,0,0,0,0,0,0,0,0,0,false,false,0,0,0,13011060,13011060
0xF9643ECE8C353B0a961786b1f419648B566E36F6,10,10,1,0,false,0,0,0,0,0,0,0,0,0,false,false,0,0,0,13011073,13011073
0xC655C18B2C021fb5dc5f61a95CCdd4f4a3a3D89c,10,10,1,0,false,0,0,0,0,0,0,0,0,0,false,false,0,0,0,13011086,13011086
0x75c9c7f1907AC82285544420D079D70Fb7e44820,10,10,1,0,false,0,0,0,0,0,0,0,0,0,false,false,0,0,0,13011098,13011098
0x87AB8Ff9325c2f4959BcA2619994e361Da18f6bc,10,10,1,0,false,0,0,0,0,0,0,0,0,0,false,false,0,0,0,13011111,13011111
0xc71CB7622367Ea9aC74E2Ee74F52E512A5Caf6aA,10,10,1,0,false,0,0,0,0,0,0,0,0,0,false,false,0,0,0,13011123,13011123
0xc0d716A33B90e17e67416892C342D8C10BBeC578,10,10,1,0,false,0,0,0,0,0,0,0,0,0,false,false,0,0,0,13011136,13011136
0x1aaf008d6E112Ad68Ba9bD559e9787080FF200f8,10,10,1,0,false,0,0,0,0,0,0,0,0,0,false,false,0,0,0,13011149,13011149
0x7cFDbBBD489199701f9d72f3AFEe1029708c5360,10,10,1,0,false,0,0,0,0,0,0,0,0,0,false,false,0,0,0,13011161,13011161
0x53613569FB50f0087E63735BEDaD79e443562Ab7,10,10,1,0,false,0,0,0,0,0,0,0,0,0,false,false,0,0,0,13011174,13011174
0xc5Fe824a64fDCF3397CaA37cD5ABa516B722EE66,10,10,1,0,false,0,0,0,0,0,0,0,0,0,false,false,0,0,0,13011187,13011187
0x3f9E21f6f90AAaa38423B8973d84F688eC37EfA9,10,10,1,0,false,0,0,0,0,0,0,0,0,0,false,false,0,0,0,13011200,13011200
0x0A215E874CFAF42a853CCA2516d8bd5a66fe9FdE,10,10,1,0,false,0,0,0,0,0,0,0,0,0,false,false,0,0,0,13011212,13011212
0x584BEeb4B35FE095eAe92331eeE49084283c1365,10,10,1,0,false,0,0,0,0,0,0,0,0,0,false,false,0,0,0,13011225,13011225
0x8a2D7EBee3e219177cFFC9E61E8A38C66D7510cf,"825,863.3354","825,863.3354",28,0,false,0,0,0,0,0,0,0,0,0,false,false,0,0,0,12511129,15694259
0xa6B9C34EA253B275F12a05cA30F4F657Df3Ee19C,10,10,1,0,false,0,0,0,0,0,0,0,0,0,false,false,0,0,0,13011250,13011250
0x95952F10B45100D567AB812b79EeD2753944EA0c,10,10,1,0,false,0,0,0,0,0,0,0,0,0,false,false,0,0,0,13011263,13011263
0x3cd89C66F0329aC747A60A748858CAFc8F3Ee1cE,10,10,1,0,false,0,0,0,0,0,0,0,0,0,false,false,0,0,0,13011276,13011276
0xa8D598cca1470FA05181636c0194340BbdC24784,10,10,1,0,false,0,0,0,0,0,0,0,0,0,false,false,0,0,0,13011288,13011288
0x35Fb327A5087Bf230B6B1c44369d0E5D93dd842b,10,10,1,0,false,0,0,0,0,0,0,0,0,0,false,false,0,0,0,13011301,13011301
0x3790E1e1cF921fC05ce511991635De5b49EF64Fe,10,10,1,0,false,0,0,0,0,0,0,0,0,0,false,false,0,0,0,13011314,13011314
0x73f3A378C6e694d79C396E8581e696563e16A650,10,10,1,0,false,0,0,0,0,0,0,0,0,0,false,false,0,0,0,13011327,13011327
0xd33DF623fa54efc2E882dC4cecFbF38Cf48e9F1B,10,10,1,0,false,0,0,0,0,0,0,0,0,0,false,false,0,0,0,13011339,13011339
0x57d9FCb189FE0D6b6D5Ac066dA9Df400bBB4B9cC,10,10,1,0,false,0,0,0,0,0,0,0,0,0,false,false,0,0,0,13011352,13011352
0x44befc00970BCCFf516e4016fF5D11E9008AfCF4,10,10,1,0,false,0,0,0,0,0,0,0,0,0,false,false,0,0,0,13011365,13011365
0x9eB889C518FB656A07Cd9b461840525D3f235034,10,10,1,0,false,0,0,0,0,0,0,0,0,0,false,false,0,0,0,13011377,13011377
0x73F6055c2D4E7C5c094Ee29618142f217BE44eA6,10,10,1,0,false,0,0,0,0,0,0,0,0,0,false,false,0,0,0,13011390,13011390
0xC5a732b4Cf3b177958B5379F2EB7975E03adBdBF,10,10,1,0,false,0,0,0,0,0,0,0,0,0,false,false,0,0,0,13011403,13011403
0x2E989311cEe6A88697B32ef4F4934C1E9EF4a04D,10,10,1,0,false,0,0,0,0,0,0,0,0,0,false,false,0,0,0,13011415,13011415
0xA09eCD962f1b51aa900AFECB9C82FCAB90CDbC91,10,10,1,0,false,0,0,0,0,0,0,0,0,0,false,false,0,0,0,13011428,13011428
0x1899dabD6e020A35dBc8596CCFa510a3a527bA72,10,10,1,0,false,0,0,0,0,0,0,0,0,0,false,false,0,0,0,13011441,13011441
0x16b80A5c03bB29ccaAa815d0f5b1a6D6f60AE6Ce,10,10,1,0,false,0,0,0,0,0,0,0,0,0,false,false,0,0,0,13011454,13011454
0x7F2936AB0f0986f7931C31d45B03f25Ea7698dC6,10,10,1,0,false,0,0,0,0,0,0,0,0,0,false,false,0,0,0,13011469,13011469
0xA99d17cD2BEEb1017e812705Bfa5b7eEC3ea7402,10,10,1,0,false,0,0,0,0,0,0,0,0,0,false,false,0,0,0,13011481,13011481
0x48CB4364fcef62Bea821eE5B5a38E8A6B49a09a8,10,10,1,0,false,0,0,0,0,0,0,0,0,0,false,false,0,0,0,13011494,13011494
0xD66549FCB800B55c4eC258Ca73bb866f7c1Bd0d6,"1,524,207.5282","1,524,207.5282",2,0,false,0,0,0,0,0,0,0,0,0,false,false,0,0,0,12873844,13011507
0x1562d92709304eb4727B8B85030d01341bCc6197,10,10,1,0,false,0,0,0,0,0,0,0,0,0,false,false,0,0,0,13011519,13011519
0xC0a05f255d3D0a550F5eA311B11FCE86AFE0b711,10,10,1,0,false,0,0,0,0,0,0,0,0,0,false,false,0,0,0,13011532,13011532
0x06311bbBC751300f0E0320213fD6D16b668805e1,10,10,1,0,false,0,0,0,0,0,0,0,0,0,false,false,0,0,0,13011545,13011545
0x18D0bdD70a6f53c37845Db3fFD5C10E1B0685BFB,10,10,1,0,false,0,0,0,0,0,0,0,0,0,false,false,0,0,0,13011558,13011558
0x7c5aD41031447118376Ea2003bFb01fD3B724Ac0,10,10,1,0,false,0,0,0,0,0,0,0,0,0,false,false,0,0,0,13011571,13011571
0x05dBe5C1caF4aedC2471a27C4B75B45917d260e8,10,10,1,0,false,0,0,0,0,0,0,0,0,0,false,false,0,0,0,13011584,13011584
0xAe91346C434AB94049d6D2Acee4a372106AC83D4,10,10,1,0,false,0,0,0,0,0,0,0,0,0,false,false,0,0,0,13011597,13011597
0x72f362df6BD9F96F77c0BCDA9cEb9e387933A511,10,10,1,0,false,0,0,0,0,0,0,0,0,0,false,false,0,0,0,13011610,13011610
0x9799e172bB61eb5921388A216DE727DBa3A9ED63,10,10,1,0,false,0,0,0,0,0,0,0,0,0,false,false,0,0,0,13011623,13011623
0x3c4e01cf557A989F36d48CEE03e702188C61B7A3,10,10,1,0,false,0,0,0,0,0,0,0,0,0,false,false,0,0,0,13011633,13011633
0xe9AfE6aAFF914a0eBD87959dfF1Ff7eA4d417F4A,10,10,1,0,false,0,0,0,0,0,0,0,0,0,false,false,0,0,0,13011646,13011646
0x0f23Ce6C2d89aBE21dc68a41D005b3E8c8dA12e0,10,10,1,0,false,0,0,0,0,0,0,0,0,0,false,false,0,0,0,13011659,13011659
0xe0be9e106A8E389B1c20C12cdC6e3E9CD31c34C8,10,10,1,0,false,0,0,0,0,0,0,0,0,0,false,false,0,0,0,13011671,13011671
0x6b877D051C0581D58152dd24Cb8E57707ac45F8a,10,10,1,0,false,0,0,0,0,0,0,0,0,0,false,false,0,0,0,13011684,13011684
0x492091Efe7129274CA85F24302C448C00E228B37,10,10,1,0,false,0,0,0,0,0,0,0,0,0,false,false,0,0,0,13011697,13011697
0x000000431DdC2612C8Db1F76A49Ba0f78b754443,10,10,1,0,false,0,0,0,0,0,0,0,0,0,false,false,0,0,0,13011709,13011709
0x58422Bab5B51870B3B8838eC5e97adB144298Af2,10,10,1,0,false,0,0,0,0,0,0,0,0,0,false,false,0,0,0,13011722,13011722
0xaC32DEE984eeC6C7C705282E6918D1cAAD8CE7Ab,10,10,1,0,false,0,0,0,0,0,0,0,0,0,false,false,0,0,0,13011734,13011734
0xad5F44dc19A94b38d1D43E686a5A5e5BB0bDaD72,10,10,1,0,false,0,0,0,0,0,0,0,0,0,false,false,0,0,0,13011747,13011747
0xFbd1d1c16d29F5664fB10072e39aED719A1D1ad7,10,10,1,0,false,0,0,0,0,0,0,0,0,0,false,false,0,0,0,13011760,13011760
0x6827E3f11fc376e12bFaBB592F7DcA8F771d589e,10,10,1,0,false,0,0,0,0,0,0,0,0,0,false,false,0,0,0,13011773,13011773
0x031aC20FE20861700a43afd21Bad2C1DEAa29A93,10,10,1,0,false,0,0,0,0,0,0,0,0,0,false,false,0,0,0,13011785,13011785
0x1880704f0cFC0e7d0298bBdEF806d8a04F01367B,10,10,1,0,false,0,0,0,0,0,0,0,0,0,false,false,0,0,0,13011798,13011798
0x9E5ab58D72e7fccD8Cd373A0a39986bc20847CD1,10,10,1,0,false,0,0,0,0,0,0,0,0,0,false,false,0,0,0,13011811,13011811
0x2c0F85551bf4c7C0CBfD47324dde503C09DdAA07,10,10,1,0,false,0,0,0,0,0,0,0,0,0,false,false,0,0,0,13011823,13011823
0x35516fCeF59Ad3E7355BAA9E3390F07e869A2040,10,10,1,0,false,0,0,0,0,0,0,0,0,0,false,false,0,0,0,13011836,13011836
0x88a09A05B60e5649e6F20b45d305D80D44431d42,10,10,1,0,false,0,0,0,0,0,0,0,0,0,false,false,0,0,0,13011849,13011849
0x6663C89c93B4876A497b9763e73a30be238043F0,10,10,1,0,false,0,0,0,0,0,0,0,0,0,false,false,0,0,0,13011861,13011861
0x0198652A5224B5A1d41Fe734062DEeDbc16e1C0c,10,10,1,0,false,0,0,0,0,0,0,0,0,0,false,false,0,0,0,13011874,13011874
0x3706412a64C24Cefb05F8F229d51f13891DC9319,10,10,1,0,false,0,0,0,0,0,0,0,0,0,false,false,0,0,0,13011887,13011887
0xdC5Bb48487c999B486FB340BDFEd8826faEFaa39,10,10,1,0,false,0,0,0,0,0,0,0,0,0,false,false,0,0,0,13011899,13011899
0x62AFFE869819C23c965FFe74D16c2858d124b0D0,10,10,1,0,false,0,0,0,0,0,0,0,0,0,false,false,0,0,0,13011912,13011912
0x41fa2F223CB8167557Ee74e6fE021ed155660b18,10,10,1,0,false,0,0,0,0,0,0,0,0,0,false,false,0,0,0,13011925,13011925
0xfd32ae0F51b58144aaD958c2cd47d2d59dc64709,10,10,1,0,false,0,0,0,0,0,0,0,0,0,false,false,0,0,0,13011937,13011937
0xC6375662c10142d5B72d214294bC09f99a0c08AA,10,10,1,0,false,0,0,0,0,0,0,0,0,0,false,false,0,0,0,13011950,13011950
0xD326004F985711919445471954E609477843C9D5,10,10,1,0,false,0,0,0,0,0,0,0,0,0,false,false,0,0,0,13011963,13011963
0x341B03bC544c797095E30D9DD050edA7b19E567E,10,10,1,0,false,0,0,0,0,0,0,0,0,0,false,false,0,0,0,13011975,13011975
0x0F6cd4A9357E5bc859172E8802239abCd8066D0B,10,10,1,0,false,0,0,0,0,0,0,0,0,0,false,false,0,0,0,13011988,13011988
0xe4A45f74967f75dcCD6947A9DFE25333727a4737,10,10,1,0,false,0,0,0,0,0,0,0,0,0,false,false,0,0,0,13012001,13012001
0x3422af4c61072108239ef159357c7888725b2A66,10,10,1,0,false,0,0,0,0,0,0,0,0,0,false,false,0,0,0,13012013,13012013
0x810fd51A53c6d865D885e7c6556C815e1787BaF4,10,10,1,0,false,0,0,0,0,0,0,0,0,0,false,false,0,0,0,13012026,13012026
0x0D534b25f9C3971615Fc0c971cb74FdB73457FB1,10,10,1,0,false,0,0,0,0,0,0,0,0,0,false,false,0,0,0,13012039,13012039
0xe81072AEF510199FEE1527a0Fe3ddf8903bEb569,10,10,1,0,false,0,0,0,0,0,0,0,0,0,false,false,0,0,0,13012052,13012052
0x3713C4EFa14C113081b702593FE3FF2cE955A363,10,10,1,0,false,0,0,0,0,0,0,0,0,0,false,false,0,0,0,13012065,13012065
0x4291e7dEB1BbD2056D6f52d09B8f8E755836883b,10,10,1,0,false,0,0,0,0,0,0,0,0,0,false,false,0,0,0,13012078,13012078
0x53287F2db1802E3F05AFF16f394D0bC3d8BAb749,10,10,1,0,false,0,0,0,0,0,0,0,0,0,false,false,0,0,0,13012091,13012091
0xEC5f0ddf07B89B659fb1b578fEfEB4A8D335826A,10,10,1,0,false,0,0,0,0,0,0,0,0,0,false,false,0,0,0,13012104,13012104
0x20A349c31B2fde810ad8e9c1d21B1c2b88891bd3,10,10,1,0,false,0,0,0,0,0,0,0,0,0,false,false,0,0,0,13012114,13012114
0x82357FB0b865F72601A13B0d941d11e067829fcD,10,10,1,0,false,0,0,0,0,0,0,0,0,0,false,false,0,0,0,13012130,13012130
0x4e12521BFF9786936839F1c370D719af39a3f147,10,10,1,0,false,0,0,0,0,0,0,0,0,0,false,false,0,0,0,13012140,13012140
0xfE276C699DA9fA8aC510e79d7502972aB88920d4,10,10,1,0,false,0,0,0,0,0,0,0,0,0,false,false,0,0,0,13012153,13012153
0x1DDF9d94DD7119Acf0161e318768286303e4ce14,10,10,1,0,false,0,0,0,0,0,0,0,0,0,false,false,0,0,0,13012165,13012165
0xe33193BDC99A5eF7714732757A6F1E627302D177,10,10,1,0,false,0,0,0,0,0,0,0,0,0,false,false,0,0,0,13012178,13012178
0xE3235D2C8644ca693F842C2F423F3904B518723E,10,10,1,0,false,0,0,0,0,0,0,0,0,0,false,false,0,0,0,13012191,13012191
0xb7Dba0Fd36C9e9fEB944e8B538FE0F0048001FcE,10,10,1,0,false,0,0,0,0,0,0,0,0,0,false,false,0,0,0,13012203,13012203
0xE0A892Df923c7655C79a04c56C07Fb6B0CfC5090,10,10,1,0,false,0,0,0,0,0,0,0,0,0,false,false,0,0,0,13012216,13012216
0x2AD8b016a536999907179B38C0615CAe7123Df6b,10,10,1,0,false,0,0,0,0,0,0,0,0,0,false,false,0,0,0,13012229,13012229
0x2aABB88Ed8341f02FCaFe41E5C70932633B4A877,10,10,1,0,false,0,0,0,0,0,0,0,0,0,false,false,0,0,0,13012241,13012241
0x9AA3386965A185a50a09559FC0D8C969e1d02c0e,10,10,1,0,false,0,0,0,0,0,0,0,0,0,false,false,0,0,0,13012254,13012254
0x4A029Bdd76183aBC4B0b3964E4Bb4bF57c7CB55B,10,10,1,0,false,0,0,0,0,0,0,0,0,0,false,false,0,0,0,13012267,13012267
0xf0a7C6BBdf97AC181431E2fDe6B45E42f772640c,10,10,1,0,false,0,0,0,0,0,0,0,0,0,false,false,0,0,0,13012279,13012279
0x6Ca403371D7312954Be88974af094e8eA65Add6F,10,10,1,0,false,0,0,0,0,0,0,0,0,0,false,false,0,0,0,13012292,13012292
0x440B6ffa9c90957f3a7684DDF05F2188d26413B3,10,10,1,0,false,0,0,0,0,0,0,0,0,0,false,false,0,0,0,13012305,13012305
0x22e72d922C7db46F0F40F3b58c9f44d14331F430,10,10,1,0,false,0,0,0,0,0,0,0,0,0,false,false,0,0,0,13012318,13012318
0xFbfBB441313C00CdEe56B26D00dF6Da33C596fb2,10,10,1,0,false,0,0,0,0,0,0,0,0,0,false,false,0,0,0,13012330,13012330
0xcC9C1dAC538b7E698C95bAa0C66c345598634CC7,10,10,1,0,false,0,0,0,0,0,0,0,0,0,false,false,0,0,0,13012343,13012343
0x7C0C67FAaC7887E5933Db0374Ddb6a3d4e763a95,10,10,1,0,false,0,0,0,0,0,0,0,0,0,false,false,0,0,0,13012356,13012356
0x70a0927378deF3E59747B210E7E38B4402f10A07,10,10,1,0,false,0,0,0,0,0,0,0,0,0,false,false,0,0,0,13012368,13012368
0x244D40D9847841BFe3F131E6E3e71722451bfF5d,10,10,1,0,false,0,0,0,0,0,0,0,0,0,false,false,0,0,0,13012381,13012381
0x60C4EE76E62461B0CCFD1048C2abF7575811704B,10,10,1,0,false,0,0,0,0,0,0,0,0,0,false,false,0,0,0,13012394,13012394
0x4A6d8e5F48E8d94901A90Cd469eBa2C7ed92aE89,10,10,1,0,false,0,0,0,0,0,0,0,0,0,false,false,0,0,0,13012406,13012406
0xc22c2FdD33f30C6b0FE6993815e4d38D7711D35f,10,10,1,0,false,0,0,0,0,0,0,0,0,0,false,false,0,0,0,13012419,13012419
0xC293e1EF7C34799F63cF17FE2f65054F216A53ba,10,10,1,0,false,0,0,0,0,0,0,0,0,0,false,false,0,0,0,13012432,13012432
0x668Cdb775fB57fF17C866BFFd7A51dD4AA222f46,10,10,1,0,false,0,0,0,0,0,0,0,0,0,false,false,0,0,0,13012445,13012445
0xa0AE050cD7A9053C7054bA48D15c0143306D614c,10,10,1,0,false,0,0,0,0,0,0,0,0,0,false,false,0,0,0,13012458,13012458
0x4dF0ffA4636cc2eb0c758cD3163eA68224a10572,10,10,1,0,false,0,0,0,0,0,0,0,0,0,false,false,0,0,0,13012471,13012471
0xeB8F3CB941cD2Ee91f00F80cE5fde4a9A201e546,10,10,1,0,false,0,0,0,0,0,0,0,0,0,false,false,0,0,0,13012483,13012483
0xE02BA4755D8D642c41783B9042B4f747b750ec49,10,10,1,0,false,0,0,0,0,0,0,0,0,0,false,false,0,0,0,13012496,13012496
0x75A7011f4F809Af6666D0A21ef4F23ce2069A60B,10,10,1,0,false,0,0,0,0,0,0,0,0,0,false,false,0,0,0,13012509,13012509
0xcF8d3063e7074B38f4548A7e2798CE2D498A8Ee2,10,10,1,0,false,0,0,0,0,0,0,0,0,0,false,false,0,0,0,13012521,13012521
0x97dF865cBD3b01CCb0a1F4f7C1B120962DBa9b7b,10,10,1,0,false,0,0,0,0,0,0,0,0,0,false,false,0,0,0,13012534,13012534
0x0cDA80178BdC99a039ae6a73152469a38BB62a9b,10,10,1,0,false,0,0,0,0,0,0,0,0,0,false,false,0,0,0,13012547,13012547
0x279d81D99AD2563E3567EEAaeB46286cE3ee9733,10,10,1,0,false,0,0,0,0,0,0,0,0,0,false,false,0,0,0,13012560,13012560
0x102f479312F69157Df8B804905A20FE5025881a5,10,10,1,0,false,0,0,0,0,0,0,0,0,0,false,false,0,0,0,13012572,13012572
0x0a4f2969F088f5e62CD833b167A664868ec6fE91,10,10,1,0,false,0,0,0,0,0,0,0,0,0,false,false,0,0,0,13012585,13012585
0x3234b40486b5c9799C8604184DeE872ce8126c32,10,10,1,0,false,0,0,0,0,0,0,0,0,0,false,false,0,0,0,13012598,13012598
0x553CF51535AaC5437e38476a55fa4d67DE5139a1,10,10,1,0,false,0,0,0,0,0,0,0,0,0,false,false,0,0,0,13012611,13012611
0xe7486A11d54087EbF27898c749D503fCdc3bb9f0,10,10,1,0,false,0,0,0,0,0,0,0,0,0,false,false,0,0,0,13012624,13012624
0x6eCa4ef3312d2d278E17d99BB78E38E749AEdd2f,10,10,1,0,false,0,0,0,0,0,0,0,0,0,false,false,0,0,0,13012637,13012637
0x4ACb6C4321253548a7d4Bb9C84032Cc4eE04bFD7,10,10,1,0,false,0,0,0,0,0,0,0,0,0,false,false,0,0,0,13012650,13012650
0xBD775EE14622c1864a2Ab93eA646088Aa63c7217,10,10,1,0,false,0,0,0,0,0,0,0,0,0,false,false,0,0,0,13012663,13012663
0xc68D4729d1565E336d6552A5661DdbAfE28dD324,10,10,1,0,false,0,0,0,0,0,0,0,0,0,false,false,0,0,0,13012676,13012676
0xa959f571383E0a0Ae0F1E9331034Ed2B73a337fB,10,10,1,0,false,0,0,0,0,0,0,0,0,0,false,false,0,0,0,13012689,13012689
0x8752a12dEb4Afd2D61B98286F3e9cA3505f3b031,10,10,1,0,false,0,0,0,0,0,0,0,0,0,false,false,0,0,0,13012702,13012702
0x56cC53b236d0D074d3ce69fFcE54E77d3A376F33,10,10,1,0,false,0,0,0,0,0,0,0,0,0,false,false,0,0,0,13012715,13012715
0xbf18236F0B19CA53769c730d6dA2ae4D6E975E62,10,10,1,0,false,0,0,0,0,0,0,0,0,0,false,false,0,0,0,13012728,13012728
0x5Bb96f4BbdD1F6Fdbfe31dd329e6ebF883FF5a59,10,10,1,0,false,0,0,0,0,0,0,0,0,0,false,false,0,0,0,13012738,13012738
0x9C4F8c9d3A94A1822Bd5D4A829903d4e114eE9A1,10,10,1,0,false,0,0,0,0,0,0,0,0,0,false,false,0,0,0,13012751,13012751
0x79cd892fe2EBf12AbD087F22F688bB58Cec4dFEe,10,10,1,0,false,0,0,0,0,0,0,0,0,0,false,false,0,0,0,13012763,13012763
0x27F760Fd0f0FCd039c99e801F9333bff66DE82cc,10,10,1,0,false,0,0,0,0,0,0,0,0,0,false,false,0,0,0,13012775,13012775
0xc19F86842AFf330E5453F1e35D67AEb54A633d1e,10,10,1,0,false,0,0,0,0,0,0,0,0,0,false,false,0,0,0,13012788,13012788
0xB246A5f4F9800Ca84E2c69E7189D10592109FeeD,10,10,1,0,false,0,0,0,0,0,0,0,0,0,false,false,0,0,0,13012801,13012801
0x498A7E8F22675cCA7F6a796df23E8D4B61A0A75C,10,10,1,0,false,0,0,0,0,0,0,0,0,0,false,false,0,0,0,13012814,13012814
0x16D9824D530e4da55190B465a4B397a0572C6837,10,10,1,0,false,0,0,0,0,0,0,0,0,0,false,false,0,0,0,13012826,13012826
0x67762FeF096B5D38a68A73e49FBd4A1cA21CD29c,10,10,1,0,false,0,0,0,0,0,0,0,0,0,false,false,0,0,0,13012839,13012839
0x389F20e69476C7B094e13C7f5531eC7Be2d3DE85,10,10,1,0,false,0,0,0,0,0,0,0,0,0,false,false,0,0,0,13012852,13012852
0xc91e85Fd2d954EbA77c7BEfE1ce2d2DC273E5d7e,10,10,1,0,false,0,0,0,0,0,0,0,0,0,false,false,0,0,0,13012865,13012865
0xef76780064FdFA4b1A84c6E44Aba15209c2c9Fb7,10,10,1,0,false,0,0,0,0,0,0,0,0,0,false,false,0,0,0,13012877,13012877
0xb8Eceb79b9Af7C4A1Dbb8c0020B66EB82376F3a1,10,10,1,0,false,0,0,0,0,0,0,0,0,0,false,false,0,0,0,13012890,13012890
0xa681E4F061FF53EfD403c6e3fe65E7679a03ecf4,10,10,1,0,false,0,0,0,0,0,0,0,0,0,false,false,0,0,0,13012903,13012903
0xEd3E234Cf2c006d471C7F86B08308ABfDe8a9e1D,10,10,1,0,false,0,0,0,0,0,0,0,0,0,false,false,0,0,0,13012915,13012915
0xa9A2A43D02313e0B756EE2A3514F896a788371D0,10,10,1,0,false,0,0,0,0,0,0,0,0,0,false,false,0,0,0,13012928,13012928
0x81707E76e7406EaF845EfeDE6D0C8b86eb038b48,10,10,1,0,false,0,0,0,0,0,0,0,0,0,false,false,0,0,0,13012941,13012941
0xDfdA9c4460d4433e65E783224D5061E282581B20,10,10,1,0,false,0,0,0,0,0,0,0,0,0,false,false,0,0,0,13012953,13012953
0x98646aC4b78edAaE13D86eA4a55227373bE9EADA,10,10,1,0,false,0,0,0,0,0,0,0,0,0,false,false,0,0,0,13012967,13012967
0x4165ac75516763DAE3481a5143f31F7B11ed618b,10,10,1,0,false,0,0,0,0,0,0,0,0,0,false,false,0,0,0,13012980,13012980
0xCDA49D60aD318670f24C9b635867C14aB110B95D,10,10,1,0,false,0,0,0,0,0,0,0,0,0,false,false,0,0,0,13012993,13012993
0x8bc86D0b0556535fc37BFcEA4296889A15ccF37f,10,10,1,0,false,0,0,0,0,0,0,0,0,0,false,false,0,0,0,13013006,13013006
0x42825557047fBc168b841d8B2AB5fe957811c0Fe,10,10,1,0,false,0,0,0,0,0,0,0,0,0,false,false,0,0,0,13013018,13013018
0x9d544d787d863Aa56e8BD8aBF65dE6EaB703Fd70,10,10,1,0,false,0,0,0,0,0,0,0,0,0,false,false,0,0,0,13013031,13013031
0xC0E77061eF4577340bc329Eafb7C9333B8f154E7,10,10,1,0,false,0,0,0,0,0,0,0,0,0,false,false,0,0,0,13013044,13013044
0x56EF8756d40B081720B8fBfd71832975441af9DC,10,10,1,0,false,0,0,0,0,0,0,0,0,0,false,false,0,0,0,13013056,13013056
0x9a2A7e1A0852D2C8d78723FdEc417D0A49144916,10,10,1,0,false,0,0,0,0,0,0,0,0,0,false,false,0,0,0,13013069,13013069
0x676621CB21eBa9971251fe5fafBBDf028476FDa6,10,10,1,0,false,0,0,0,0,0,0,0,0,0,false,false,0,0,0,13013082,13013082
0xBbEbc67c41F8E7E1ed8EC093415f350164CEF699,10,10,1,0,false,0,0,0,0,0,0,0,0,0,false,false,0,0,0,13013095,13013095
0x853DAF9a6f8dB020eA73e6F17ed0221e51dC5B14,10,10,1,0,false,0,0,0,0,0,0,0,0,0,false,false,0,0,0,13013107,13013107
0x9564319562F6A7B948c34d24Bdf8c3B98D2A5068,10,10,1,0,false,0,0,0,0,0,0,0,0,0,false,false,0,0,0,13013120,13013120
0xcAf21CFeC556A275c4126ab40b66aB67E5a30bAc,10,10,1,0,false,0,0,0,0,0,0,0,0,0,false,false,0,0,0,13013132,13013132
0x57F908a2EA4C0549286c5844B929347cb85a892a,10,10,1,0,false,0,0,0,0,0,0,0,0,0,false,false,0,0,0,13013145,13013145
0x68969B8F123d875bA8A13c4fF64a1Ff75a1aA137,10,10,1,0,false,0,0,0,0,0,0,0,0,0,false,false,0,0,0,13013158,13013158
0x3bA4D6E58A372b0b0fbe35038818Ea8860274517,10,10,1,0,false,0,0,0,0,0,0,0,0,0,false,false,0,0,0,13013170,13013170
0x2A986B33d6330BBB5333c6E19da018DaD7c2E2B0,10,10,1,0,false,0,0,0,0,0,0,0,0,0,false,false,0,0,0,13013183,13013183
0x01A412067a502c78c9CA06dad2C79161926df2a5,10,10,1,0,false,0,0,0,0,0,0,0,0,0,false,false,0,0,0,13013196,13013196
0xa73483624C807BF09d0e0fc35c08AA57582076dd,10,10,1,0,false,0,0,0,0,0,0,0,0,0,false,false,0,0,0,13013209,13013209
0xd20cEC3D4C2B05371301E200296d47348A2ecc62,10,10,1,0,false,0,0,0,0,0,0,0,0,0,false,false,0,0,0,13013222,13013222
0x836076DA6e9C93c582F0bB1833C928062B99fe88,10,10,1,0,false,0,0,0,0,0,0,0,0,0,false,false,0,0,0,13013235,13013235
0xCBc95DFCb5336bDC49bBECFcDa405Dd49CFC32B9,10,10,1,0,false,0,0,0,0,0,0,0,0,0,false,false,0,0,0,13013248,13013248
0xF9C1d2D6531FC518e7ADf6fEfEd06a394e011F79,10,10,1,0,false,0,0,0,0,0,0,0,0,0,false,false,0,0,0,13013261,13013261
0x0e1fFB6B6965030e7e1094690DD0C88626639cB2,10,10,1,0,false,0,0,0,0,0,0,0,0,0,false,false,0,0,0,13013274,13013274
0x856e4E438aD4e4C036C635b50c08e5e1dAEdcfA7,10,10,1,0,false,0,0,0,0,0,0,0,0,0,false,false,0,0,0,13013284,13013284
0xD4d0Eeca167E386E171AbBF413279B8F7C7d8147,10,10,1,0,false,0,0,0,0,0,0,0,0,0,false,false,0,0,0,13013297,13013297
0x221eB2934aBE9Ca5BA565f6Fb6571bd51940641A,10,10,1,0,false,0,0,0,0,0,0,0,0,0,false,false,0,0,0,13013309,13013309
0x960E2bE9761254a9523F6677a4c4574Ac6Fe2282,10,10,1,0,false,0,0,0,0,0,0,0,0,0,false,false,0,0,0,13013322,13013322
0xc9df96f73A5085a10d6df63872005e68161e4b26,10,10,1,0,false,0,0,0,0,0,0,0,0,0,false,false,0,0,0,13013335,13013335
0x97C9c581DCDbE8Dbd4f15E5E8b1601B90E3bC43D,10,10,1,0,false,0,0,0,0,0,0,0,0,0,false,false,0,0,0,13013347,13013347
0x6D1bDc049dA0BdEf830A045122797D7Bf5A87656,10,10,1,0,false,0,0,0,0,0,0,0,0,0,false,false,0,0,0,13013360,13013360
0x14AF7C49D8D29363C59467255Bf71745f104Cd76,10,10,1,0,false,0,0,0,0,0,0,0,0,0,false,false,0,0,0,13013373,13013373
0xC5a0F431015694332c2a77707C4eb6289d07AC76,10,10,1,0,false,0,0,0,0,0,0,0,0,0,false,false,0,0,0,13013385,13013385
0xdb11e075129B6EB404262f89618bD11578421F45,10,10,1,0,false,0,0,0,0,0,0,0,0,0,false,false,0,0,0,13013398,13013398
0xA9780d21154048B25257d75beaF99a3aA2888888,10,10,1,0,false,0,0,0,0,0,0,0,0,0,false,false,0,0,0,13013411,13013411
0x11B11DCabc37FCB4DfF8e267A33F5e9F73789108,10,10,1,0,false,0,0,0,0,0,0,0,0,0,false,false,0,0,0,13013423,13013423
0xe40785F771e64506F6c2a30fbF8C26e9cc5DFB77,10,10,1,0,false,0,0,0,0,0,0,0,0,0,false,false,0,0,0,13013436,13013436
0x0e2ce943573478DdF027e4411e4815cB0bb02084,10,10,1,0,false,0,0,0,0,0,0,0,0,0,false,false,0,0,0,13013449,13013449
0x17078d3B7F67f7207719B7E0f91656644425E58e,10,10,1,0,false,0,0,0,0,0,0,0,0,0,false,false,0,0,0,13013462,13013462
0x20279Ed929d1A24341D17BCE4520bfcCe04878fB,10,10,1,0,false,0,0,0,0,0,0,0,0,0,false,false,0,0,0,13013474,13013474
0xe9886765FD2abcbe56AFfF1d1E535388E4436f22,10,10,1,0,false,0,0,0,0,0,0,0,0,0,false,false,0,0,0,13013487,13013487
0x836dec38294C528f5EC10b4c243526c8102825B8,10,10,1,0,false,0,0,0,0,0,0,0,0,0,false,false,0,0,0,13013500,13013500
0xB0bB91B09a139de889F06ffc49a72EE86cEb2068,10,10,1,0,false,0,0,0,0,0,0,0,0,0,false,false,0,0,0,13013512,13013512
0xd387fd504BB8DCdef999bB7f650dE2978e0669cF,10,10,1,0,false,0,0,0,0,0,0,0,0,0,false,false,0,0,0,13013525,13013525
0xbd9405836ca02882385c6569250BE393403EB8F4,10,10,1,0,false,0,0,0,0,0,0,0,0,0,false,false,0,0,0,13013537,13013537
0x494805758EF6Cd0C69f91d576226B06c0c5f991C,10,10,1,0,false,0,0,0,0,0,0,0,0,0,false,false,0,0,0,13013550,13013550
0x7929cDD05469227441CfE29AEFF234653361b2Fe,10,10,1,0,false,0,0,0,0,0,0,0,0,0,false,false,0,0,0,13013563,13013563
0xa4D817488e050BfDD89d36FD02AC64A60A77E5ED,10,10,1,0,false,0,0,0,0,0,0,0,0,0,false,false,0,0,0,13013575,13013575
0x5e83EE6752a22c68919029aE98846D6Deb871b95,10,10,1,0,false,0,0,0,0,0,0,0,0,0,false,false,0,0,0,13013588,13013588
0x2eFE7E02d9328347246e43Dd68a80d65D6f6dd17,10,10,1,0,false,0,0,0,0,0,0,0,0,0,false,false,0,0,0,13013601,13013601
0xBa0836B99a6eD258D5f483aEB82Cf0F5049e5261,10,10,1,0,false,0,0,0,0,0,0,0,0,0,false,false,0,0,0,13013613,13013613
0x15948209Fb8F0946B9feb72Ea509760A3Ae23cb1,10,10,1,0,false,0,0,0,0,0,0,0,0,0,false,false,0,0,0,13013626,13013626
0x07450edFff909bA9fBD79975bC4Ce638BF8dfBAf,10,10,1,0,false,0,0,0,0,0,0,0,0,0,false,false,0,0,0,13013639,13013639
0xA7d28052adE3E2c99E29Da14B2Dd1E88d266769D,10,10,1,0,false,0,0,0,0,0,0,0,0,0,false,false,0,0,0,13013651,13013651
0x618D499Fb021cd57c95F64aDa3d3ada8b443E1e6,10,10,1,0,false,0,0,0,0,0,0,0,0,0,false,false,0,0,0,13013664,13013664
0x2cAfdfeEE8751Bb5D913C6430aF70e0fe0ed1182,10,10,1,0,false,0,0,0,0,0,0,0,0,0,false,false,0,0,0,13013677,13013677
0xc3fF44D10aBD3C660c06965eE820EC5Ab0A78E64,10,10,1,0,false,0,0,0,0,0,0,0,0,0,false,false,0,0,0,13013690,13013690
0x38cD1f7e1A3a519174f7e2e729ED756525F729a8,10,10,1,0,false,0,0,0,0,0,0,0,0,0,false,false,0,0,0,13013703,13013703
0xC4db8f50F3883923230cc766aA9485F991b3866d,10,10,1,0,false,0,0,0,0,0,0,0,0,0,false,false,0,0,0,13013716,13013716
0x6b0Ab62866563A11F4C953ddDB4AA3FCa2ff0fa8,10,10,1,0,false,0,0,0,0,0,0,0,0,0,false,false,0,0,0,13013729,13013729
0xa7dd5B9C977d7a926d446d6B939bE48b93423C34,10,10,1,0,false,0,0,0,0,0,0,0,0,0,false,false,0,0,0,13013742,13013742
0xA10C742597B3639331903ed1c26208AF87fAcD95,10,10,1,0,false,0,0,0,0,0,0,0,0,0,false,false,0,0,0,13013755,13013755
0x8af9b4AbA540BfD3fa6A977CaB318dde5494620C,10,10,1,0,false,0,0,0,0,0,0,0,0,0,false,false,0,0,0,13013768,13013768
0xC5EE502A89f734ae5207C827Fb471898356af4F6,10,10,1,0,false,0,0,0,0,0,0,0,0,0,false,false,0,0,0,13013778,13013778
0xA9c8EC82a3defca41726aBb76316FE11E1FBe536,10,10,1,0,false,0,0,0,0,0,0,0,0,0,false,false,0,0,0,13013791,13013791
0xE15a28c6b706fa33d136024f527aB90924c12893,10,10,1,0,false,0,0,0,0,0,0,0,0,0,false,false,0,0,0,13013804,13013804
0xcDE960d76e67bCd0BDdBACAB590297193D890440,10,10,1,0,false,0,0,0,0,0,0,0,0,0,false,false,0,0,0,13013816,13013816
0x8CC5E4E8d9e9a7f8A97b51c36Fa9EDD8d61D391c,10,10,1,0,false,0,0,0,0,0,0,0,0,0,false,false,0,0,0,13013829,13013829
0x805EDF4EeE11fdB547663bb05CB1f01879f1B6A7,10,10,1,0,false,0,0,0,0,0,0,0,0,0,false,false,0,0,0,13013843,13013843
0x8FeaF4aA58495cF9C69c1A7769A9a28706f7C9A4,10,10,1,0,false,0,0,0,0,0,0,0,0,0,false,false,0,0,0,13013856,13013856
0x7cE444586f810f1cee1220748382E215FB80BE3f,10,10,1,0,false,0,0,0,0,0,0,0,0,0,false,false,0,0,0,13013869,13013869
0xBcf050014E6b89373041D9D316A29A30da427646,10,10,1,0,false,0,0,0,0,0,0,0,0,0,false,false,0,0,0,13013882,13013882
0x53cA5563deAcE08e829C1E859CBe3840449646b0,10,10,1,0,false,0,0,0,0,0,0,0,0,0,false,false,0,0,0,13013894,13013894
0x8c2a36440eaA27245A6bFcd5731bCFE7C1fA420b,10,10,1,0,false,0,0,0,0,0,0,0,0,0,false,false,0,0,0,13013907,13013907
0xBD008DB3d8704Ce124fcd13E448E950B409e07E1,10,10,1,0,false,0,0,0,0,0,0,0,0,0,false,false,0,0,0,13013920,13013920
0x1449a1C89ff162ba200618C875c29BA102D473b2,10,10,1,0,false,0,0,0,0,0,0,0,0,0,false,false,0,0,0,13013932,13013932
0x717f660361Fca0A8D9C9427e3657bAb1D6b26b9D,10,10,1,0,false,0,0,0,0,0,0,0,0,0,false,false,0,0,0,13013945,13013945
0xb8b1149d904025141E785ACF8fc09C3cA58e2656,10,10,1,0,false,0,0,0,0,0,0,0,0,0,false,false,0,0,0,13013957,13013957
0xb1Ed506BD520e648fdF265c3872e5feA4BcDca48,10,10,1,0,false,0,0,0,0,0,0,0,0,0,false,false,0,0,0,13013970,13013970
0x3A8fd261C2Ef413bCC23adEed802aB55faF94289,10,10,1,0,false,0,0,0,0,0,0,0,0,0,false,false,0,0,0,13013983,13013983
0x97e7783F292384a519B34042C8f40661E30cca39,10,10,1,0,false,0,0,0,0,0,0,0,0,0,false,false,0,0,0,13013996,13013996
0x9856cd111B7D97E083d266c10897A18e8616ceeB,10,10,1,0,false,0,0,0,0,0,0,0,0,0,false,false,0,0,0,13014008,13014008
0xF45ceC2Ba1461999B29F54179D44e1194fF1E8Ac,10,10,1,0,false,0,0,0,0,0,0,0,0,0,false,false,0,0,0,13014021,13014021
0x1141562b4CB1086a0f788a9B37B694434C315f00,10,10,1,0,false,0,0,0,0,0,0,0,0,0,false,false,0,0,0,13014034,13014034
0x3a5C2DE361Fbbbe815B148F7dC032b538F9026B5,10,10,1,0,false,0,0,0,0,0,0,0,0,0,false,false,0,0,0,13014046,13014046
0x1BE8CA63E4823D3950dB0A213Df7270f2E0709e7,10,10,1,0,false,0,0,0,0,0,0,0,0,0,false,false,0,0,0,13014059,13014059
0x0621510b5ee5DCC381575CDF4ceD067BF8d493e8,10,10,1,0,false,0,0,0,0,0,0,0,0,0,false,false,0,0,0,13014072,13014072
0x193EE98fa9f75823eE989428996cc0F64aBB5a58,10,10,1,0,false,0,0,0,0,0,0,0,0,0,false,false,0,0,0,13014085,13014085
0xc9417240531CD9e182740c030e7596a2C6F31978,10,10,1,0,false,0,0,0,0,0,0,0,0,0,false,false,0,0,0,13014097,13014097
0xd57bD4df685546171e902336086bC6d9F15ccb04,10,10,1,0,false,0,0,0,0,0,0,0,0,0,false,false,0,0,0,13014110,13014110
0xD2a4fd4b6C7AC17a49dF9CA5FdC0165F3c1B9285,10,10,1,0,false,0,0,0,0,0,0,0,0,0,false,false,0,0,0,13014123,13014123
0x83AA6e4610A500e72ad701bF7b90841557c9B2b7,10,10,1,0,false,0,0,0,0,0,0,0,0,0,false,false,0,0,0,13014135,13014135
0x66Bd68b5633ecA7FB69B80AC8f214c4C02d9e993,10,10,1,0,false,0,0,0,0,0,0,0,0,0,false,false,0,0,0,13014148,13014148
0x5af7152c6540446f61574f425C95cf72dE43f950,10,10,1,0,false,0,0,0,0,0,0,0,0,0,false,false,0,0,0,13014161,13014161
0x0B0792e9601b1F5bAD45d9173db9BFE366aF67FE,10,10,1,0,false,0,0,0,0,0,0,0,0,0,false,false,0,0,0,13014173,13014173
0x9B9fF8E92F29B357fD3A547c613877896C86643A,10,10,1,0,false,0,0,0,0,0,0,0,0,0,false,false,0,0,0,13014186,13014186
0x200B762b3312349C0c0FaDBe19C01f1813545cF5,10,10,1,0,false,0,0,0,0,0,0,0,0,0,false,false,0,0,0,13014199,13014199
0x9cE07CC7bDB461cde0C7d2d3a5756cF2fa9571a1,10,10,1,0,false,0,0,0,0,0,0,0,0,0,false,false,0,0,0,13014211,13014211
0x98CB8a10e6C1d592b72B1A1a578Ab20FF7d7A3d0,10,10,1,0,false,0,0,0,0,0,0,0,0,0,false,false,0,0,0,13014224,13014224
0xBa6b6b945362c3f4Dd05F6389047bCd86083178c,10,10,1,0,false,0,0,0,0,0,0,0,0,0,false,false,0,0,0,13014237,13014237
0x01795dE2DE23B210a37F13E09c657185c89c6Ec8,10,10,1,0,false,0,0,0,0,0,0,0,0,0,false,false,0,0,0,13014249,13014249
0x04eF39e667aE50A28aa9c1C45Fe477981dB14743,10,10,1,0,false,0,0,0,0,0,0,0,0,0,false,false,0,0,0,13014262,13014262
0x6e1f9769831C2F4721322549F71C536E24869e1E,10,10,1,0,false,0,0,0,0,0,0,0,0,0,false,false,0,0,0,13014275,13014275
0xF6262069319a26566DF33C489d3636a17bAb0768,10,10,1,0,false,0,0,0,0,0,0,0,0,0,false,false,0,0,0,13014288,13014288
0xA7485955Ee0ec4F5c368FDec91733F1C34B97Dc3,10,10,1,0,false,0,0,0,0,0,0,0,0,0,false,false,0,0,0,13014301,13014301
0x3D3D35b3De67c84498e14893995B594Acb049bd2,10,10,1,0,false,0,0,0,0,0,0,0,0,0,false,false,0,0,0,13014314,13014314
0x6dFc85266DcA299219bDEC60BF1c66Dee4Ce1B6F,10,10,1,0,false,0,0,0,0,0,0,0,0,0,false,false,0,0,0,13014327,13014327
0xf98Ba0DbFCDa6cFD23791cD2a12D574468bEbCE1,10,10,1,0,false,0,0,0,0,0,0,0,0,0,false,false,0,0,0,13014340,13014340
0xB5B8A15F5CEF46f52BB93430C006911a24273D23,10,10,1,0,false,0,0,0,0,0,0,0,0,0,false,false,0,0,0,13014350,13014350
0x6342CF9c5077562a3482e07646130bAd3Cb207B0,10,10,1,0,false,0,0,0,0,0,0,0,0,0,false,false,0,0,0,13014363,13014363
0xD26161105B111e4540EcE2fe12cEcd8b79750bd1,10,10,1,0,false,0,0,0,0,0,0,0,0,0,false,false,0,0,0,13014376,13014376
0x3dD3EcFd952F043F0439cCbB1be6A2D40Cf1E131,10,10,1,0,false,0,0,0,0,0,0,0,0,0,false,false,0,0,0,13014388,13014388
0x16bFEEDA945132dbbD5c9D747D19d62C728b8cD4,10,10,1,0,false,0,0,0,0,0,0,0,0,0,false,false,0,0,0,13014401,13014401
0x5954D7F41cDE98f0E3f148b1338e8d9C13fE7d66,10,10,1,0,false,0,0,0,0,0,0,0,0,0,false,false,0,0,0,13014414,13014414
0x311aFcb93f289b357788f37066be8F4705A0F49A,10,10,1,0,false,0,0,0,0,0,0,0,0,0,false,false,0,0,0,13014426,13014426
0x84Bb03E7f19eA293697F437aE53938879202B6e4,10,10,1,0,false,0,0,0,0,0,0,0,0,0,false,false,0,0,0,13014439,13014439
0x7a31D76eeA1A7980763868DE0E09c9400e2BEd5F,10,10,1,0,false,0,0,0,0,0,0,0,0,0,false,false,0,0,0,13014451,13014451
0x01180F770161351e946f6665befA13beb56898fA,10,10,1,0,false,0,0,0,0,0,0,0,0,0,false,false,0,0,0,13014464,13014464
0xb97Ec0123310e7F3e28A44ADc17af3C46D6BfcF0,10,10,1,0,false,0,0,0,0,0,0,0,0,0,false,false,0,0,0,13014477,13014477
0xe8f3d521113c35fD54FbdCa9B1115a86AD759DD9,10,10,1,0,false,0,0,0,0,0,0,0,0,0,false,false,0,0,0,13014489,13014489
0xa974890156A3649A23a6C0f2ebd77D6F7A7333d4,10,10,1,0,false,0,0,0,0,0,0,0,0,0,false,false,0,0,0,13014502,13014502
0xc3e72797Df4d1aEc5D988BB1a69d3f7809D69973,10,10,1,0,false,0,0,0,0,0,0,0,0,0,false,false,0,0,0,13014515,13014515
0x73597f2fA35536195dC6C3Cb51380C5e43299A77,10,10,1,0,false,0,0,0,0,0,0,0,0,0,false,false,0,0,0,13014527,13014527
0xBd732518b332688fa9413ae311AfCF359ACde8ea,10,10,1,0,false,0,0,0,0,0,0,0,0,0,false,false,0,0,0,13014540,13014540
0xF8ABA754fe3699ff9060DF2Bb87a30dCB6d4A249,10,10,1,0,false,0,0,0,0,0,0,0,0,0,false,false,0,0,0,13014552,13014552
0xD14Dea8b276D7bB8D8C61223E457393597800c72,10,10,1,0,false,0,0,0,0,0,0,0,0,0,false,false,0,0,0,13014565,13014565
0x65D2126169ced7f4b12eB68F5D21294A8859FB0e,10,10,1,0,false,0,0,0,0,0,0,0,0,0,false,false,0,0,0,13014578,13014578
0xEf9C37634DE860353fCCcf821756f686b6b0bE4d,10,10,1,0,false,0,0,0,0,0,0,0,0,0,false,false,0,0,0,13014590,13014590
0xe0C0c12263D9275040056b7a382e57F5c553F0D8,10,10,1,0,false,0,0,0,0,0,0,0,0,0,false,false,0,0,0,13014603,13014603
0x8e786097036d944Aa77D8a163E674E022EFdE204,10,10,1,0,false,0,0,0,0,0,0,0,0,0,false,false,0,0,0,13014616,13014616
0xA39cD8Ce8FAec050CA1913bf0A7Bd80Bd644d825,10,10,1,0,false,0,0,0,0,0,0,0,0,0,false,false,0,0,0,13014628,13014628
0xC7f63487c9fd3bD5281d703285656e33A2807b8e,10,10,1,0,false,0,0,0,0,0,0,0,0,0,false,false,0,0,0,13014641,13014641
0xD27854078Cbf2304035F3d8fA679Fae35cdeFF5A,10,10,1,0,false,0,0,0,0,0,0,0,0,0,false,false,0,0,0,13014654,13014654
0x0a089245670050501748B72080b303BD99Dac89f,10,10,1,0,false,0,0,0,0,0,0,0,0,0,false,false,0,0,0,13014666,13014666
0x89885B998c8FFd862a981a6905F02b8286720a67,10,10,1,0,false,0,0,0,0,0,0,0,0,0,false,false,0,0,0,13014679,13014679
0x5E5fFfED90F2dF76F4185AAA35FC42Faf88CC5C2,10,10,1,0,false,0,0,0,0,0,0,0,0,0,false,false,0,0,0,13014691,13014691
0x159587eA8dbBCa4fD829c3362d16f82a1d7B45b8,10,10,1,0,false,0,0,0,0,0,0,0,0,0,false,false,0,0,0,13014704,13014704
0x968d232BFEfB4D2A24FA4C472AFD071C0CBfcaE6,10,10,1,0,false,0,0,0,0,0,0,0,0,0,false,false,0,0,0,13014717,13014717
0x73D923358C8deF832E4f7D5BC9FdDB1Ed5920b6a,10,10,1,0,false,0,0,0,0,0,0,0,0,0,false,false,0,0,0,13014730,13014730
0xD5Bd1827Ca6E8DFd52cD29b1C943F4cB8bA974df,10,10,1,0,false,0,0,0,0,0,0,0,0,0,false,false,0,0,0,13014743,13014743
0x6c30D5441Dfd6119C5185EfE5804F4dD95E6542a,10,10,1,0,false,0,0,0,0,0,0,0,0,0,false,false,0,0,0,13014756,13014756
0x0553AB995987ae230CB36a10F14BDDa7558eD3Ab,10,10,1,0,false,0,0,0,0,0,0,0,0,0,false,false,0,0,0,13014769,13014769
0x4504C1ca072c1FA99E90c707702699483a02f1d9,10,10,1,0,false,0,0,0,0,0,0,0,0,0,false,false,0,0,0,13014782,13014782
0xbF8ed6ac34d642351b4F764AbCf5daB4479B2a03,10,10,1,0,false,0,0,0,0,0,0,0,0,0,false,false,0,0,0,13014795,13014795
0x8CF89F99023F2cF1d2d06f9c9f5aDE78C3DF8A0D,10,10,1,0,false,0,0,0,0,0,0,0,0,0,false,false,0,0,0,13014805,13014805
0x99f7029479fd8F12a12d576ab3B1A3ef24c5F529,10,10,1,0,false,0,0,0,0,0,0,0,0,0,false,false,0,0,0,13014818,13014818
0x4ABb0a1689d314405D30a5976CDE8dc330aFb12d,10,10,1,0,false,0,0,0,0,0,0,0,0,0,false,false,0,0,0,13014831,13014831
0xdf97fb470343e2A9D07D88402B48192ade1Af0b8,10,10,1,0,false,0,0,0,0,0,0,0,0,0,false,false,0,0,0,13014843,13014843
0x32368c58e2BB42A8870322f663dD7Be2d4705274,10,10,1,0,false,0,0,0,0,0,0,0,0,0,false,false,0,0,0,13014856,13014856
0x8EC755d4180bEF5c1f97a91B2CF2BAb5834b2219,10,10,1,0,false,0,0,0,0,0,0,0,0,0,false,false,0,0,0,13014869,13014869
0xB5Eae139aa2cb72B9984Eb63Da649Cc3Bc2d731B,10,10,1,0,false,0,0,0,0,0,0,0,0,0,false,false,0,0,0,13014881,13014881
0x5A0941C87819095D6B3d54544Ca0Af0fF358753f,10,10,1,0,false,0,0,0,0,0,0,0,0,0,false,false,0,0,0,13014894,13014894
0xB0453819FA06F0f3DE7D7C92d1b5251941472b75,10,10,1,0,false,0,0,0,0,0,0,0,0,0,false,false,0,0,0,13014907,13014907
0x54De38989103dAd04b3042E3a7aac4e9BAA8ce49,10,10,1,0,false,0,0,0,0,0,0,0,0,0,false,false,0,0,0,13014919,13014919
0x2C9439654Fb03B653b2e5784F268e36288497529,10,10,1,0,false,0,0,0,0,0,0,0,0,0,false,false,0,0,0,13014932,13014932
0x7fEb19b7fc9975A29100C698d97CE1F127382db0,10,10,1,0,false,0,0,0,0,0,0,0,0,0,false,false,0,0,0,13014945,13014945
0x9A50Bf1E778E37dE87267bE61936Cc728D16F79A,10,10,1,0,false,0,0,0,0,0,0,0,0,0,false,false,0,0,0,13014958,13014958
0x59650B14824738bB84960F475bF46f5BaC89E1d9,10,10,1,0,false,0,0,0,0,0,0,0,0,0,false,false,0,0,0,13014971,13014971
0x4eD9f7ff86E45dDbaeb1d304B51302d3650b7313,10,10,1,0,false,0,0,0,0,0,0,0,0,0,false,false,0,0,0,13014983,13014983
0x5BC7a5A5308EC3Ae65892c42Af2974C84f42e15F,10,10,1,0,false,0,0,0,0,0,0,0,0,0,false,false,0,0,0,13014996,13014996
0xEA33Ab9910c9656cCc30B8F15710D9f2Aac4F739,10,10,1,0,false,0,0,0,0,0,0,0,0,0,false,false,0,0,0,13015009,13015009
0xC3A7f426d226D4D4bd6B1B5257279F663f359C59,10,10,1,0,false,0,0,0,0,0,0,0,0,0,false,false,0,0,0,13015021,13015021
0x86e537C0924ddF749B298da16d87A1De63b2C49C,10,10,1,0,false,0,0,0,0,0,0,0,0,0,false,false,0,0,0,13015034,13015034
0xE9bEc4DBE20c36BdC29c7340986B17cE47517960,10,10,1,0,false,0,0,0,0,0,0,0,0,0,false,false,0,0,0,13015047,13015047
0x21eb86e586188d51772e9B0c00e63347CB40a3d2,10,10,1,0,false,0,0,0,0,0,0,0,0,0,false,false,0,0,0,13015059,13015059
0xB5e7DC4c9757e1d9bCb1A0605f771D31369BCD35,10,10,1,0,false,0,0,0,0,0,0,0,0,0,false,false,0,0,0,13015072,13015072
0x6adb125FEeEf62d9068bD9c292A05bd0602E912c,10,10,1,0,false,0,0,0,0,0,0,0,0,0,false,false,0,0,0,13015084,13015084
0x33363019AE6B4f0c45eE12a1a5ce4f80918a1374,10,10,1,0,false,0,0,0,0,0,0,0,0,0,false,false,0,0,0,13015097,13015097
0xadD6af0eCBfad756e0196378fe262de14B2e8B42,10,10,1,0,false,0,0,0,0,0,0,0,0,0,false,false,0,0,0,13015110,13015110
0x87e93f7dbB6d2d10415e94Dde9fcF7DC5a1597af,10,10,1,0,false,0,0,0,0,0,0,0,0,0,false,false,0,0,0,13015123,13015123
0xF1aF2dbdd4cDEA94F475514f716cb0b9da66BEf9,10,10,1,0,false,0,0,0,0,0,0,0,0,0,false,false,0,0,0,13015136,13015136
0xF7c8c4450ecfC0E73Fbe5D550C036c3872152Cc1,10,10,1,0,false,0,0,0,0,0,0,0,0,0,false,false,0,0,0,13015148,13015148
0x836eAeE4496C137e7CaFf86AbE61924d6f2D4540,10,10,1,0,false,0,0,0,0,0,0,0,0,0,false,false,0,0,0,13015161,13015161
0x128f91F7DABd735294f5ba948aFff8F251981305,10,10,1,0,false,0,0,0,0,0,0,0,0,0,false,false,0,0,0,13015174,13015174
0x2B9585F6DDF802111b143a4E3Ca918C5cfD425C2,10,10,1,0,false,0,0,0,0,0,0,0,0,0,false,false,0,0,0,13015186,13015186
0xBaEFbc4A9E163120bED1Fdf11af5155Efae4a4db,10,10,1,0,false,0,0,0,0,0,0,0,0,0,false,false,0,0,0,13015199,13015199
0xb2672F17B3CDf168665C6c0694A26BF0377B05ed,10,10,1,0,false,0,0,0,0,0,0,0,0,0,false,false,0,0,0,13015212,13015212
0x57a476Da52Bd01e6C36cFd69cce78C747ecB3091,10,10,1,0,false,0,0,0,0,0,0,0,0,0,false,false,0,0,0,13015224,13015224
0x2a9585Da40dE004d6Ff0f5F12cfe726BD2f98B52,10,10,1,0,false,0,0,0,0,0,0,0,0,0,false,false,0,0,0,13015237,13015237
0xf599e3b1A29edf6E8FCa4F4a10c927f6f6c04e5D,10,10,1,0,false,0,0,0,0,0,0,0,0,0,false,false,0,0,0,13015250,13015250
0x4ed16e3f07B16F3f4661d925A49f4c759BbA1FC7,10,10,1,0,false,0,0,0,0,0,0,0,0,0,false,false,0,0,0,13015263,13015263
0xaea21f6599817e97D92b8CEFDf0e5f115db7a1D8,10,10,1,0,false,0,0,0,0,0,0,0,0,0,false,false,0,0,0,13015276,13015276
0x05E6E69f5ccF707B7C7f4eC9Fe8272D0e91eb9F5,10,10,1,0,false,0,0,0,0,0,0,0,0,0,false,false,0,0,0,13015289,13015289
0xE0C6c2635c66831B3544E307E3D1Ed933ECb9C09,10,10,1,0,false,0,0,0,0,0,0,0,0,0,false,false,0,0,0,13015302,13015302
0xABcB1EE452CA615bD28b211A5849855a18B01FE7,10,10,1,0,false,0,0,0,0,0,0,0,0,0,false,false,0,0,0,13015315,13015315
0x0648E706D32da6457370709017b07298d4Adf87E,10,10,1,0,false,0,0,0,0,0,0,0,0,0,false,false,0,0,0,13015328,13015328
0xE186c2C04438e40A4cea382B912b552595f3A894,10,10,1,0,false,0,0,0,0,0,0,0,0,0,false,false,0,0,0,13015338,13015338
0x6Ff359AE3A34a04420393dD66523634E1628E7Dc,10,10,1,0,false,0,0,0,0,0,0,0,0,0,false,false,0,0,0,13015351,13015351
0x555d387b834298f76bF47469F887f05A4711BCB1,10,10,1,0,false,0,0,0,0,0,0,0,0,0,false,false,0,0,0,13015364,13015364
0xe7cbd8C4f022E644d9515B34546238C8bc283f01,10,10,1,0,false,0,0,0,0,0,0,0,0,0,false,false,0,0,0,13015376,13015376
0x08855CF11ae970659D6ED03a0032834a6438F068,10,10,1,0,false,0,0,0,0,0,0,0,0,0,false,false,0,0,0,13015389,13015389
0xdFD6CED2d42Fd157369e424c23C3Ae1c01C0fAB8,10,10,1,0,false,0,0,0,0,0,0,0,0,0,false,false,0,0,0,13015401,13015401
0x66aaFBA66EB76699B11aE1d55453397B874F33C3,10,10,1,0,false,0,0,0,0,0,0,0,0,0,false,false,0,0,0,13015414,13015414
0x86231b64c66fF26cF30730fc9248D6255Eb7f052,10,10,1,0,false,0,0,0,0,0,0,0,0,0,false,false,0,0,0,13015427,13015427
0x6F1aBc34B45Dc5b34CBc76b8B0CE0B32A2547dE8,10,10,1,0,false,0,0,0,0,0,0,0,0,0,false,false,0,0,0,13015440,13015440
0xc1ba4cd52B360EcD51567B6A64CE531F8166E734,10,10,1,0,false,0,0,0,0,0,0,0,0,0,false,false,0,0,0,13015452,13015452
0x9Ed43DdB71F954f4C5451CB78271Aa07eBEf240b,10,10,1,0,false,0,0,0,0,0,0,0,0,0,false,false,0,0,0,13015465,13015465
0x9375623E4Cbb8a9037165658A3e9F6aC7b4cD0ED,10,10,1,0,false,0,0,0,0,0,0,0,0,0,false,false,0,0,0,13015477,13015477
0x815f8D775A10d56dCD90d6BE50D90421B85E5Af9,10,10,1,0,false,0,0,0,0,0,0,0,0,0,false,false,0,0,0,13015490,13015490
0x14Fdb5d25f44b5BB027fB7a5a8A31d7D1fBdA7F0,10,10,1,0,false,0,0,0,0,0,0,0,0,0,false,false,0,0,0,13015503,13015503
0x5844b4c3497f836CB34F58BD1a539F1aA3DE0639,10,10,1,0,false,0,0,0,0,0,0,0,0,0,false,false,0,0,0,13015515,13015515
0x8dc874f44Eb8e054bA87fa19D5c61d1428206744,10,10,1,0,false,0,0,0,0,0,0,0,0,0,false,false,0,0,0,13015528,13015528
0xD37b43cEB0F5c596B56Fc3F0D9D48dcF65b1aCb5,10,10,1,0,false,0,0,0,0,0,0,0,0,0,false,false,0,0,0,13015541,13015541
0x6daF668c62A265D563FC95EC23454295ebA9fc46,10,10,1,0,false,0,0,0,0,0,0,0,0,0,false,false,0,0,0,13015553,13015553
0x95D20b007E405b3Baa34A7158858D59BF1240d22,10,10,1,0,false,0,0,0,0,0,0,0,0,0,false,false,0,0,0,13015566,13015566
0x4524c0204EF77def82B40A7d4a67649199F9e494,10,10,1,0,false,0,0,0,0,0,0,0,0,0,false,false,0,0,0,13015579,13015579
0x2784beCB242A3f447dF08b07e8C0227AbF74a604,10,10,1,0,false,0,0,0,0,0,0,0,0,0,false,false,0,0,0,13015591,13015591
0x50f9CC9BAC386dD99624662135187713f1744BD4,10,10,1,0,false,0,0,0,0,0,0,0,0,0,false,false,0,0,0,13015604,13015604
0x3C7519E33dD2a659A2E8544Ac3E57E00d7a93fd3,10,10,1,0,false,0,0,0,0,0,0,0,0,0,false,false,0,0,0,13015617,13015617
0x088b9476761791452Ec08a41E1221EE7591448f6,10,10,1,0,false,0,0,0,0,0,0,0,0,0,false,false,0,0,0,13015629,13015629
0x07A1C3407605528b8175990431E174715D85B6E8,10,10,1,0,false,0,0,0,0,0,0,0,0,0,false,false,0,0,0,13015642,13015642
0xeC7856FC054e2678391DaaF5b0fBcC498662B6Ef,10,10,1,0,false,0,0,0,0,0,0,0,0,0,false,false,0,0,0,13015655,13015655
0x4a62F502c3cc561cB49064565Fc8e7A2d6c05152,10,10,1,0,false,0,0,0,0,0,0,0,0,0,false,false,0,0,0,13015667,13015667
0x88CDCe620c4aA56fB4F414560316A3c7390b2f68,10,10,1,0,false,0,0,0,0,0,0,0,0,0,false,false,0,0,0,13015680,13015680
0x697fd4993D38cDA66D8cd78B26CDca35FE8fB767,10,10,1,0,false,0,0,0,0,0,0,0,0,0,false,false,0,0,0,13015693,13015693
0x2756e6ebdBEbC3419f355A7C1301D42AE674B4A5,10,10,1,0,false,0,0,0,0,0,0,0,0,0,false,false,0,0,0,13015705,13015705
0xEe5De253f1ee80200D80AEBE6eACC11D4cEc124F,10,10,1,0,false,0,0,0,0,0,0,0,0,0,false,false,0,0,0,13015718,13015718
0x2eAF3eAe0097D86a6d107292Aaac8fd617fC3331,10,10,1,0,false,0,0,0,0,0,0,0,0,0,false,false,0,0,0,13015731,13015731
0x407DF19995bBA21E71EC6e6b72FEba70318031Be,10,10,1,0,false,0,0,0,0,0,0,0,0,0,false,false,0,0,0,13015744,13015744
0x6948C73C83E3399B8905E9C586F90c5ED55282aE,10,10,1,0,false,0,0,0,0,0,0,0,0,0,false,false,0,0,0,13015757,13015757
0x5556513A943F6d3Ab90802470aDDAD1775B9Baf0,10,10,1,0,false,0,0,0,0,0,0,0,0,0,false,false,0,0,0,13015770,13015770
0xE83780dAE146F832D8067a867f8639e8ad2f5c4e,10,10,1,0,false,0,0,0,0,0,0,0,0,0,false,false,0,0,0,13015783,13015783
0xB1635bfb1FaECBe1cd6316cA6E0CebA12423672B,10,10,1,0,false,0,0,0,0,0,0,0,0,0,false,false,0,0,0,13015796,13015796
0xF4EA5d776Eb9481FcC5E49a1e2FCB32D03dC1E2C,10,10,1,0,false,0,0,0,0,0,0,0,0,0,false,false,0,0,0,13015809,13015809
0x3B3E41D899875CFaB4db1f06C81251D790655bE7,10,10,1,0,false,0,0,0,0,0,0,0,0,0,false,false,0,0,0,13015819,13015819
0x0d594C6F499b213c1D80626b63FbDf00Ee550F68,10,10,1,0,false,0,0,0,0,0,0,0,0,0,false,false,0,0,0,13015832,13015832
0xA55a62b718DAd470F12Ca2EE127FD278adcE3210,10,10,1,0,false,0,0,0,0,0,0,0,0,0,false,false,0,0,0,13015845,13015845
0x0e6C035a5e9D48a574437d339A5fBAca6c87C725,10,10,1,0,false,0,0,0,0,0,0,0,0,0,false,false,0,0,0,13015857,13015857
0x1cefDe35c6E6Ed228Ae29BfEa0CA5Eb2153567EF,10,10,1,0,false,0,0,0,0,0,0,0,0,0,false,false,0,0,0,13015870,13015870
0xd00e2BDD65947a9377909dD8441Eab826c000ab8,10,10,1,0,false,0,0,0,0,0,0,0,0,0,false,false,0,0,0,13015883,13015883
0x99f5d2Ed5687062E3592475d4D3dC02dE56B3Bae,10,10,1,0,false,0,0,0,0,0,0,0,0,0,false,false,0,0,0,13015896,13015896
0x8cfC92A065D78a792C24Ae10Ae92485532fcb0cD,10,10,1,0,false,0,0,0,0,0,0,0,0,0,false,false,0,0,0,13015909,13015909
0xEe3256aA2f516819E8FeC4f8D4bDccc502b0852b,10,10,1,0,false,0,0,0,0,0,0,0,0,0,false,false,0,0,0,13015921,13015921
0xd328bCEEb97192fe0e5a91f0f15b33043B2AA6dE,10,10,1,0,false,0,0,0,0,0,0,0,0,0,false,false,0,0,0,13015934,13015934
0x042964795c9e6574cA0dBa1C0DB42Cb2Bd914671,10,10,1,0,false,0,0,0,0,0,0,0,0,0,false,false,0,0,0,13015946,13015946
0xEC07a27f8A976f934db1919Cfb328B84bE1F5D82,10,10,1,0,false,0,0,0,0,0,0,0,0,0,false,false,0,0,0,13015959,13015959
0x3E32318C6D10E18e488f1EB19f83b41A1b5c90a0,10,10,1,0,false,0,0,0,0,0,0,0,0,0,false,false,0,0,0,13015972,13015972
0xAccBd548a4d505739B2a9a224FdF1464C1c2000a,10,10,1,0,false,0,0,0,0,0,0,0,0,0,false,false,0,0,0,13015984,13015984
0x4E33EEbB33a9104089EdF15082bbDBf60D1214Fa,10,10,1,0,false,0,0,0,0,0,0,0,0,0,false,false,0,0,0,13015997,13015997
0x3741fbC606b19128FCdce0Bf68b63E523Aa0239B,10,10,1,0,false,0,0,0,0,0,0,0,0,0,false,false,0,0,0,13016010,13016010
0x336694dB4E7B82beC0bb39F4E20c277b1A58317D,10,10,1,0,false,0,0,0,0,0,0,0,0,0,false,false,0,0,0,13016023,13016023
0x4f1865854ECFd0afAF32805aa4F9744DF05f547b,10,10,1,0,false,0,0,0,0,0,0,0,0,0,false,false,0,0,0,13016036,13016036
0x0f43E2f9011edB1D5b8d0F5400BC716857e4Af89,10,10,1,0,false,0,0,0,0,0,0,0,0,0,false,false,0,0,0,13016048,13016048
0x1a0582dc2CB84Dc43837Cf418C84c650EF786e37,10,10,1,0,false,0,0,0,0,0,0,0,0,0,false,false,0,0,0,13016061,13016061
0xE07Da93b706E6d482C9310081904B19b7ED5Bf26,10,10,1,0,false,0,0,0,0,0,0,0,0,0,false,false,0,0,0,13016074,13016074
0xa399eeEB43F2d6D4196848E5c68d7bb221cfaA00,10,10,1,0,false,0,0,0,0,0,0,0,0,0,false,false,0,0,0,13016086,13016086
0xA98F58FF9fd1e5fdB002b479927Faa0a17A03e13,10,10,1,0,false,0,0,0,0,0,0,0,0,0,false,false,0,0,0,13016099,13016099
0xcedc060F0717A08c1Cd85b915F48fe92eF975392,10,10,1,0,false,0,0,0,0,0,0,0,0,0,false,false,0,0,0,13016111,13016111
0xc7C3919dB953469Ee409b05fFC643670090ca48b,10,10,1,0,false,0,0,0,0,0,0,0,0,0,false,false,0,0,0,13016124,13016124
0x6B081bc2e86483D0E97D29fEFAD2b879B7B3343B,10,10,1,0,false,0,0,0,0,0,0,0,0,0,false,false,0,0,0,13016137,13016137
0x90E1Bb418e9a183182143135b3Ad3866CbA73652,10,10,1,0,false,0,0,0,0,0,0,0,0,0,false,false,0,0,0,13016150,13016150
0x54b423b6CF64C599dbB11E4B8623FBA91391f1Ea,10,10,1,0,false,0,0,0,0,0,0,0,0,0,false,false,0,0,0,13016163,13016163
0x7934ddCA863BB9fde454c857a8Ff8671225f6177,10,10,1,0,false,0,0,0,0,0,0,0,0,0,false,false,0,0,0,13016175,13016175
0xB5D1C17749985F8Ba6F17dA81CE42FcE59d9f9f7,10,10,1,0,false,0,0,0,0,0,0,0,0,0,false,false,0,0,0,13016188,13016188
0x5b0051e4EA8Eaf6Ec523aB2Aa76fe0149E68B040,10,10,1,0,false,0,0,0,0,0,0,0,0,0,false,false,0,0,0,13016201,13016201
0xfF013A8Dd32183a5149D54E173AB8ff5240B8621,10,10,1,0,false,0,0,0,0,0,0,0,0,0,false,false,0,0,0,13016213,13016213
0x233Cbf456df4F0Ea2081aB68D792d5b7A022FA1b,10,10,1,0,false,0,0,0,0,0,0,0,0,0,false,false,0,0,0,13016226,13016226
0x9C9f91FD3fA887A257c6E81A113903076891adcc,10,10,1,0,false,0,0,0,0,0,0,0,0,0,false,false,0,0,0,13016239,13016239
0xE274f44Fafe4baa6FA5C25d61b9a3c25177efFe7,10,10,1,0,false,0,0,0,0,0,0,0,0,0,false,false,0,0,0,13016252,13016252
0xA6A258496Afc3616A43F29882a8793194bAFc457,10,10,1,0,false,0,0,0,0,0,0,0,0,0,false,false,0,0,0,13016264,13016264
0x57E88530271e52465A64cB77A7DcA28a40D263c7,10,10,1,0,false,0,0,0,0,0,0,0,0,0,false,false,0,0,0,13016277,13016277
0xFC220a298E4Df7153B6B086C911Ea71F98EE065f,10,10,1,0,false,0,0,0,0,0,0,0,0,0,false,false,0,0,0,13016290,13016290
0xd85DeA5DC867f605E1aB6dD8C0Bf7fDAa72a217F,10,10,1,0,false,0,0,0,0,0,0,0,0,0,false,false,0,0,0,13016303,13016303
0x115cab51bEe393A67B11D2CE39d60b04DcaE09f6,10,10,1,0,false,0,0,0,0,0,0,0,0,0,false,false,0,0,0,13016316,13016316
0x85486fd4c597e8a5C4039C373021a9dA05558e75,10,10,1,0,false,0,0,0,0,0,0,0,0,0,false,false,0,0,0,13016329,13016329
0x29FD4560A211a20E0b7dE42940EFA8e046EE8eF9,10,10,1,0,false,0,0,0,0,0,0,0,0,0,false,false,0,0,0,13016342,13016342
0x83bE050c7a445cDD8229cBceA2B761124CcCfe4b,10,10,1,0,false,0,0,0,0,0,0,0,0,0,false,false,0,0,0,13016355,13016355
0x5e268d24EEcEd00F3d6C9970c921dBBD325c263d,10,10,1,0,false,0,0,0,0,0,0,0,0,0,false,false,0,0,0,13016368,13016368
0x0C628d6535B781f6c703AD319aF8B1bCeC63FbB4,10,10,1,0,false,0,0,0,0,0,0,0,0,0,false,false,0,0,0,13016381,13016381
0xCDbE5c126FeBF51a1ff8519E792AF3948f2Ed14E,10,10,1,0,false,0,0,0,0,0,0,0,0,0,false,false,0,0,0,13016391,13016391
0x2e0a3B0F518C91AF2381eb2896E0Ae1776c6528D,10,10,1,0,false,0,0,0,0,0,0,0,0,0,false,false,0,0,0,13016404,13016404
0xa799cF9a9242eB89d77a61571fb14502F6Ba453C,10,10,1,0,false,0,0,0,0,0,0,0,0,0,false,false,0,0,0,13016417,13016417
0x50567a850959b2b472387ab455a8F50b889cfD5A,10,10,1,0,false,0,0,0,0,0,0,0,0,0,false,false,0,0,0,13016429,13016429
0xB9B031325c39c2209FaF51bEa23899C231FBf25e,10,10,1,0,false,0,0,0,0,0,0,0,0,0,false,false,0,0,0,13016442,13016442
0x0Fce42d2db98205072Df1B8972cD826d0aa0a734,10,10,1,0,false,0,0,0,0,0,0,0,0,0,false,false,0,0,0,13016454,13016454
0x431935beEb8E33965A01E80f1014F6591CA18A7D,10,10,1,0,false,0,0,0,0,0,0,0,0,0,false,false,0,0,0,13016467,13016467
0x417f701A55F0E9af93A792C149815302081AD16F,10,10,1,0,false,0,0,0,0,0,0,0,0,0,false,false,0,0,0,13016480,13016480
0x98Fc80fD61fe0A0882Bc36d53d604F7869138975,10,10,1,0,false,0,0,0,0,0,0,0,0,0,false,false,0,0,0,13016492,13016492
0xE6B9F3531e925379C1690bcc1368D862F14a781E,10,10,1,0,false,0,0,0,0,0,0,0,0,0,false,false,0,0,0,13016505,13016505
0x5D09FC0D9fFa579E19D0B10b2BFEF1Cd388746d0,10,10,1,0,false,0,0,0,0,0,0,0,0,0,false,false,0,0,0,13016518,13016518
0x3A90E1B45086ADc342cf9A9ab583Cd9D99aA837e,10,10,1,0,false,0,0,0,0,0,0,0,0,0,false,false,0,0,0,13016531,13016531
0xF57DD5647b5978Be869eA2f74DcEd71002188267,10,10,1,0,false,0,0,0,0,0,0,0,0,0,false,false,0,0,0,13016544,13016544
0xDA6306f47DF97234C31fA581313280F865D0e835,0,0,0,0,false,0,0,0,0,0,0,0,0,0,false,false,0,0,0,,
0x2C492f83F993bea92EA730791efcF01fa56e4288,0,0,0,0,false,0,0,0,0,0,0,0,0,0,false,false,0,0,0,,
0xEff2BBC6672Af01a41BF1823E3E0c9fa7166a2e6,0,0,0,0,false,0,0,0,0,0,0,0,0,0,false,false,0,0,0,,
0x29646CfB1eCae5249c9fc2f30A77a8f100724baB,0,0,0,0,false,0,0,0,0,0,0,0,0,0,false,false,0,0,0,,
0x0cdb2C3C6Ee5E764B3DE04b8F29873305C94fD48,0,0,0,0,false,0,0,0,0,0,0,0,0,0,false,false,0,0,0,,
0x2afcf5acF049624761AA6384E145773AEe5e0033,0,0,0,0,false,0,0,0,0,0,0,0,0,0,false,false,0,0,0,,
0x8fBd1A16B3C1679c0114c55BC195449965F432AA,0,0,0,0,false,0,0,0,0,0,0,0,0,0,false,false,0,0,0,,
0xA316E5aCe1a70f564a667647D36Db8eBD04a07B7,0,0,0,0,false,0,0,0,0,0,0,0,0,0,false,false,0,0,0,,
0xDA36a7A29E243570aD17C3EA0fD12dBc88F59598,0,0,0,0,false,0,0,0,0,0,0,0,0,0,false,false,0,0,0,,
0xf35142640bDb306A2cD69033846Ce1FbaEcf5E26,0,0,0,0,false,0,0,0,0,0,0,0,0,0,false,false,0,0,0,,
0xB18C039040e04B42372F1580be1d693DBAa97fBA,0,0,0,0,false,0,0,0,0,0,0,0,0,0,false,false,0,0,0,,
0xaEC9458Df4c4F26d0d0A5190731D9D846925b286,0,0,0,0,false,0,0,0,0,0,0,0,0,0,false,false,0,0,0,,
0x46e29f5b849387B8b37Aa3Ede7B3ad32A456241E,0,0,0,0,false,0,0,0,0,0,0,0,0,0,false,false,0,0,0,,
0x80aB385bf2Bc82e51d368fea432E6934C18A01B2,0,0,0,0,false,0,0,0,0,0,0,0,0,0,false,false,0,0,0,,
0xb2F7D6f2C7237fC52b62aC0758A78284143711ce,0,0,0,0,false,0,0,0,0,0,0,0,0,0,false,false,0,0,0,,
0x574Dac020604aFc9894a2466739F482f6BbE9434,0,0,0,0,false,0,0,0,0,0,0,0,0,0,false,false,0,0,0,,
0x13Ed334027c69a9F65b8dA505e7dA365406E958B,0,0,0,0,false,0,0,0,0,0,0,0,0,0,false,false,0,0,0,,
0xa520CbBDcdE16F85C95485d596A8475e4a41aB40,0,0,0,0,false,0,0,0,0,0,0,0,0,0,false,false,0,0,0,,
0x8d1B3e2039d88634d86f7586087D4AeA02614282,0,0,0,0,false,0,0,0,0,0,0,0,0,0,false,false,0,0,0,,
0x3c35Fe44A6c7465dB6077d7797F4cc77CCEB923d,0,0,0,0,false,0,0,0,0,0,0,0,0,0,false,false,0,0,0,,
0xeBbAE7de2b77f026772D12f6A39B928D5A77c7F4,0,0,0,0,false,0,0,0,0,0,0,0,0,0,false,false,0,0,0,,
0xc11d079603B936b3d8E5e3ac95db59B85AeC66b5,0,0,0,0,false,0,0,0,0,0,0,0,0,0,false,false,0,0,0,,
0xf7b9Ec95a304B1C3Cd93b86d42de088fA1BabDC1,0,0,0,0,false,0,0,0,0,0,0,0,0,0,false,false,0,0,0,,
0xa71A1Dfe9cebA886B53010C9c4ffa59b045C893A,0,0,0,0,false,0,0,0,0,0,0,0,0,0,false,false,0,0,0,,
0x4c1ffD81F5F5AF08b950A47E2d158776a1505c36,0,0,0,0,false,0,0,0,0,0,0,0,0,0,false,false,0,0,0,,
0x5288e575d9a1e5e4491B190C1fb56584AB207D32,0,0,0,0,false,0,0,0,0,0,0,0,0,0,false,false,0,0,0,,
0x5aeFf2448272A56208eEC18475BB6f5DCE7De643,0,0,0,0,false,0,0,0,0,0,0,0,0,0,false,false,0,0,0,,
0xcb2C513143f9bAC517B9b05ff5B5Fb7563DC748D,0,0,0,0,false,0,0,0,0,0,0,0,0,0,false,false,0,0,0,,
0x914a5ea3bc8f8Ac3Ccf380c15C9Cf9de05560b7e,0,0,0,0,false,0,0,0,0,0,0,0,0,0,false,false,0,0,0,,
0x6833c1d8C5D0142eBF0eAc0Cb81070E59067FBdD,0,0,0,0,false,0,0,0,0,0,0,0,0,0,false,false,0,0,0,,
0x7b13BDF451526CCc7c39f1c1C8375456D8280eC1,0,0,0,0,false,0,0,0,0,0,0,0,0,0,false,false,0,0,0,,
0x25Cfd73f48C78EF15004CDBe03915307D26EEEA2,0,0,0,0,false,0,0,0,0,0,0,0,0,0,false,false,0,0,0,,
0x6ec73948c89A15A4A6d486e5DF75B2320F60ae34,0,0,0,0,false,0,0,0,0,0,0,0,0,0,false,false,0,0,0,,
0xD91bA1EF8F3872DB55144D1Ac8ED394037687B8A,0,0,0,0,false,0,0,0,0,0,0,0,0,0,false,false,0,0,0,,
0x82d2f31C1A57cD6dFB1bEf6580e10DAEbEF07D2C,0,0,0,0,false,0,0,0,0,0,0,0,0,0,false,false,0,0,0,,
0xdAE826B412B4A0f5e2890c777782b5F8fc3BbBC8,0,0,0,0,false,0,0,0,0,0,0,0,0,0,false,false,0,0,0,,
0x0Ef7a9948357c432f86b727b207e3A09F0248c9b,0,0,0,0,false,0,0,0,0,0,0,0,0,0,false,false,0,0,0,,
0x5220F416ccc822496236b348E6b4E8B19df1Dd1F,0,0,0,0,false,0,0,0,0,0,0,0,0,0,false,false,0,0,0,,
0x6EC38DF5a46c3ccd91b9A0174cCE5c7419e9c734,0,0,0,0,false,0,0,0,0,0,0,0,0,0,false,false,0,0,0,,
0x4ee142291aF02fb68309F072B1e5a7CCE00Cd024,0,0,0,0,false,0,0,0,0,0,0,0,0,0,false,false,0,0,0,,
0x3978D0f2a2d4fA414A16b9E7Da42bc795a07ABa8,0,0,0,0,false,0,0,0,0,0,0,0,0,0,false,false,0,0,0,,
0x3895454422bBbBd7EeBF8c2390e22f711c4EE96d,0,0,0,0,false,0,0,0,0,0,0,0,0,0,false,false,0,0,0,,
0x3a691f3F910AEc40957d87082772D91Dba68F110,0,0,0,0,false,0,0,0,0,0,0,0,0,0,false,false,0,0,0,,
0x188E0b047c038A462CBcF26d7e01a5c0cCBE5192,0,0,0,0,false,0,0,0,0,0,0,0,0,0,false,false,0,0,0,,
0x34998b76e3FEfcfad8ef23B670192296a0A5986C,0,0,0,0,false,0,0,0,0,0,0,0,0,0,false,false,0,0,0,,
0x6BDF41409CFCa109deF2118FFaa310B4906c5afB,0,0,0,0,false,0,0,0,0,0,0,0,0,0,false,false,0,0,0,,
0xd7400cBeA41E51c8ae07620B0A543C49fAF77045,0,0,0,0,false,0,0,0,0,0,0,0,0,0,false,false,0,0,0,,
0x94b910B4115837814b369d0a63e837C4fC9791E4,0,0,0,0,false,0,0,0,0,0,0,0,0,0,false,false,0,0,0,,
0x89337913aA7FEAE7C305ca26F0Ef35723B076806,0,0,0,0,false,0,0,0,0,0,0,0,0,0,false,false,0,0,0,,
0x11d76510C83Ed2B8Ab4E92a59FFCFC0102CF4fB4,0,0,0,0,false,0,0,0,0,0,0,0,0,0,false,false,0,0,0,,
0xFB916c91D9dd76c0A5923cf57576ADE1a7694bd1,0,0,0,0,false,0,0,0,0,0,0,0,0,0,false,false,0,0,0,,
0x2E694012e38417ccd77bCFcEa8756fA81f7b5DCF,0,0,0,0,false,0,0,0,0,0,0,0,0,0,false,false,0,0,0,,
0x585E444CC832c7409ef48d82C88be3687545FB62,0,0,0,0,false,0,0,0,0,0,0,0,0,0,false,false,0,0,0,,
0xb0B45952f9C625eD7DbB446b7183059d312f1EeB,0,0,0,0,false,0,0,0,0,0,0,0,0,0,false,false,0,0,0,,
0xa3E39dfC2FfF39587B02De2159cC80bdaf311dAF,0,0,0,0,false,0,0,0,0,0,0,0,0,0,false,false,0,0,0,,
0x93E733948F085e7f9cD98f3e9c35668012f00AC8,0,0,0,0,false,0,0,0,0,0,0,0,0,0,false,false,0,0,0,,
0x24Da7e981641E5133B3Db14eE68761c6C8A6331C,0,0,0,0,false,0,0,0,0,0,0,0,0,0,false,false,0,0,0,,
0x396682D0717a16c6433533FaB04958B64306CF9A,0,0,0,0,false,0,0,0,0,0,0,0,0,0,false,false,0,0,0,,
0x01205cB08edca867C9386e85371DC109E726d572,0,0,0,0,false,0,0,0,0,0,0,0,0,0,false,false,0,0,0,,
0xdaDad9aaF6DaFcC080c3522428bfeb8DDDaca623,0,0,0,0,false,0,0,0,0,0,0,0,0,0,false,false,0,0,0,,
0x34ED239070e8235c813C19C6b2610E33f47e58DF,0,0,0,0,false,0,0,0,0,0,0,0,0,0,false,false,0,0,0,,
0x2DE1E60f5749ED652b74A00aDE473E2DB41293FA,0,0,0,0,false,0,0,0,0,0,0,0,0,0,false,false,0,0,0,,
0xa8BEED00cb29A5d34CB22ed0AF9ADd51cbf5bFAA,0,0,0,0,false,0,0,0,0,0,0,0,0,0,false,false,0,0,0,,
0xe1703592DC4f6FFB3cea4d9802aC8fDEC53D8AcE,0,0,0,0,false,0,0,0,0,0,0,0,0,0,false,false,0,0,0,,
0x4502a7566361FC12b6AF55Da2c903d7538B8001a,0,0,0,0,false,0,0,0,0,0,0,0,0,0,false,false,0,0,0,,
0x92a92c8293f5D326a0391b8cBbd088Da11922F54,0,0,0,0,false,0,0,0,0,0,0,0,0,0,false,false,0,0,0,,
0x2b46cdE4E5E175218fDf99a9e7dF39F2cbEbD286,0,0,0,0,false,0,0,0,0,0,0,0,0,0,false,false,0,0,0,,
0xebB5747A640c90595bC7866F4Bd0CADB28325d5a,0,0,0,0,false,0,0,0,0,0,0,0,0,0,false,false,0,0,0,,
0xfcA7d38e1b4bA66e9A011D9396A94AF410b5A2b3,0,0,0,0,false,0,0,0,0,0,0,0,0,0,false,false,0,0,0,,
0xB633b45a0dA91cCff8ffE72A46F56e446Af9E531,0,0,0,0,false,0,0,0,0,0,0,0,0,0,false,false,0,0,0,,
0x629aafb6821DE9f557C7CC9B3E083F9a8CD02E59,0,0,0,0,false,0,0,0,0,0,0,0,0,0,false,false,0,0,0,,
0x622A3b93FCB0C2D8cDc5012794E76cED9B3b3bC7,0,0,0,0,false,0,0,0,0,0,0,0,0,0,false,false,0,0,0,,
0x2D79d63c639C110ca48BbFA955031b75Ee1c4154,0,0,0,0,false,0,0,0,0,0,0,0,0,0,false,false,0,0,0,,
0x031631455C54e133360Da74eeA8EE4A91B369c2E,0,0,0,0,false,0,0,0,0,0,0,0,0,0,false,false,0,0,0,,
0xE7b961c863398abE7aFeab86177f6Ae0e04B069d,0,0,0,0,false,0,0,0,0,0,0,0,0,0,false,false,0,0,0,,
0x1c77B8bCD84Fc5554Ac35A3a2159fC1cc7Bbc2d2,0,0,0,0,false,0,0,0,0,0,0,0,0,0,false,false,0,0,0,,
0xeC817e19F592e9b9Af0C1F004D94acB479DE2094,0,0,0,0,false,0,0,0,0,0,0,0,0,0,false,false,0,0,0,,
0x5B13A1Bd6aB0B7fB68C736Ff8401C29609E9b108,0,0,0,0,false,0,0,0,0,0,0,0,0,0,false,false,0,0,0,,
0x322A05595c2122D1B5e4f2d03E1181b5F37e2a7c,0,0,0,0,false,0,0,0,0,0,0,0,0,0,false,false,0,0,0,,
0x632c7610F377891c86B9a7dBF757094d67AbF8f0,0,0,0,0,false,0,0,0,0,0,0,0,0,0,false,false,0,0,0,,
0x91D0D393Db5Fa36E7582D598083c2a5b8238EA0C,0,0,0,0,false,0,0,0,0,0,0,0,0,0,false,false,0,0,0,,
0x235648B03d5B224AaBB4589491f25205601E26De,0,0,0,0,false,0,0,0,0,0,0,0,0,0,false,false,0,0,0,,
0x9224060CdfF5191507365CD7838e52dA9f6b7179,0,0,0,0,false,0,0,0,0,0,0,0,0,0,false,false,0,0,0,,
0xCf08934ed4d2043Ecfa0D5f7e95E791b71921cE3,0,0,0,0,false,0,0,0,0,0,0,0,0,0,false,false,0,0,0,,
0xB4Bb1C02b3b50CECEA40DbdF88c18Fc50a68429A,0,0,0,0,false,0,0,0,0,0,0,0,0,0,false,false,0,0,0,,
0x8c5bdADe0Ede57F987fFfaa7ffD02207e585D800,0,0,0,0,false,0,0,0,0,0,0,0,0,0,false,false,0,0,0,,
0x1276c2670414fea30E66681515DcBdc3914b4350,0,0,0,0,false,0,0,0,0,0,0,0,0,0,false,false,0,0,0,,
0xf3a55e7ac58F147e2148936eAd3e5ce43250dC70,0,0,0,0,false,0,0,0,0,0,0,0,0,0,false,false,0,0,0,,
0xf98Dfdc8EE37f9a8E42DfB219c4EAaF2B9C4e28E,0,0,0,0,false,0,0,0,0,0,0,0,0,0,false,false,0,0,0,,
0x25655dcafd6c3cF54C571E919Ca5A9f9607d3930,0,0,0,0,false,0,0,0,0,0,0,0,0,0,false,false,0,0,0,,
0x7406dbd7a793bFf87f6Cb462aa368DF6751B71E0,0,0,0,0,false,0,0,0,0,0,0,0,0,0,false,false,0,0,0,,
0x33e6a526d33611921a6127F0ca0Aca03e29c83c8,0,0,0,0,false,0,0,0,0,0,0,0,0,0,false,false,0,0,0,,
0x0F5252aD37F67a7423fb0af9B8227946436bb44E,0,0,0,0,false,0,0,0,0,0,0,0,0,0,false,false,0,0,0,,
0x22Ea4D4FA018CE69968C437D277B87f8B15dc3c4,0,0,0,0,false,0,0,0,0,0,0,0,0,0,false,false,0,0,0,,
0x879db1A0F15ECb0F1aA2E8B15Ed5B6F0c76E248b,0,0,0,0,false,0,0,0,0,0,0,0,0,0,false,false,0,0,0,,
0x754c123D5BaC2c3Be2A3cBEFB6e8cf916D8eC0E7,0,0,0,0,false,0,0,0,0,0,0,0,0,0,false,false,0,0,0,,
0x8145beE21D6ae81Ff621aD7848216FF45a4252a4,0,0,0,0,false,0,0,0,0,0,0,0,0,0,false,false,0,0,0,,
0x5213Ee3CF78D00995fA22Fd7f3250964dd26e1Be,0,0,0,0,false,0,0,0,0,0,0,0,0,0,false,false,0,0,0,,
0xbD65470AB8097F1afBfFFEcDD846B3Bc9D2AbD32,0,0,0,0,false,0,0,0,0,0,0,0,0,0,false,false,0,0,0,,
0x3400f5DF694A3088B173b80cA5Ba8467F2621de7,0,0,0,0,false,0,0,0,0,0,0,0,0,0,false,false,0,0,0,,
0x45C42dc24d998258122fb8e636181DacD99a584C,0,0,0,0,false,0,0,0,0,0,0,0,0,0,false,false,0,0,0,,
0x100D528d29C2a3963dF72F049B7451Afe4e09d22,0,0,0,0,false,0,0,0,0,0,0,0,0,0,false,false,0,0,0,,
0xA8c06e6EB6870796b369764Db247fD24327b0a70,0,0,0,0,false,0,0,0,0,0,0,0,0,0,false,false,0,0,0,,
0xd1858d5bD7aEb3AD71aE9246F00d9bf729a3EDF3,0,0,0,0,false,0,0,0,0,0,0,0,0,0,false,false,0,0,0,,
0xa19D3A87C60378c0976DcE4C36d5C983965f1c0C,0,0,0,0,false,0,0,0,0,0,0,0,0,0,false,false,0,0,0,,
0x188BbEB12e9Db74437d60784aFD5724F0b0176F5,0,0,0,0,false,0,0,0,0,0,0,0,0,0,false,false,0,0,0,,
0xf5FC8be3DB1aaE317fd55e0D7c30219d30024E2e,"65,642,993.9364","65,642,993.9364",5,0,false,0,0,0,0,0,0,0,0,0,false,false,0,0,0,13624875,13626434
0xd94Ea6c73039d5DA846c68c4358f8dF8A0DF06B9,0,0,0,0,false,0,0,0,0,0,0,0,0,0,false,false,0,0,0,,
0x97b4fAadd7e0f8A0EB6cf5bd78B8F9Fe87791125,0,0,0,0,false,0,0,0,0,0,0,0,0,0,false,false,0,0,0,,
0x16B333FD74Bf13c6918047f44bFF53cb42a1F930,0,0,0,0,false,0,0,0,0,0,0,0,0,0,false,false,0,0,0,,
0x8Ae33fd3fc9F3397684E8c0F8292Ba0226665302,0,0,0,0,false,0,0,0,0,0,0,0,0,0,false,false,0,0,0,,
0xDf0cfA04b513b81442206bff0cde0af8B7bcfF86,0,0,0,0,false,0,0,0,0,0,0,0,0,0,false,false,0,0,0,,
0xc702e8a4CfB95E78F8fc06FF4d2cd5C032198276,0,0,0,0,false,0,0,0,0,0,0,0,0,0,false,false,0,0,0,,
0x01720D1bDFb479bB61eAAB1d620faB459ed8512e,0,0,0,0,false,0,0,0,0,0,0,0,0,0,false,false,0,0,0,,
0x4b98F29D7Ae194e6350d116C47181fa5db8E21c7,0,0,0,0,false,0,0,0,0,0,0,0,0,0,false,false,0,0,0,,
0x01060cda09c49A679DF3853139322e705B5F5e31,0,0,0,0,false,0,0,0,0,0,0,0,0,0,false,false,0,0,0,,
0x7c5B71366cfb871005a5A6551319dEEeAf25214C,0,0,0,0,false,0,0,0,0,0,0,0,0,0,false,false,0,0,0,,
0x98105E0bf0Ccb42c02b9F7f3cC6D25741C9e64E4,0,0,0,0,false,0,0,0,0,0,0,0,0,0,false,false,0,0,0,,
0x78643126247E2f8074E57E159CE72A1eC7D16Df3,0,0,0,0,false,0,0,0,0,0,0,0,0,0,false,false,0,0,0,,
0x3D5B428d8aB7580ec23Ee35fFCBeB45a6Ad92a64,0,0,0,0,false,0,0,0,0,0,0,0,0,0,false,false,0,0,0,,
0xcf386a1Bf1664f672ce4E1a97A53F352C0743690,0,0,0,0,false,0,0,0,0,0,0,0,0,0,false,false,0,0,0,,
0x60A186eB8C99EEEC9040830645a96fC7F43cA69C,0,0,0,0,false,0,0,0,0,0,0,0,0,0,false,false,0,0,0,,
0xC03d8DB64dfe98ebFD94a84bc1f825CAB90EE15B,0,0,0,0,false,0,0,0,0,0,0,0,0,0,false,false,0,0,0,,
0x533dC5769C53BB0f9aD6A065b9fde693cE680359,0,0,0,0,false,0,0,0,0,0,0,0,0,0,false,false,0,0,0,,
0x88fcA3b5f807816DaA20850A5e950C983EC863fc,0,0,0,0,false,0,0,0,0,0,0,0,0,0,false,false,0,0,0,,
0x993cbe45759DD3CB7E3C9c7BB9206E0217C3aF20,0,0,0,0,false,0,0,0,0,0,0,0,0,0,false,false,0,0,0,,
0xaC842c5d5A4A17646fa612cCDF357454EDBF994f,0,0,0,0,false,0,0,0,0,0,0,0,0,0,false,false,0,0,0,,
0x436B2Ffe0B78A151DA4c97376F2e70f8Fb52C4FF,0,0,0,0,false,0,0,0,0,0,0,0,0,0,false,false,0,0,0,,
0x966eEdC879D2558Be1Fb1Ee51de955D6763f30C0,0,0,0,0,false,0,0,0,0,0,0,0,0,0,false,false,0,0,0,,
0x6be41812B6CD0E0C7D45C0ced4C10770a292f802,0,0,0,0,false,0,0,0,0,0,0,0,0,0,false,false,0,0,0,,
0x5d6f1B0A496B136d0467e845eA79Ae6304BCB22e,0,0,0,0,false,0,0,0,0,0,0,0,0,0,false,false,0,0,0,,
0xC4B84cfCB8591EE0399abD8CB451FAeaD88C0ada,0,0,0,0,false,0,0,0,0,0,0,0,0,0,false,false,0,0,0,,
0xD3E11D7A91eb22a2Cf404FD254844131f5b316bc,0,0,0,0,false,0,0,0,0,0,0,0,0,0,false,false,0,0,0,,
0x1F9978c971bdfbcBB455Bd96ddCabcd2Ec6AEDF4,0,0,0,0,false,0,0,0,0,0,0,0,0,0,false,false,0,0,0,,
0xaf88DF8851cb31bA8117Eb765547AAeeeBCfCB05,0,0,0,0,false,0,0,0,0,0,0,0,0,0,false,false,0,0,0,,
0xac55bf9a0C62D85E6007E32421D4206aBe37f5A3,0,0,0,0,false,0,0,0,0,0,0,0,0,0,false,false,0,0,0,,
0xFBc68841584fefC06391BF852f9bfb1dC7B63137,0,0,0,0,false,0,0,0,0,0,0,0,0,0,false,false,0,0,0,,
0xF3AcAb74aA7412ABB2Cf5EF77F4E874F9E73cca6,0,0,0,0,false,0,0,0,0,0,0,0,0,0,false,false,0,0,0,,
0xF9dC4DCC0747b92573345aa560386de6ADdF72dc,0,0,0,0,false,0,0,0,0,0,0,0,0,0,false,false,0,0,0,,
0x6421df74Ee4A564E05E5E360861961A13CE9eb9c,0,0,0,0,false,0,0,0,0,0,0,0,0,0,false,false,0,0,0,,
0x2C2d1637aa20F877461320c110c40447482756cD,0,0,0,0,false,0,0,0,0,0,0,0,0,0,false,false,0,0,0,,
0x580A9979c1e27D03427b6196fB0CF8efbD248B9d,0,0,0,0,false,0,0,0,0,0,0,0,0,0,false,false,0,0,0,,
0xC4952f7ee6017ea9B74Cd497061a22bCC0B2139b,0,0,0,0,false,0,0,0,0,0,0,0,0,0,false,false,0,0,0,,
0xCA55BfEd84B023dDf3e8F92Dfa5034ecC34F3B44,0,0,0,0,false,0,0,0,0,0,0,0,0,0,false,false,0,0,0,,
0xD1414530D60c1aea17dD23be20088C4bE38e737C,0,0,0,0,false,0,0,0,0,0,0,0,0,0,false,false,0,0,0,,
0xa1159705603EE4212fcA6713670A8E83b2B4FfeB,0,0,0,0,false,0,0,0,0,0,0,0,0,0,false,false,0,0,0,,
0xc9502AD57A7D2FCA4A34B8bc3cbE23D6141b125a,0,0,0,0,false,0,0,0,0,0,0,0,0,0,false,false,0,0,0,,
0xDABaFb82DF1b76b1552620465C414C6Fdf75BebD,0,0,0,0,false,0,0,0,0,0,0,0,0,0,false,false,0,0,0,,
0xaabD8EC75b37178574eebBf720E1E73B404444D3,0,0,0,0,false,0,0,0,0,0,0,0,0,0,false,false,0,0,0,,
0xDea1f188c9B2b49527ADEbE9002f35955b2e8C1F,0,0,0,0,false,0,0,0,0,0,0,0,0,0,false,false,0,0,0,,
0x9199836794A19Fa170179A98BC80EEF0d996Ebf9,0,0,0,0,false,0,0,0,0,0,0,0,0,0,false,false,0,0,0,,
0x229b3238CD72B5760C4D3cB277a22BDC6A4Cf147,0,0,0,0,false,0,0,0,0,0,0,0,0,0,false,false,0,0,0,,
0xed26e09378205d24cFa20d4F803BE5ed7Dd74CC8,0,0,0,0,false,0,0,0,0,0,0,0,0,0,false,false,0,0,0,,
0x07854877f8A6ea542A29a963bF040CCF63d3a893,0,0,0,0,false,0,0,0,0,0,0,0,0,0,false,false,0,0,0,,
0x1c4Ffe77C1C643aBa26c2EE236F9e8e12F51615d,0,0,0,0,false,0,0,0,0,0,0,0,0,0,false,false,0,0,0,,
0x06F2C6EEcf39F395925d25AcBb69a424C6f4b0aE,0,0,0,0,false,0,0,0,0,0,0,0,0,0,false,false,0,0,0,,
0x1912f066A05C50d79Fb68F768f99739De4d6DB5c,0,0,0,0,false,0,0,0,0,0,0,0,0,0,false,false,0,0,0,,
0xf96D4a72e5bC8c627a788BC9e83083c0a29EAaa0,0,0,0,0,false,0,0,0,0,0,0,0,0,0,false,false,0,0,0,,
0x1836B1157eaa7AB8a9634E3896D3e017B8B4bc55,0,0,0,0,false,0,0,0,0,0,0,0,0,0,false,false,0,0,0,,
0x4f9ac4d3c9e34c1374dc1EFD94A43Cf10CA0B452,0,0,0,0,false,0,0,0,0,0,0,0,0,0,false,false,0,0,0,,
0xB7F9179D7D27BC290Bc34ec4179C70063CA75c75,0,0,0,0,false,0,0,0,0,0,0,0,0,0,false,false,0,0,0,,
0x6493DbD1f0d1B658AB10f6b1D7f550B312a210B0,0,0,0,0,false,0,0,0,0,0,0,0,0,0,false,false,0,0,0,,