Address,Balance
0x6d8db35396b5eb98dee495e32b8cca992682316d,88435542929182393292508828
0x106022b035132e731ffb19651471e399b71b093d,31394180047826814933572338
0x513b6836fbf21311b085091206b6cba7ced91699,29752260926906052170127570
0x9f0106ea54ec275d7b6acbf5db0765550b559eaa,27580349804727320762123776
0xe97f42087ccf97e2212bc6770153482d27d1f564,25559170437000809046584214
0x26388801730c8832aa945d84e989acbd35f2090c,16000000000000000047778577
0x95c80074a6df59b76e2227458a838b5957f56bf5,13324148129016742064896238
0x9ca8356eb4e939f9a2d414a65a7063a88a9ebc39,13063017552861194365443851
0xee68eaa1f104aaf1009b717205c8259d911b3539,12424672420245746614170911
0xdf25f88aa6cde9937fdcfcf10fa349528c79dbf9,11791058466291126532659451
0x43e2f7097ab6ee0a2dc9c236ce2bb05f008334ec,10114022200714706063507628
0x57b92faa5e0fce4ce68dce04599c8123e74e38c5,10000000000000008558431913
0x737ce2f1d80b30ae6ec72d86bd6fc048fff0d5e9,8975248022854014213027297
0xbe8670afd0d0a7de8365e5409d61612a51512b48,8514293683148061093172748
0x3c7423c3f5392a8e9f28a6234732e45fee6d5c5a,8382594859439300935431520
0x9cae951867aed4413171554fbf7b6f7216b1d7fb,8099635596066051428947645
0xfef5e10566b0829a9e266f2973a74678ebfe6d6d,8056892662674955707156185
0xc38f2021b6b6349b8f662b7f207d84beb7bc8308,7902160112401042571185847
0xd312c83ceb3d33b330145448dc9fc223535d9130,7706630051803901603684724
0x3bacccc1886ca359cac8cac6ca912437340266ff,7680940832668922005959745
0x897d9d0ced4acd50b336f77e48d40d73f4bec684,7662173000000000000000000
0xd606360116dd9e9114d848e21afcf72e890ae4de,7526823439465555810953048
0x785354ea5e52173ebaad7f3852d47431b45f2fff,7313609234538161693831070
0xe390700067de0468a02c6fd5417fb9ec85b4ea06,6128481675229033450847844
0x9c8ff2cb10eb8306c98765ae3f9b2e8a4c6233ee,6005679845658497896796671
0xa0597e674df7566f4df4131494b3da7680c5987f,5858186455542565744514135
0x8afb752806eac8a52ed80d87094362ac5a04a8b1,5822160914960246533155441
0x624070127abe87205d1774c3e45c51cba974e895,5804053915619732126881286
0xa6b812fab6cff0ca41ad65faa884c4e5d962f76c,5801008664910522070035377
0xcc1e9644e323eaf68b55e905cab5c5a963664c2a,5442494503416183994770517
0x41e16a854fa335fb9806a6f63b5aa229f8a93288,5005974314010578710746018
0x533179fffe8a0f4f2007c05f7baddac930b9c973,4778572289400941580633956
0x681b35c1b97f0aa37a3a9547750b6a14e0e4421a,4769103678530770419240238
0x11375bb760898c662608ece6368778cf75afeea1,4341387110759816036738924
0xaaaaaaab8b449b8be4ded7f61c15fdde8697570c,4336249624730267782267557
0x28eed5fcaf8ed73f635e2ce7b75d9ef6fef14dd7,4193127099188668461110446
0x6f1313f206db52139eb6892bfd88ac9ae36dc54e,4189119241961708787670013
0xf1488ef1f342c9aefb80266e9267404675ffc35f,4054244177857565133041424
0xd85471b892b27c66a5fc4ced4ef272dabcba62cd,4002974157483660121880134
0x98a83a81ece82d8fc1473d19016337e299a8062c,3998848965274832281769395
0xabf22584bd319df7c034a7148760019aafbe34d3,3983108599197835693365783
0xefdc7784e1e8d070399bde563521e5953d8de2fe,3899447529784738374454084
0x7cee73b862383cffb39906b35f0b49f6b0e84588,3743021268052120111629828
0x1d5077d794fb2c3f7ed606d159610c43d5d5a741,3687798706409971516486588
0xf7ecc5c41f61422a4083266e7da3ab4ac0e39962,3652853825070262673770170
0x2634dd1e2c4d7031fbf675d94e70b97bd0356f8e,3618184847522152999244372
0x6e3748762d9354d410d5c78d01b5481563204a09,3520021427327553563282692
0xb4c0ce584ef0456cb29167d3c9aa80e81f2034ff,3474857617586029301261895
0x7a27b0e5d47ec43f14e38254d3780d6ddd44a07e,3440058517447174144870735
0xa746b6be99f031e018af4592c5d677c5c9ef498f,3430111144348217059978305
0x8732f43d4e2c31a0dd8b97a8cf10dfaee1b4fe9f,3359608488682161925366254
0x92a8d5ce2ecc201be0d707f4922ab6484bb50d61,3256762287912563395463757
0x8c89687dbc2e36a1d3852d9e858431aba5421c57,3220170824054286122293457
0x681e9b6084953f668310b1719f6262b349c24f93,3207898561595180979400597
0x15096549584ef6544fbae970191163527d779c24,3200000000000003711291554
0xd32c5fdf1715a57a7e5b5f7791ce13e743d31b64,3180915035570782487244839
0xc013907a1968f497126de6726561b1912cb2d6a3,3180693044524077182492299
0xa039bf8b8c93f6fd4eeefd60ae98e885fc7d46f2,3165764453115152096111289
0xcf413ac7b37d60d411684dd61e546021f2f67778,3107929778986815974169416
0x973c45dc18a29c65baee5acf995e4db2acd99387,3063552821615935060091864
0xd6191190aea8433e479d0d6b86d9237e3254f01b,2984946436786889829845839
0x8b4ae8bc3cfaacbc01060d5d0091ba7382178fb6,2966897716220016826781630
0xcb60fd5b2511ec88ebd3fd131b566c59054bab2b,2961930140410555094171717
0xea9525425a4dbd8cebe12407f4f03baf5fa17dc3,2853819916041757192020168
0x48354e18e10880306ca4c3cb76fc4027838e448a,2813909918621064237400493
0x9d2657ccaaf20a9e33d11d8b2f6fe20f8df70e09,2800931781220711950627000
0xdfbaae9b5acdc368f692fc9b8c7f2298dd26ff6f,2796525621102297154112537
0xcf07c3a85a981c8ee5ddcac65273bc574c32728b,2761512129135016868231353
0x334e9b6a2003e1bac1db7cfb4c187cad3607722c,2718073625129461751258871
0x6e1526d700f70354419eb8153a5b51e0cc916ba1,2713110433254245523589190
0xbe4eba417999c7269c6d631eaef82ad3f2bcdd9e,2688548417902412518546123
0x12b25c74896114c8e9cb91f3a6133567e339dcb3,2675442625555723511389362
0xe8fbbc6d08bcbe85a723a7a99d3eea6fe36b5eb6,2576710154141699519049085
0x51f49d8dea70290aa02b96aa1767841bb0a42944,2559803054525390788223177
0xa85ab9769f9c40aeb8dc8441fdd1b25dea21ba1b,2500000000000000000000000
0xdec7a494a80fa421ede390bdb824e38cc956a285,2481081038314429267645234
0xa748f61927f9fe104ec894ffb35ec1b2a6071675,2480935912975180989891583
0x0d8673b0973d7e658d845c3393270ef9f133a1f4,2406374437309300030497671
0x1a1aaf0981ec3256fe81618147b139878ddf292c,2378884346922290210715552
0x343b8d07b85bdc67e67f2d5b1e4002a2447da215,2365000000000000000000000
0xf613bdee12ebf8b204d21c4ab57793f0ad47c607,2284414143924554796652873
0xd44b3cd0181c605208c0bbb27c347e491f2b790f,2270888026966537810923869
0x8e045120052c2bfde810d400beae8757f68af06d,2253611140071697007411478
0x1d246766cd9f9ccbd398d00e5f0eaa9380b7f334,2245208078102572277863292
0x747c25398e29a2063bd9d7873f66aeeb5c9f56ad,2233124285307684962730785
0x6512306283ce0236b703d39a8e697acb20fff828,2216424511817326282376753
0xc4070303921e905db8f481be1ad606bb0dc18fb9,2192560878268292233801205
0x4cd6f86f28f6c9cff1fdf4db69431909dcfcd6f2,2166201093400366079803366
0x111d9b686fba2c7c89dff8e8297ff2f3ceeb6a3d,2118182285196919132657243
0x3c77bb539266891e3a2546d468fd8101aed12feb,2107201446217955499208006
0x240e2cb5eabb13b89d39acae9a5a54b3fe523298,2082415690579045699743178
0xec3024da1788ce58d39b6b7a2b10d78a7e8e3cc6,2060623395280121153151970
0x2cd8ad124147f4c622be5bfdf18e65b08b14e8c0,2028061682173189279104140
0xef74fe82c98b968c0b126bcaca842d12085f6ed8,2026834117429044731111722
0x5b865a8fe9c30bbce9efcdc98b932f5c0aa1e1ae,2000000000000005071297991
0x889eacb305d080f6853378dc8fd96227b2a1bf7c,2000000000000002015935609
0x3b917504ebe6cbdaeb0c3a1c82b75d41ab5c43db,2000000000000001079802916
0xed5152d60daf9c9cd9bb5dbb5600237221617603,2000000000000000000000000
0x92957790cda9fc741dfd0a839a896c695885147c,1982585412517594894247527
0xaedbb9556772de717f4008ac5008120e9dfec3f8,1927912278884157625759932
0x091e3a29506f611b1ec9418fc2a6b3f0977210bc,1880209130071662570865267
0xb7f0d7c86151cc72f748747bbcb33e5127b3c2c0,1850833374780576931375366
0x27d98f18603aa5c1100b18841ff301de1a81f33e,1834767428351503569831700
0x0585a5a496632859dfe5269adb51b80f5d9e33ff,1816776538313506783890110
0xcb2f1472d3f738903aca4acbd9a8c26baeaed79d,1810860151320053855518856
0xb9af2f53f3efdd1cd93761659dfb264a6f601287,1804683868530488763620073
0xef6269de7d3e98d3fe86c6e726a169294b561bba,1803022804471745029096632
0xcf2ded96e74ebcfc97683ed4e1606644d3b365aa,1782989673147778555739090
0xfeabd50db0ea048143ab8c638a6246d217968254,1779609932990527341300788
0xc4d9f964893532b75c63f2eaaec05c5e37959b62,1763382553383928167423949
0xf68eb71366739d4d36e633fa4c832fdc5fda6098,1712021320156854860476807
0x18e8627707406a20b05de0935d75764cd5055de0,1702840076645802913678688
0xc9113ff4317500ffbcca683a008d24a30e45a295,1691613602552168858124683
0x784cf02d4095fd7ed32c86af6a7fc177d61c1e27,1691544756788141397299891
0x77777351928ce19bee8ff5b4b1406bc4c152827a,1688236268923896009961862
0x6d1faaaaf942e259191b408f96e2cf71756d332f,1666191179289515060605977
0x444f04d7e3ce0e15f876c23f5d782cf113bd8a33,1659338547876535768090199
0xdbba359561bb9fad6cd8593c2b1f49b17884aef6,1631471050516786797671493
0x5e5e8a91a068b7e5a4fc580656ed75a315e06849,1614528698402982702912324
0x6e6719a9dfb5c92c39663a077e1ab53bae19d926,1611874306331762704046522
0x559461e70b5aa3e2ce8fb7aa6f3e23ac83eeb69c,1588524472761359975195363
0x335a84956485e469d2531b64f4866d5e05a3e8ee,1580772863202764380321530
0x37cf7bed2a18b5894ee12d9b03625f5bcd6560b7,1545499315787176611842115
0xb7c27b79bc5f4f9331482af5994b5ad757c14318,1545239567037896764755030
0x150952108f28dcaf4e4542090e67cd2696563944,1517868855188186142471816
0xa3a482054ae9eaf4a22473bcdc93813bb2913316,1510630038054833212839645
0xac1c61373766aacb6472e2be7d03828fbfabe06a,1502255698991061114685132
0xc48835cb4fd812d2ddbd1ee7fac70861a0beb013,1475225024394101218025327
0x02597f26e455a9c91551de14386ceb9471f84d4a,1463435026186533570020866
0x76bed0ec68cfaa75d66cf924b1543f7865a20808,1452191920770216202229475
0xb9d16fa5dae1947ca12f991a6734cbb01b520a8f,1449759482069220137777529
0xf90797114d0edeeee3dccb612d988835f8f316a5,1441398167325516219025993
0xa5bca4c0a6c45c6bb5b0d48316d7cecb05573695,1430000000000000000000000
0x6a0c9049814dad09c7f36c20a5a4a94492b6a63d,1420808820514975998137751
0x1cddd79c5937c10be0fffb436fd9552b1b609f4d,1391373992296615607468340
0x6ffc9b4c1409cae5ea8970f415b14b3e1a2d523a,1363442350835577996935223
0xdfdd5e3deae2dcc5d538be65bc6798858e7de523,1338143166753017927520960
0xe1497ef9f0ae717bc57507b43488bae1fdcceef7,1336222556607274072345582
0x944ff9584ffa0d8755ed5e2d345b1ecfbea5e86a,1314487402699329948889590
0x7634304d4c57308e27e3a88320cd860dd9999999,1310749404526703955201530
0x044e18dd17adfa2a0760cc4d0a5aba691629eecd,1306263956358086960457383
0x98ad61160f8137c60acbf07cd4d5a6ca8458c58e,1297936947086671418390877
0x256665d7352a0f5ea2c8f2d8832e86677de84bae,1281993155187155365066486
0x7f4aa94dc35021228252800183c9a60760f4a42f,1268180414770101353461375
0xc624ea8dff93571dccea48d61ead6c6988d5292f,1267612303182957723605326
0xdb34c77fd0811a1a4f8aeb0e2510fc42e856904f,1261300076139452023496094
0xd691f42c8301fc56b056b96527143eeec3f9c79e,1258879555648533105967010
0x20a5b4b673de7a8d6de286d324486733f0ba94b5,1251497636060643148485852
0xdd8fc2af25a520670bc9b0307ddf19c37618707f,1250202810136787267018740
0x13837bcafd1f91ab9219ad3bdfb74f1ae4d77a5a,1249534964524023117898105
0xd2e2a1b90b9e96fe41ecae2e5d01760600a2dbd2,1244516913283155588518427
0x31cfe70a31bcc3c1ff3f9e11d673568a8a15d2cf,1234697228846766741562408
0xfa12665044592d3ee748acd9ecf64f22998826c7,1217596283596659736553494
0x9f17073283309b06f05dd635119f0e755189ddf4,1215723828063252880891517
0xbb138a18915e81621107f87e0bbf0cbba8b30256,1212892266648006370374036
0x70982f92995268019036dc0620765de919356827,1206851237947587940474381
0x66908cc2f112eb1f837f2ac14cdb68ffe5af2a41,1197497546873570447931708
0x389fbbdb3c9acad11f5164dd088095ed9a07ddc1,1191587459149792433799190
0x8aa3cc9560d07eb7c08747738c79ea36b7bc7748,1153142777872050179707806
0x7d613c6316ede9d257f3bf512777cb4ea4a6bee4,1152337484124286270900999
0x53a594138e5692de23da68e3b393b5f67e0c5686,1128719825568393782225514
0x60e63b6916c96df46503f9342aee9cd01939f3cd,1125000000000000000000000
0xa7ab54db27b220e398bb190ce0a3b501d79d227e,1110424283948076812989849
0xd1fc46bda1c20cb2d6a0050b312291e2ef379759,1092546851419442492930148
0x3b163a3d2c5826a5d348876d5cc9416a834ed55f,1092427895501876538455366
0xd2932fb3c33a328f733a7ba3114ebaced349a585,1087663552242777217158384
0x669e8500196c1fc032c9bc9a6378541cf5f48eea,1077170679018248329020354
0x4e260a67d69d80e3bc1836109ddc1cf14fea57b7,1073463739320120431025040
0x61cebc0548cccdbe67d674675496241c5e98d8db,1073045366310091305602390
0xd8fb13f0d94b57576525d4f157c4dc9b247e52c9,1071923851513569419307563
0x343a877bdffed912a426f4b53d0b4ac3a3996429,1067121552431525420044494
0xdc99d8be9ae44936449464734ce5501136d07105,1063881427011665022719452
0x4f59ee0f1f5104418428ab68dba2f8af4eb488c7,1058271353093933962640461
0xa34edad0a78d1c4be127681864069012dedb48c0,1046965836849824583236236
0x91b3be8ac9eb7fe52bdd2e24ac7698917e0f4b22,1045088579674658544865980
0x5612c3542ac97f2d31b17de137d33ef39ee62f14,1041569609254482350681759
0xe5bf40a0f947a3092c602a83c64b39206b855499,1041228284455581843169257
0xf6241353cbb2cb9c30320f8b87985f1969e7c586,1038631412699092830784291
0x6f1296b5e0e4a7bd6022ccb54e3983bea80ca665,1034371108085526784878083
0xe0055e38d90048670a2811be1ded95cb47e49514,1033355649031931614678218
0xb90205e007b138972955f718d49c8c5a464f234c,1026671894174093172242962
0x0aadf3cb0ba7224862323ed9bb1c5c01814cc44a,1024737976541745423638965
0x7a1eed8cf88a96d1572e6b41356754c5b6fae8cf,1024733020570856630552642
0xcec19abbd972d153d32f20ea3660fea2ad144fdc,1011942931967208045634501
0x1f42a7ca890cae36876166b11302433d5e0d1325,1011251272843981874911843
0x37b28d9e18d0f67e84c6c52f1978fe568ba519ff,1010616472422630949557838
0xe5c71c71694ff27d5f3b8a1b1e24a6dffa0e6b3a,1008384849484633211833364
0x5eefe91a645eefe2b45491ee69ea0396cc357d4d,1001795302745133175177933
0x28bf4d72f10f7a4236fa8b378cc027ecb1d8dee0,996424509362830086745747
0xb4ac4609e6098b1e27e8aab353117ca530b8703f,985304009409921747939448
0xee530d73414c95141c656a5d21539025b25e47af,984685087021355633684681
0x217acda0590147a9e1015aab869d3962fc21515c,980181928462883746941320
0x859662a281839206b1fa46dc695c7fd55c38f33f,977056280062344572652208
0xccd680fab817e72bfd6fb9f5902f28390cb24ff5,966479901477028956152812
0x4ff25ae1b4bf1cee786d5458b43f116d3203d374,958076546015922214012723
0x7555bcc4299da5458fec6f20e21cd54777edf284,954450878458909942130924
0xc4ff6ad7dc86e5178091603e2606e41ec10187ac,930624436717085821432739
0xf4a05aed2c85daba1bc7d2a132890c49e8c572f9,925689770457515279846096
0x255663541eabdf5a986aeca741bb4dd041417e1c,910866856007105470803121
0x58860d6bd8f4011afe7c9590b02a91f894ecfaf8,908442522358586369771859
0x8e305ed986a8594c83ae73bfdf8676730613d1ee,906594432147555236164545
0x0d901d649fb0812429e3817262c0500b21e3d17d,905492349308857001123184
0xaaa74dc64005d87f3de82ed19edf8c35e810750c,897898304658511555396606
0x394b80b7d65cc5cd2767cde75c82ec6a9cfa14d8,891137393221464769266819
0xfca27db924d08f8e24037cad443159a4327f37b2,889076677254353186209377
0x3fb2e905c882b22fa0c858d835763ba2fc248704,886525514820349868284914
0x145f296172f3b3d172b52859b22858df11238756,873526678689493721901960
0xce65c65c36598504383a50e6e8a92556633374b9,868941210539012613205571
0x8d1179a344a99bafbcd8271dfc9ed6cc0ae35505,858502271795473783984869
0x7ff4d2c99ce60c09460c3774ea523fbd63ee9105,853191835041212161911094
0x9a1ee67e454bb963183884e7e2872fc0016613d3,847005893527541152086347
0x12ece1e68b5e84b0db56a94dd57d78b04a93a0ad,822804772180542163463906
0x103576d1dbb5d9434bcb8628adf50fc6b329547e,812300132186852198919439
0x609fb243a40d97239fc9eae0537e0778fa8f2681,806327694204365425976001
0x3514ce947151d12c17c5491aec828c171f82baf7,805363293286012256718673
0x7840bb6ed1bbe01d55dadc7ebef075418aa7926b,804006018621544313903632
0xc381c8e1e67d9bfb0275af6080833e68d18029c7,803984741011654107212084
0xe2a368d29202a1a200b091e8a809d5521dfdeb98,801516946848046671179621
0x103aebd6dc7f773e0c9d523432d4815979b24335,785694100657638883050080
0x19f86add154950edd10883e7fe142423932d6935,778944572823962969383046
0x29725754fb73eaf02d15cffd5ca9bbaac56e6f8e,772722545853093054019977
0xe826eaf8cc25760ebd0c0dab80324a29a220f8b8,767487701247091178267743
0x07545d5ab6d8a7a8bd356a723e7722dea898daee,765927417814796982602361
0xb0cbd8b1fee79018762dcffb84e692237ab2ba8a,765685601367727616896326
0x47aebfe2271fcc4545db133de35beae3b7c57cb1,758156749628395803216387
0x8fbbf04918b61749758c92320700f89569e3eb75,757398675702574118488065
0x9b26cc5984883e23979efcea4f31b476f8bb5bcd,756772580172031691789086
0x7e25ed347adfa52ae56c68ac63dbfe8f589001ca,751306385878758167336322
0xff5da5172ffc72e1115af4de23375ba7eabf409e,751093044024292047414353
0xde622249c9d65be36fe9cc7dfced5813902b6746,742400116169090077401590
0x556dbd7b30f9da1848407d9a8245861ba8cf7de3,733584632701423582255736
0x93384d35323b13c101010c0ea53a918ad0212377,729013667760261550230572
0xcea11fad03191fbc7bf98334304d8e30e5603084,725072418535836307949810
0x5917bc60b5e3c961dc8521fda4374e3e2e3343b0,724979518255977296731260
0x3b63f90897932d103b3090dc83c81d6b018bffc3,724978237980383857292541
0xc2ad883dcf1116c63c1eded856ab97f7b5ddc3cb,715833312283203328187255
0xe6d229422af2071e6f11acbef06ba75f67618d38,706191491525626114413035
0xdc4f52bee1ac925dbe4bb65d1d5c09e310338b41,705562583671727626586447
0x00f4870732a65a3294687072ad2f335b76f6742a,704183283172082621594639
0x038de89b0a121ab0ef17905de80cdcc77b5ae83c,697797958274055601082743
0x66f1001aecaad4f3efff292f9b613d3a671189f1,696679972437364578046733
0x2e9be8601e948f0c6a6ddf5e393129487ed5e223,690216531152454551518901
0x3bd726605de8abf8b073921fef1b42c8d480ed0b,689686785926360874813324
0xb568c1f18d80cbafb3267976c0b95efe76b2b38f,689686785926360874813324
0x1410a5ca07a05edf10dd7b2ed386b508f290318b,689096358149720770604254
0xae78939918565bca730565009e262f8358a91e51,684020446948347354679507
0xf7694900bd311d0ac7a39bc6b6f1f6540ee5a3e2,672225411244514479866420
0x2ebf7f33725df90e01e0c7ee7dd29b202434f44b,667532083197543699864543
0x50bdbe6f44ecf3249a55c1c5f2748746f3af31e5,666095290380470006139297
0xb0b7017d048ad1a97a2453b8eebc02d789ece9cb,661458607026821336801382
0x1dd365caf894306217ffc34ef37dee1f8d89eaf4,659636758528503280765058
0x8ee0aaab0aca2227508d816aeaf58481b6e08ba4,657731824264049462196323
0xc6951c93a5b9c07f60b26f6e02f112cf71bc3f74,644036878981832416796901
0x241ca69bd2caa42491e339a9a99b4a2f5c093998,637441501224226425680803
0xc9ab16fc90cd23f3406a26217d82a28ccb52d0f0,631518543866358441242632
0x32f1f3d9131977fc82942ae8c973e063201f7215,629947682701453260416360
0x63862b469cc1dac32b29ac05e749adbe0cd0b85c,627875981683042903646100
0xe9c2962b452c694c06968084454aeecdde857733,621411694345533988982801
0x3086b91a1ba1619b263c8f9d40d72e853d785377,620932658936798327080455
0x3a33c72f3f53ec4b2adb07896df41ce3376679aa,611551729550395564020886
0xdb01273c7caf865f42519961eba619408836d97c,604516324985236436824260
0x5b5cf3d2d0be259952ba94fda2ea367ac3593d4c,603510658848924131198480
0xa32cada8d68b32ca09b1ae66be971062bbcf6861,603479432384297222961935
0xce516c025c89224562a03950d9dcf7e2c982191e,601263846728223050214101
0x27aff1b7b2d0cb3d567983dcd1c3e41cce9f61bb,586046351040271210091561
0x101f2455f6acc6f427e715272ca54011f3d3506e,584130270645574112558593
0xf28211b8ee68914deed689e1079f882c421f0308,579859042857670973171742
0x71ab08e24644cf7462be5420817d58b333d1b49d,579170808556386673624392
0xaa4233eab5e074cbb076dc15a407294bed15859e,574407786253365239000191
0x1a5307c65c9c7ce5c7c1a17f9c96d993297ce100,567488041280169376403337
0x161464f923282e1dccd85a9a37b0f7c9d36fa5e8,565933782984740198176354
0x5799f9771bd3d23e16f25d58fdb5aa3d9ee9f711,565885462891362989999258
0x02f167f8ef8b9f6c904466eef74520504cfcdb20,563105250485061213772474
0x50f5ea2395c7086d2e0504c0860365495fac8ad0,561979782954860199976617
0x42cee44234c6b3d1e6455d3133dbe60f4621a0aa,561667612027929522203201
0xb9b0252f780ef21aa3c8b3d6bd6ea19c0231edc3,559474793949699062328373
0x973c4b44b34cd02bd72a4a30655be793a13aa473,556009535435193885734887
0xf2af83b4e1e4065ef21a16c99d1a34a464ac6530,543999574504815894954537
0xec1af010739e15351d234057022b3c46b5f36ccb,543666551025854432118476
0xe8fdca9547985c2fb8be4a3e509fe9fe77ecf61e,536198502928426444804683
0xf939eaac22a143ef53f34cbe5b491f8f28db488b,534973830508460566556865
0xec12066a8518f811e4170e31b1a18fa500d238a5,529660781168278929830172
0xdf75ed09962bbf0af8d2662b602932ff1bd96b73,523403574956292544914642
0xd3358b1f39a6a71911c6e33717d185f99d43e80d,520878939221302101302230
0x47d1308c9a49ee546f0443cba9c9a76a8191814f,517134072994021245435536
0x50285e7930765ef62472df28752bf7c30e63e712,516553552374320184416291
0xe2c420a99ef7a86e1a65891ff00fa48516c6cfd4,515295885744318319974745
0xc37c3bcb3598e8d9c323a09802ace19be04416d3,515085732186327385180607
0x1685a195ef078282fae7dc4c72c75f0cec060fff,514636042483542126533932
0xdaeebbe0d553251fceaa7a13d3109585c7dfdf1c,513751697099807633911275
0x2c14ffb5b2444eeb203800e9f01a98221b6e5611,512860855520139560965674
0xbf69c5ac1438e8095cabf126f567440ed9b84b6e,511512787006066208221730
0xfa74b649d86388b3a2c5b492df519eb7cf19f290,507544370414268695141037
0x625c17831e51e27385ade98796f97e94f6f0de90,507276583361838576051133
0x4e18036bb5e6e3cdc7acd0ba935974a191cafc72,505721514871852515253211
0xcc439debf5b843ac9ebbba86e5bd20f5bcb79cb8,504809638645044927819397
0xcdf3747461aebdc2ed347d7022f3aec607316584,503612009090390145478867
0x576c650f2016f8914fd1a45022a16ff12ec00fa1,500898063949504864799153
0xd4145dd72876aa7dbacdb3b91529ef72c869567f,500000000000000000000000
0x824880aa72a9c933c7855e1ea738b9b4f5d2e0d6,500000000000000000000000
0x088c3dae3584be066b0f74f714c5921d8f81951c,491534095161113841533535
0x82149885911139855e574757314f2ae82abba52e,491062920237885775680654
0x3098c69d038e9e50fc9c0351bb60a65b5694241a,489512751500111412036344
0x3e218c4a699a897dd4c6b03d7930334f5067d472,488619821132224652418569
0xc164fd320055b501e559075c980112f86a865358,488619821132224652418562
0x59bbbf4e3d1a972287c286b996e65e022ab08e71,488619821132224652418562
0x0b4e4f28765a0b253f2d5acfe358e37428008229,488619821132224652418562
0x675486ca70a4ace850f4f8f68a45e53508191241,488619821132224652418562
0xbdebc4812429b4005e2e46df5e473e829af34c69,488619821132224652418562
0x9328eff67d0e4b92e5c5555b145fe913d726395c,488619821132224652418562
0x4990a1a8a05973fbbca1904daa6cd8e4e38ccbd5,488619821132224652418562
0x0dbd18d69d8f7291b6c545864cce4ce7e2e6edd0,488619821132224652418562
0x995a92cad7c0944d9dec24a9634bbe3f15386180,488619821132224652418562
0x220d040ea1cc9b7399d2f290eb9a7f5bfa88e79e,486230356743654377482300
0xd8470caeb17e68534ecdd82ebb567ddfd90ad680,479640968897790665986408
0x242ed663d68f9e391fb3d93e976eb9f641cdeb22,478156847939689611214226
0x97bb6bdb487d8ea23afb775534b2dc4418d2bcd0,477787487367139732412193
0x44c35d31da7eac0091eca78118ad9c2a7764b0a7,477156032831156811117555
0x53b7e69bfbd817daea79c0171891eb65c89f8f20,472089000000000000000000
0xeee2ed5d5699a78cef90e7245bb92468ccd8702c,463888081500125912929568
0x475660e7eccffbab062631aa51be0694781f5fc3,463814814224018168324954
0xab99301e8715c340dd7e8316799f3416311e3554,458992581880633292247807
0xf11ebc7c0eeb223ce5770f20342e7f5d87387716,458305549165733688186611
0x40947ff7219e90f0e97934dfee9b12bc586f412f,458139682904390727913364
0x43a69946bc684cf96ea5b3e21ddf76e41d51b429,457871304034287130093409
0x66d90362e33a07d563cfff46c9aaf64429a7432d,456026224069842975631153
0xeda46cca462854ffb95ee05b00d2fb3041af6c1e,455432382077547452161257
0x38ea22af8b5478232a3dbdfec720b8d33b26b91e,453084500844186323858695
0x1dca668b586cb2e174c46dbc5adabaae5fd30e7a,449732044826607171832465
0x46724c51e975248be49d263668ac17a0b905f39e,448356322830236453600460
0x184d89df28dead3f81a98cb39674fea0a78054c8,447849256322036482231709
0x0b8c0f4869b5fc625ad693c52d1ce359cb1d5a2b,441984298127341478937653
0x46e014b5b486babb99358bf7c8f0d89b41f1b9f5,440015177588738711383370
0xd7b899f059feaecd7f3f508b14109a26e8d72dfb,437647950344550484751932
0x1ffa683fc09a3cd3f703e01d3b14652f9905433e,437365891599829010305810
0x4b190fdb83baaa6306f285d8ddf91cf09fa57c5e,434201701357970402673845
0x9cff811681b932381aef425f56a3d945027ff181,429526640397569550204267
0x28828f67b4c7b78a4930b904916445f5981cd284,426577994652142116320534
0x57c195378374396526e9b94472d86f01ed68ad2c,426539546424935342367187
0x28b9e5ecd9706c3d0f8cd38d44cbc11ab9dbf02d,424163976039836799640577
0x278bd2943b6fd604e81e211af7037e337080690c,424109742530523294384819
0xa8e60e25c98820ceebcc777fbb50a46c5076cb26,422338398081116567166653
0x6ba23d93ecbccdc1c4372dd13555f765591b7f42,420142610339781653127348
0x05bea9870da4573c256eb0df77ca51cc4c82fc92,415466906004593937334942
0x0fb29066261cbf17716907883597c51be42d4536,414721397899465806611455
0xe762c231caab18fd13c0d95851426d64fd3306e6,413637579627381229361668
0x8e60d3c10886c0c18642b45efac1591b06ca638a,413177117319421752828472
0x992f18e44b3bdb941caa826f50fbc7f1592b3237,411359619608279158442583
0x6f5ed25c95081dced30411188f332a09bbd51fe2,411008753118343129419349
0xaab5a73055117c58b1e53d9a99b48dfccfd8c813,410667785948328912932948
0x7496020e51f7966347d931da7a5d0336d1f02af9,402892142999087295335058
0xa44a4409a6a2fb766fa2ccb0e76bbf580c0b4c3a,400000000000000000000000
0x76d786f56b6c861958c4066a5a7240b0eb17d311,400000000000000000000000
0xad15f8f18f177472e9b70faa9a3da51dee25ce65,399811956412647025392024
0x09631ad746dc4f2fa8670dea88f0abf86b39790e,399577485566000830402712
0x41ebf068339c46ff5802915fa40b47389c4961b1,398522515468340326146849
0x86cb473e56e18accd28e93f565edce2d650ccbc4,395424581093272842563639
0x46c81f5dcde3660c42b8ef6075f46ae500526f9a,391540839829552311087661
0x4127f0e31410ddfb8545ec81cc74befb75ea0463,387353453139939025390962
0x414a2992ce7f55773afeda011ef97c05bacf7c7a,386971009703101906793549
0xf3dc9a182f7532f0f9c2973630e757700ff79bf3,385424395126195930462303
0x9938dfcb5a93e2242db5dd5eedb176af0cafcf99,382514584138685426502300
0x7ac1d9e4df70401cc5d95868fba42ebdf3e9f7c2,380873130550924856420280
0x55c47f2f505d1f12b77406b3d09f43f2740df2de,379465326456380498700165
0x2061144b0f427d78c6f1a8201ea66c4672cdd843,376603308469953649062838
0x384be3736bd68853059910f51b5c76bd979986c6,375405809631471908037070
0x8374ddf0fe831a4ac8c036fbe588b3985cba9e36,374431457622311103022237
0x6580135c26c05f1e928b3134775cc5be1a3927d1,374303285681563763793843
0x9f08521bf0706181872efe18a59bd459a738be91,371971015407687237930144
0x61134dea4ff7c177068fb8e40edac6c4b7c647d8,370987993160343713937872
0xe4fd07e37f25f89f7cbf1446d614a5d2c456a914,370725590055155608527075
0x1a36cba68d4153b2fa993211b52f8d18140c28f1,369679755310311975520330
0xfc5534ec46ce12c959ea78df68a358835bff8fc8,366557399929529429424823
0xe8700e2eab13ab9812757e43fdce1536b8d04f8d,365745522407966269320484
0x88e57735cd545d696377720c566f55701305de61,362717208775998500397432
0x383705bab6bd8cd1714b59cbb0a04b5fa2009cb4,362383912504270036198308
0x03a025afad1e656b9df32f2620717875a48e6b1a,357917740219480201161569
0x877c07fe4722a3d1b1e492eda260fec1df9d85f2,357465140461809988823881
0x23041f2027a730c6db55482412f36aa469ca5468,356750836199042467553102
0xe2a136efd6769c6d77b0b8a09d34af172fab89e1,355952633274087174809488
0xb5a96c814d380542781b8de347bbae45170c41cd,355482734780922829452838
0x1444d5b58fd45313ba95b13d39cc9c241b0461fe,354646751783434979729153
0xe7b101bb43ef184f1491ecdbef476bb59db51faf,352651471611451199809282
0xe6b7775e47507a45184ae31122e91de586652ed4,351751852752394328330809
0xf78fcee8feb36e5f1c75543f275da93553c7d091,350762906924994811263255
0xedb0db58e807168057da0e31bffd46977e6c3952,350449817402922784276915
0x2817cd258d8f12e02102d92dc277c39adb1946eb,349676540361180865940708
0xf72cf0222bc844df061c1be4efe83a619d971d5a,348943758595201293254572
0x180b6e33b8dbee867ba6a04972567c957873d769,346023069459637952065206
0x2294326467f9a7336878c492f15b29fa06bf46ad,345261622456255374439302
0xfcf76f546a0f22497cc98fd4b7252a3a69d6a9c8,344781744098944958170734
0xa1f5a414d2b841216f1341adb6efc0690e86e506,344432099647019236785291
0xeecb06c6bbb9d4debdb28894d85b21226fa7df9f,338308610000000000000000
0x493b3cb42b5963db264da348fd57e812f7abfeb5,336963110448170075311413
0x1a8aec632463eda6e993399bf07ec3cc1f2afdfe,336231777050761834890444
0x7172f6a229d189cf795e0fba0f6cb0baf661df53,334676704073428135118598
0xcc1b8adb8fdb184622f4ed4a716904daabc3f6fe,333591449708393222981061
0x19c3517094f69e81f0c5e2e555b887e4cc60fb49,333421112795014522151672
0xcd5b001b36fc947d282bb2335b25c2a174719431,331386893872764821454043
0xd3001afd9bae93a313d6285cffa13f066cc04de9,329030690017194932754755
0xf548b7f69065f365b8811130869d455b774a4d9d,327443656072798055428647
0xa9e284f1e8abd194623e3c486bb46ce23c0dbbc2,326692185069381321058938
0x99696188dbc706eea75d5ffeae891ff87d8fe017,325902189331133438151058
0xfb888932510e1bcba5ed88dd5d3733735a4acd47,320931373581800002498415
0x7c3f3543fbdf3f6ddb9766b63bd038e4314c1c8b,320176998713391190486155
0x0d959663eaace1d7f00a102ade6807740d85f387,320051504265262141962476
0xa974455b49b7e640db9f7ca354c3979ce49b6666,315369849348605818392342
0x80fcb821aec1c95ba065c2b13d7d867bc74318aa,315311925666765500882570
0x5e9e912c7942bc8cb427a32e3c0158438400ea48,311492701734263534373763
0xc3e81cb9e75cd2f9089f50dd60f328fdfa41fa86,310546191170473910955064
0x4ee6fd47ed7436d721263799a55fe897d6f8fc48,309751134345725366738611
0xd74578194d77bdef4e885662bcbbd1b8054ea6c9,309341972281002657270027
0x255e9c7fdd070c66f5ca08edc9beccdf91c115d1,306845075834919407103614
0xe5aeb354940582d1b921f4d2c1ec1c076bd25d3b,306716168818843455258344
0xf142b317d856f98cbb90d4d296fb0d48e1b31082,306384093487685934129563
0xeb7a6570896d165a7e6a0f47449e5a2280849aa7,306265495765353008485174
0xa1cbc9b109efe14db275859e55941cf0c46cfb9a,305641854634809001640908
0x40ed73f72782b13d98866c8baec9659519ad23dd,303731250291360876082682
0x96f4588f64014307f3c4af250deeba224720f221,302136411212712363167440
0x1b15a511eb1c9b4c5185257d188b543de65eb589,301332230057892824683392
0xbaa4d7224694a3e6b3ec2ca493a3ae8d6e84cc2e,301199963969590283968269
0xa667a51bdcb32dabc8a9396a4523b5fef314ebe7,300075803991132548502618
0x3e84d6b5b7cf318a0b10ca3fb400f9edb24a32b0,298936283942735693312549
0x89a65e18e3e9cf17dba0e23f932a6a40adf74ac3,298184653058509206738456
0xcb53cc267285154ea8f3864731f2f876493d1930,296165965113130638647487
0x9fb71045cdd86e2603582790238efb2a2fcc9bf0,294528402925870434411949
0xa272ef600c4ca55f944300e100667ae80735d0d9,293825309226595122081071
0x7708d22346d2a8a0fd0bdf13b43cf3bd357335ab,293177409004745094660043
0xcbed67776335c7432b4a8e8b2d91794ffb58fba5,292930938427931847578449
0x1e2bba1c2f5fcfdc95c19ea40a4cf714b557f374,291836918175629674300528
0xe35d7710c05a204d2b071a102b10c66478f4fdb4,287686158989702440228606
0x6ff05c137e979238bd454d56193e0f6bb472ec8f,287370880706859414936654
0x8b874eb488455d92ed2a2c7d5d2538338bc78b53,286303629520278095862347
0x913be66d17c0c54a32f17e477f33af5cf8ec6653,282570559384750082785762
0xff62c3e446d2e36a57d4316e52badd0f2409d803,282113391213832357354774
0x4580343041f27ee6d8eac905bbc6b5cc33f1054a,278857467297815299841370
0x30d6c8bf5bf767993a369d164ce8087c37702980,278802554525690793614208
0x35eb51829237d9c1d1b54ff7f004e9fd9d32ac4b,278576630533683570257368
0xeb5094e0ea18f4060b18e76a365b7399a3cb2c79,275873888297655060521330
0x6e5d28bfd119049ad1f0b0d8b9b003f6c7d859fa,275625000000000000000000
0x0ca7596ebdc05374fd7c23c6bbd0a9d9a5d09342,271735026364216151936327
0x6b0eef435978a88e880bb3122c0baa747cc2a1f7,271407668736281700123520
0x88389d70e41e195520a7243cc80044f734b71e8b,271076045708119350958397
0x688ef92e36ead64ceec009c8d1467696a6620992,269698338762371326764385
0x8a9e3bbf279bde2f8ac18ab64c771213694887b4,267684859358413324718826
0xa6427ca1fb85acf8e8834a866069d691027e721c,266090334080624795452490
0x9d61e229493d84a319309757ed052311f1f358b3,265042175083409225372323
0xc196e59f9a303c6fa3a9736210dfedc1a2100ec4,264788791846027791393001
0x3ab5a9f922e7e5bce6eeac24b28e483c5137f6a6,264510811762472392815716
0xe072397a452d6904058eeb1a96639de354343f25,264402575295814910616385
0x2520608f87d009fde5ca801efebef52b891459b0,263817905218326712321708
0xa74e439232c825b215efae7a5fb7489efdd82388,263520255796309709972908
0xb23bc1e5de9dba100ddf5d63b7a0754c5372a3f2,261444344522436065048056
0xaafca81449115d7e83bf2d0c13962bbaf281bdee,261292621118934002069083
0x7a7f097848cbd0338af65c26274b04c15d74c93f,260806301854021612644828
0x8a03f8237fa235bf149613e5697a3273b0b8a3ac,259699812737762031189713
0x371c5db60f62e0703a28720fb814d8bc9e31c20a,259271549183729456116799
0x303f70b10ae6347d46fd757a9aca1c3281231fca,258620301354037871200121
0x84fa70b3e426705305a49ffcf8860b60db4e622a,258455112338810596545380
0x6d0a3484d7bcecc58824941c05f5257b2e553577,257316037152627454786166
0x52d62c21b786c4c99867940713d78de2f98a6a95,257164241866857370011775
0x7020ae2927743071336877c3c1f97ad79e4b74f3,256218217368520906501867
0x6a92b04612f647f048c24951673d45471c7e18c7,255483796358571258345137
0xf25fee17f86c6d4720436262d62ae678910b0c26,254160079056658795669135
0x5a6d8689a3286e09ca54b0106bdc7dc795a8588e,248918376796086544337793
0x60bc5c071d6c2759261a1f580a57f26f59cd7e30,246709950338835965002510
0x7929656d46c163e0434eefcef0f900de4867cd6b,245305567724838479171410
0x498391c9e31cd4877f2ef69c9f596c709955543a,244734612099171988522816
0x39959746770ecf5ff282784549e178e81a85c201,244155351124047886693468
0xd546295ff3ec5773a5d8ef53f979961382bace92,243336776066229325664878
0x40c86feea75b54c137d432526eebdcd134a35d83,242244281871627118996322
0x5de49821bc02b119ccf5227bc8cf960a5e007e21,240584921817055118759235
0x107d47f1b2dbc9a02617f45366c1528bf7020cbc,239430170449970768010930
0xbc6a0f48cb667882acbc325f15f5c0fe2cfbee2e,237468566019412921449345
0x9c622ce25a69097537b3eee75c1db3ce28104c36,237380417529002364484758
0xc65aa07a7134b08a558cbc29aba93cebdfb02a33,237284793860511776816161
0x114216ec4cb160072c91109268fc13c71adcfa8b,235724183639118744453678
0x57a07e048a4dc20de692dc6e176a8e03fa14200b,235125722656648541886347
0x149f71a18b95812a2a62b10b3259966cf3b8bd0b,234235715379663335884731
0xf3467a2b4796c94ff72c23eb8e5135bd76e5c149,233484473895871210509560
0x321794f6653220e50eac9766c4baaff7aed4e1b5,233244090322791032775440
0xa252d4995e5e607261bbe216e1b77ffa4a0fdb03,232642379886045892754307
0x0be9d3cc0d85ffb83f56a5027392ab39ec044b07,232297218131418472897987
0x6699955ff3fa1b1e7d27ad87e63f5b447ee756d1,231014235511881175904438
0xf3d756a3431182ee75e9e41652e21da76f2d97e0,230000000000000000000000
0x7bc919e086b75ac227eb7727ca59a0938967289b,228947105450233584120722
0xdae4c51069a863af892de3059cc2af12d72f05d0,227909099594146881158041
0x9bea96bfd2ba64fff65730116bf3f52c2e30ae9a,227436621901607637128898
0xf13725c70d9f8fae79933960b29c9b6e44edd45f,227126753276949725637972
0x7fd3f8afca9640605458beac0946909188c863a0,227118464033006936359621
0xae62e54ad63f3d377aef2c0744ecbcee151a7d90,226791020855008381266987
0xf1ee38b5da893b349a0dc76255ebd4ae5b1c26ac,226483352550678502779946
0x532b0d66758fcdff0d1ab3614478e948f6520cc8,224793960888930974162956
0x135da63a8747c6c7e5fa8b1c9adfff945b28fcff,224347383800886845223015
0x80dd8f653ef624c7ea5dd9262b3d2607c27c68af,223876318721260000348033
0x17a31e2c9ee71836896364cb26ec28741fd2a037,223282107030817339912333
0xc6048e46b00ef5473f95f66627140418bbc29b3d,223088065934811838927264
0xe3906570ed54e003d936fb3564acbd32338eab57,222290328911570739308903
0x078271099ed5fe72c19e0145e2b57908c8fc3244,221491730234905667241313
0x39d0ef8b916ac2ad9c2482908641d5ddfba54aae,220357143743960895498684
0x0532da9a4248daa5a48b4d7c6c1c8fe447b1320a,220054660371366024280343
0x992201a0f99544d760add60f26a4805d3cf224c2,219603936361882844320219
0x090b4a44f630f893509bf6741719cfe37bffc544,219540584902418531499029
0x0117ef90f2b5c7515c8447396ab9d7fbb96afdf2,218284857406297169968434
0x03a26a32a83ff45adb72ff332c8b5955addb8247,218212752259937885930800
0xd52a6713f3a51e8edafcee8d938c707ceab13594,217999487041215322602181
0xc2e93ecfaa1cbcde01e56090e51e7d7786fbf7f3,217788875980167622708493
0x3f4b700f0f0187d71f0a5b52c24d99696fc8b06e,217663360910480267575574
0xb145400da27a2497d9fc2cd5621f2bfd37617af4,217023201835467417817185
0x8258942af6ce44151478e3ae2765bd1f80d8b303,215044091794117234528458
0x40ccabed0027fc0c494ea8e087e6c7c055c848ca,211823499225407486119006
0x05501dcb43ab79332dda281fc602071c6b9e1669,210902602376250094765459
0xa4231bce4ed13e160ef96829b059839b07fa3591,210373185774017794550138
0x4facd173eb1d48d72551ce0a2d99e5e50758a961,209287712859698885282480
0x4755791bf6f16b8af3a829dafdd7c356e1a1599d,208499880691966077288379
0x332b6d8e16d7452544117d61407a55da7111bca2,208399632045273930999821
0x71eea040d83f0a83a7bbfbc2e7509870c67fe47a,205563063291140871392637
0x4ec3835ae43dfe8cb6db427218ce786c0a894adb,205432573823251262716156
0xbc27ffef35cd7f8cf99640ac8398966f03df1d2f,205368332382095208013696
0x163037bf73186469b0094cf51396a785043df8a9,204746296951612415219712
0x86c79fa5c75bb947cd9443b1e9dcb670a0546806,204071580999954630987283
0x33a90f18131852d4763a353f3f70858bc8851cce,202048852018602192668355
0x327e2a0d83dcd4cbad89b35cf9f768eec81687a8,201907347896603925518210
0x3cc5a66b6a9b7123ca1154ea1374c49c64c3235c,200658233869053441314729
0xadadc344ef3bf90a440504052a307fd621c35a2d,200092956577537727957813
0xa9353adff0058de41554a20832ec5b86f763c4d3,200000000000000000328919
0xea5e00ef75dcb63084eaabb1c90ae7fefe4284e2,200000000000000000000000
0x6d699f4d77a8faeaca0f7dc707f9208fa956b016,199679177058594846775956
0x2329665c902edb0337194e5d8776443d2e3eb14e,199488242551104703446225
0x403dc6babd1391af43669a28b2fed58f02081c93,197951226812746603840505
0xf97c3beaf6c90410a84cb438f5937d11ecd5affd,197636914819133847756694
0x98370c2b3ba6f2131cb15c3e9e1fb9be7c7385d0,197289817943091645620689
0x995406173d083119c6a49b695a585955b1888044,196974828127051836615541
0xd7d73a68ecebe60d629967a9394398c4fb7fac68,195168797361573738338609
0x3ed96ff30aeb2b6ce49721c54b1425f31d25cb7c,194254713990706092193744
0xfc43095b89ad335a8c20ce2965b60e56f738e006,190379598406550823965751
0xb408d38419ffba51f868467ced43fdb31f78c577,189948959827926545840298
0x35b66b743210b740202d2f7adf05471a9401078c,189930914671945672277175
0x354da278fb94c7b62e42588d9be5d7c7ca81023a,189916539550225860706557
0x0200201633dc92fdb15992fab231a70d0bf94aff,188042380423991978770661
0x4f38a7801c33c344330cde592f0135266de6e5c3,186306698409641741206480
0x97fbe2508ab1ecdf09a09819a58a1fbb7262279c,185545651536453701377534
0x95045fec6b1bb402b047dcb1514abcaf36bb64b2,184092444469968446476929
0x132eff2caba32819280e0b0d646a1b650926b892,183839114751608001886287
0x8364c1770d021baa5d482dadf2f648c911ec6399,182591739762311238550101
0x3cdd0cbab43123698258e0c78465746736bed4d6,182560654215776478802443
0x4c8b5a97a9f9bc9b87bc23ae2cf61713bde9bf6c,179591394489436108699298
0x8c29eb68fc673dcf15ee2d11794bec3bd060d507,178240914753810600548942
0x77117c5a388c53998fe64c60afd2c2da48a1c273,177262942203469013033076
0xcba5702d51a1d2319d2a92a3d4e5f998f4c5c46a,176475263614328566465314
0x6ac606d84e0210b84749ca42ca628b4dc1ff2e31,175812417238296519782450
0xec95efbc833d586ca1e78849bfd91b1e3141f578,175782352446344994275466
0x15af922e43095a0d64d2413af7b4bf0d10f5e0ee,175094677983373204167121
0x4c685e25e7c280e8c8a3276c79263d0f3480ed39,175051542122510198826195
0x7713b6ad6f83114f139b4a3356ab5a866d36dae9,174556890074928158367432
0x4838504a77873f820f2d990028ee326959ce7ae9,174305018593750476326208
0x3ad4e9106dd12b9d30f15ccc7978aa31fbc31d0b,174286689558532677317964
0x100774a81df8bc6747746ebcc23c30f73143be34,172133401076510217819250
0xf7bc99b8f17f6acf351543e015a798468cc2788f,172100684722395434370170
0x506b51b620e078096d7e583c296071e019996d3b,171793758690280897779155
0xb26ef217f24b215a2b6b97afa0028cbf7a7081f6,171356187604357852915597
0x4cf90432ac19f79d6009439c579d8b29f2b5a285,170073097403081567309566
0xdf1980285b29a9df6f1a1a44105c7e2e90c88cb5,169990505299812451713702
0xb28fc3577dee2a5630dbfa144f0a058641541c9b,169976847617022843002316
0x803e47aff8ec545749ef4fa5e563e366bb04aaf4,169740879223825099136800
0x2825cdb4a71ac7942da889f1ff72d536a8209343,169461250227135986186257
0x278c005d76700766a9af41956e008a0d1dc691f2,168646936558881303283096
0x4baacf01a842097f1cbbe573b0c77ad7aa9fa3cc,168156159629171647825950
0xbc93d62c4fa87a101896117bff938928aa788cdd,168137447439846979954844
0x0becc5953657aabc6241babaaf0c15706ca48074,167164749985170686841862
0xba55bdbf959df826da6c35487eb15fad2164662d,166678647217118059512896
0x04a52c35b9055fe8821ca0d34ef73457f5b1844e,166414471734262718584664
0xd73f6e04032d75b127494432336d0271fa761110,166337063140693298936084
0x0c182dacb81a5502b3499a4afe0e8e5960c399c1,166163913349304200323671
0x101fb72ca5782e61b11ecf6d525ac18f69497b35,165121425612775763859003
0xf6bf57e1250927223f6db954af56d40bef8673c6,164916004052850300144652
0xe6886e52dd57c83cf4db86088e94f6ad62ee1add,161236051642363576086083
0x71799ed91b5225995ca23f8cec362c9db1c13a06,160622014904147452801175
0xf2123f4b641a359a1d3b5433c8abb7bcd6794ed5,159966917702763142560957
0xf9951d77eb1518f578bbf17ad56d40a10658ce21,158902612212827352640725
0xf63621208ebac259761e5ad482db760964158a4c,158339099330611684823917
0xf328a0eb0e61393b88f1204c7fba6ae7c1862829,158257795072794128392990
0xc40dcad571ee3f4cb423fe5cf80bc897ffe3909f,158193512941723180175715
0xbc51dad710cc9275f22083ec95d47102aa373796,157736529696587201300822
0xa582566722038e17815c6044baba56ae08f0aa66,157169916606311760329728
0x27584d51d6bb3541e90514d09ae257cec7d9a44f,156951784972464147114652
0x93f7ec63f7f29a301c01980b1f8506d7f6ff3d78,156413045002689614017415
0x06009b4ad8866be4a860553d7634b5d57cb39e8d,156344462453563149066490
0x387b120d3f987bc952a09554cddc0ca552d48f78,154643213467843387455962
0x162b8d9d4708f9106e5e11ea30d83c3e150dcca1,154449039231606292765104
0x3d613b7828cf998ef95c7e69a56ec336fb13ff76,154417454642314963220705
0xe179dfbabce6222c91235002ac05a0a23e1dd2c1,153298585619956260272805
0x0c60bafc302102daa287ca91aba674a4a17e6ebe,151992213647747042242328
0xae8d461d793683903ddb28a6277e071beb376ea4,150882312217611798549658
0x7f7be181cb775c018ccd38ec8619c6bf5076adaa,150634835283001956780837
0x9d18a90ceabd1d4ba67411d29ba22eb462fbf42a,150000000000000000000000
0xe58d728257b78ac11da38b252348f265c51d8127,149265246853700000000000
0x76bf78d31b69349a51ef8c7fbbc7d52d08e6aef5,149192717386022414027306
0x9b5d5b21e327e3319ecb817565e56f8a543152f2,149039172605527434819678
0xebb7af889dc823098a8450a8bc4938e459c61a3c,148345997986918817052620
0xe0ea51ef15ed485b681f4623ff6c5ecb1c457742,148067931016020845837106
0xd46c5c095de9aa5b23f40332e1460a04725ad4e9,147296752338126717491207
0xde93a926d8059d9d20a93b709312bf2cd8a7046c,147251950358240590869825
0x086c58d4b6b87bd244c7b70534145909fb336709,146636065996568166963584
0x9ff15d24cf746a05d1cfa467a07f37d67a6c9fbd,146106391221782229513648
0x5cbeba25bda2afe7566b47e46e1c707f6ebb3d3d,145238396350185326524236
0xdf70d5b63cfff0d837cc5349c4e52c3010eecab8,145185403565693760126892
0xeaa7c18b19d5eb1fb383ebf323bf0c723659d9c5,144903677322913803496498
0x89b0ef212e85873b23ceab55669098fc515d9319,144762541286641693674576
0xe9ef3400eb98d650b5ff56e8072a3c6949fba614,144117048662153156175471
0xd6cb74c5dd5e9dcc8cddaac013eac51645641511,143535204432573566758151
0x0aafcd0dccaef639975c17581be88c962e703119,143224107395395366678977
0xf234a2b0baa2c7b6bc73076a1aab04ab551157b1,142802456081472756944944
0x5d4c1d24921ff5d37789aa4add854befe1109fcd,142770827368895285932118
0x625b2f657187c820253919fb14fbfaa33d642622,142741438996036308353301
0x4a4fccc44bbd97568d21b8011bdb8a35c7d853c0,142540433815332910937570
0x9aea3b337f3405a436f0a4585b481978b849dbc8,142317622407459503568421
0xfa8083b373e4e24f0a80cf7fbdc245f79eef0614,141379648980005884182452
0x72babdd29054462694c65d7d3415afd92101f1da,141143986670579208098036
0x5731a8775607f9eb6b8b4723ff6f698770e3a3ab,140308998559618953153170
0x5ed83747b9765d5d30170147307f6cab11f0ae1b,140215872032985112163338
0x6fe2e09eb397c79f34f731c884cf0ba27dcdcca7,138847349579252453523423
0x57e9ee9f42ef2f126da128c3343aa3c3bc295091,138491310262750898074752
0x983028d1bcd005f0d6c4539b3a2c285a41726304,138264892424717854292432
0xcaeac4ea0a8f94bbdfd44a5e7c4beaf19ae777cd,137652131820945221335230
0x8dfd81d014d475d96b8d75ae8cd13b427bf36505,137044748661786499730635
0xf38790b40fb1577fddc06fb7731c0d308fdcd446,135704340333313677219896
0x5c1cce1954ea57290eed019178756ee6ae4405fd,135305237882985094658014
0x4a35cecf91421193ba405187d0828851691f701b,134815912419822939920888
0x7ac41fda980e71962734805d1c75d3b3934ac54a,134032336350763532510677
0x2248587409f9a9d92912910370632fde2fc75d28,133713145598844117520482
0x154ba457f81a022b54dd2016c07d4e286d7e11b4,133410794578847934620770
0x7e7ac3b4abac1062ddd54a353bc2a460a18b020a,132451239780010814375220
0xb6a89e57ff005c39ca667b2be7b3c95a14204aa7,131698050535524572171227
0x5a3b9d545cfe352c01b46682b18663f13933e898,131526994185617935337427
0xf23c507316f062f36f1279dafce151c854f30044,131041602578980072562095
0x2994a3998b3ae936e21b0c984829e651df255103,130938316602883870638664
0xc026cbf06c568b9cbf9590684c3cf9a553bbdbd3,130846004174781498894014
0x110b7d2e66b0a161e98f04659938ff1897cf383f,130688251985487514900408
0x24cd04f4d35e2554a66c23c81de0e7b7e45079cd,130551807334566490712000
0x49ed3f1013fdba831a7b43189f4734d5b3cb4acb,130126414296349877865552
0x6098890f987b41287d64cf2ba4e173ca9c5ce75a,130037409856119830837933
0xac3c0bd2b1be60d5d132c76702f729cce5350ee2,129868096799197637070995
0x5dc68b82d0db1eb1a692548ee33ee95e2efaf50a,129805656479534306874543
0x124ec5a8d772b030331b56c56bd56d5ba0adfa78,129443185381376423339188
0x1771ba74a79f99614a20a6ca687eb5b25863cab9,128607439362401207047507
0x480f34c1c0e10f1722ff57a92b35ee67330c5224,128368765443391986262602
0x95ab3762c7059396aec10536b6450b66abac9090,126704056648690161262983
0x1fdc57a6dc7335d57a26d5b99df444ccfebdab0e,125940051443980832666182
0x99d3a0de37a10d5558e47aecaf17f855eeb31d3f,125769149164995302037091
0xe9d6ebebbbd3291f58f942f0e064be1e928a9b9c,125324749037724704828258
0x5c9f7b526d804cf8adbbdee657f2d3984570590e,125044969304097929200629
0x68ba73724f23365afe29b8619fab287a7b8382ab,124539376514830857259681
0x09dc95da3003381a0745d59ef25d378988df21d1,124518945381360961995348
0xce5b44338015b3107eaef2506833e2ea46d9ea56,123164355334315320539283
0xb2ff4d3312f05eddbf8f942e73f2cf029a44ba6e,122809337429601456360721
0xad365e08fb97c282852410ba355a1b7ff2c3a50c,122789145451291564254980
0xf3d36dd0ca23e533c032df92386b69871d3f744e,122683444430284378039915
0xcb823977ef244bb8cc70e29660d7a0d0afa310b1,122308196770901561443163
0x151c9dfbfff128f4bb3f4ec0f2d220f898727dae,122177656366251910191588
0x03f811368b3dc763d8f53894e24f2fbd54d07d44,121990962081212608033791
0x12196bb528a62c66824749cfff4787f1b5dc66bc,121070488301258583634998
0xf177d4dd6bc7406ef89a638b1e504b8ac408dab1,121060674485968645690391
0xe96615dbda046857008de17a191a3526e42d8523,120744841668161209591422
0xa7af357bd748c33dcf0b6d5d9fd83f4ed325b15a,120510397122504283906434
0xccf184c0b7bb90498695507ad6285bf9d36fcd97,120054576241034678718347
0x56be069ab2420bb44f9eae865cabec23352e7830,119917710680322775706545
0xb2656be0f47fc7c20f219fb255cbab9b14ae66b3,119907397094566884239993
0x52c8facece959596330b84e781e71a9711c2ca8e,119585874287925987620961
0xc9488059219fb1adeef2ae007619a2b3869dbdbc,119421743401745759219240
0x800488e663330314437dfc60ae286e5a6e1e376a,118942897103866211531092
0x06444dc133aa3896fc72225cc11523f832e273f8,118172914918933287924729
0xcd9b610b2d6615a830d8ba30645194da74738419,117933003380206900772386
0x01f9abfe18b0ff54b8793dfd2a2bcc08813170de,117752674973830030686757
0x2714741e8a4aeee94d49c94136c46511185fb2c2,117731353447354996213853
0x3f8975f762538d7b46e8da1523de8cb4cdb2273c,116766479592706846288552
0x13bae0b9956d0bfc3373b442b4b12905376c1d94,116607875689820939302489
0xa847d54c1cafce28d0c38add8249db19718868c8,115843185405942321805782
0x0122f5466534f468f8bb0b05ac13c8d03cfde539,114776113454848173752854
0x39fe26866b33cac115108601a3b8fbb841d3353e,114703579653364984768156
0x037e581c062ec961d043e20dbe969864f69c67a6,114651740781570600145158
0x982230ce5a0c4d398b2ccf95f8f46336820765f8,113927933697408571445492
0x854c461ba1aa95bcb3ac11d8e902ee89983c6e21,113157928158661612423536
0x0d9350b325ffddba88f3fcc0c0abb4100ed3729f,112965363578258664733054
0xf684fe7a68c23f4e8f51772879b6983d8f3c69e8,112400964544814481231258
0x6347128a7c566bdce61fbef399efe7abffcd4ad7,112163320737187472619789
0x4a83e1f39fa780548f52339051ed7bdeca860dbb,112024124559047384269555
0x92d9ede3fe1ebe9be34b0e867805050303bdbaef,111877707203051427054810
0x393f95045590b1aae9639629e237dc1f50aa31c6,111774877110357290509765
0x8b1783f14511a7ddcf81f8bdfce32afe706afc93,111401862940169909087406
0xdd415e93747ef70aff72dfcd3bc9aff012268457,111345480591804425958880
0xc279d4232db604b997003b29e585915b994d8677,111287288039407041446458
0xd93d167e181115a42cb9e911f3caa17e6872a604,110592906082605968897486
0xfbda4b14e607885a2f969a7a62d0f59b3625a434,109871801367864157180018
0x0066152567225ea1f4d7fb81238e9b4e8460b132,109715160920694572831344
0x28f0742b101a9de47d8e4fc3dd78c9746c436ba0,109092908869153885279770
0xe031b7ecf95238f864e385674c7da555d2bc2c05,109001334015260002775833
0xb6b3102a51818d4d5efce6fa8a2afc06d69b7885,108946502794269906643694
0x536f6e6bcbab397cf71212bbd2f09b8a5e0d3a1c,107674032835038910097668
0x181a1758a92da328606249984cd40fe9639d604a,107444132745481681597330
0x6ccd135046241c9ba877d8056632d3e411333460,107218319253405735814638
0xa7216ee8560728440800c2f78c414b2f19ef5d70,106474761869839932661712
0xfed4a4015a16683c8c862048a2fb74d5e480411f,105780844100967245805668
0x13c7a67ba40edb2f395c260ba4c66d7c73625ce2,105732386008997670731431
0xf7d33e5102add7836070c43c24ffa9b3e3eb0789,105580844652128083297819
0x4923892af4d7a124e6eb6ce280f45cbf3a514d73,105452814437658342076852
0x16d72589ecdf07b253af5d7b5efe5e9dd84030bb,105375923569741906928566
0x685c87d813a6e8cfad172b7cd6c5e2766afcc08a,105108259537872283097667
0x4dbf9a3793b2ab0db5e015c61bb03eff2090c6e1,104672766963481451125725
0xb1c1971bc29ef31295c1daeac771dca50117cafe,104608565145202385529344
0x03c6a1bdb6753953ed1ccf5d5b0d52087e5b156f,104604920872041540313382
0xbc2917626e00300a96777f71a601cb5c476262eb,104374801102852388114539
0x3403ce5cfcb1684b81cee413fe384a66cc0bdc90,104233609784440973066478
0x217d5407291745cd63b97e057e4a26047df858f3,104012016605250495735011
0xb6a30fd5ed09dadd85ff5d6c0c704273053f6bc3,103845546764390767046418
0xe0c2e90c3a6f61c5a4f2e468cad89d5f347e5fbe,103802785454410873544791
0x323c515c4be2f7d51ab1c4394071e25764be8c68,103477941416792165485439
0x18a3be36c8bc34001195f56c264f219ff8b93397,103220660773136975351773
0x0dc37cc64f89fe9570e8c79ff094b2b1a67abd2b,103043170872363954340497
0x593cee7556f81c9b5426148ef6e8d7f0a53f1257,103039783491935405081704
0xa9a13b84ee026b8a54eccc19ee57d256112ec2c6,103020937989534629860301
0x38caf735641c49b99ce7d7dd00bf7c42aea91473,102936634080528950953391
0xbdc08bbec6b4f455cd2a94e000b0f205b7149444,102846096282714979738101
0x75c4a8ff28393b1ca18e265bf32fab1f330ac794,102708664484596205241061
0x33c49c3f627918c5a69ef0707b529e00439a65dd,102573466105018152318676
0x855986efe38b8d29ce8f23fae3e0526efb74ca03,102554993937413895498542
0x4ea2cacb4041eade555052e4459ad196211ad922,102369302971277579734861
0xe18dc8dd750fb9f80be481a6778283d71b058852,102289520615437340968497
0x18363aab902ffa6387e7e8601420a1e8d393b825,101929078614151080322623
0x83770dbb2c517c9130af2e6172c20888cc8507ae,101866215758341549789464
0x6c3c39ff0f356a8999bd7f54b84ce0c157e6ad2e,101759422268172505756828
0xdbccbf58a5bd585f392b3d44e7eae0f166f57d56,101750165808375365134479
0x2fa21de676e9e9f6d9882f20bff6ad16076b21d6,101651459427472305598188
0x36b21de91920af801bb01f2e05014fb9bcc8ed6f,101306867256858029971512
0x54fb3ae3eea15ff1d6a0963716c9ba8e4bff8401,101250004400345225740161
0x63b20b77dcc79edcceb187f9ebd1d1bd3c11fc3d,101225735640415227279916
0xee5de9939059b530d3825f90a16ad5a5ead4a741,100985439975302797360865
0xbef3313669af6a6f93089ae254d1f3f4ffbd845b,100902543703611100874712
0x93089e22b14bd5b0af0e12e9921c53220d6b439d,100809587124981731752822
0xd4997b903938fee88731e77b746e67bb65fe9fe4,100807612701090638387699
0xb9bfa4a99429d56c8fab4e2b619122123a20de87,100632672978803621968874
0x46d88cb21539ab49044fc9eee404984c659394f7,100507919713567317808390
0xeb7d4199030080ee69299a437fd631dc39475d2e,100406970233244237533579
0xfb40acb35471e7218e66ec78f414a1440dce0f12,100384382233447383600397
0xe4dfb55da884923b5fc0aed7f64f6a14def27c44,100308218598215848211395
0xc033e73c4ee13fa8422dc0dfb8062ab1f595aa02,100244549721020191771651
0x802667f09d6de533390b9a9bc5e6623fe526bede,100090910259496687858899
0x0f4ed029797cc7c89e0f2a33ccb054362a564762,100034424286570727943498
0xc8dfa58d79cf90c1712ac068a560977e502b9921,99999999999999999950808
0x0d6f27636574abfcd3d4434deee964eef0dfdbe1,99825749407581996885222
0xc0a9632e16995a52d795a51d0246eb420149a1c0,99788635426097059597982
0x1c7e58e664b963a09083146e01150c5438395220,99531827926475882591036
0xbe0dd578600cca43181aba43f9876817f5883e71,99351915106070070149549
0x49032f6ff54cc5eef3595e83c5602b5656fa1982,98773676043666908914476
0xea5e3bff74d8d9d1a8cc9fb686a59288ffefbd15,98499791668468569035506
0x8a608cd10a2b860b6bbe2502afd2e2fffe2f9b5f,98481591575737114538294
0x4d6abb7c1531171126f4b08c61aa52904e02269c,98009204655993339390129
0x040074a082c5c36b14c04260eba2d67109864433,97871499453579064553711
0x59c9f3bc570a867a8430909ece39b9fc215cb979,97156771767423149676248
0x14efca67ed15d631ee4d095512709cd1d2ae87a2,96875562565983115273396
0x34d32def4ae5987ad9325da1634d805a6c734f7e,96789706419129947172686
0xda22846fd3874537c3699e4202dfd3663eeeebf0,96696206020252627761383
0x1606668989df5a8ba9165e13a5c3248ae6938a13,96637271343916395255108
0x2b7f75aa9ebcc5d68428ad19fedb82a1007ac683,94772281056278894490601
0x916bd95734d266e45b3d22f7f21993b6fc0e92cb,94664331898721433218139
0x43df4d4f943aa98e5b7ed78a2adf9dada1e05f70,94585404278951732848757
0x933b64a04f7acfa78b5193d7a02ad09ecaedb153,93626918702455533078898
0x21bdaa3bf9a5085307971310565757601342ad30,93364531532594093680435
0x3004d83342ca8e345b073d2e4236ff3ac6f3f00d,93038858859384812507651
0x4da986e2a2dd0a9699bce150aba98f4d63dd9983,92866950000000000000000
0x3fa064791ff2746d866be2d0400b0a6fe7529568,92799775830126554276402
0xf5cad88fd4622889fa9211f2513143916b120c22,92463653866677757094616
0xffa9ac95a76cd55be2893965a1e471b9cfdc7284,91801626926380165327699
0x133a70e370235e5938790f401030998cdfd7ab54,91799623131818324004932
0xad2c20928b136f2c413e220a453c4530399478c4,90970912556224898011645
0xca8d16dd868e82826d89487f36f05133b11f1dae,90954582783858059223291
0xc3831625e5d99776dcc4e8690d2d61e8dcb0e92f,89887925829796096382493
0x76405bb254aa544a535095aac8a09ad3bab009e5,89800351820857073255181
0xb8613f2fd52dd7dc0ece16fafc2b947e11bffcae,89709256649158996295715
0xca28e6bc4a4f742f476f5b60f9d71190922b77b5,89443159958544628342529
0xe9061b69e72efd36efac794f0d4db3e17327aae8,88991745998151417992319
0x837442d2632f4fbd124797fea4890f85125b6dcb,88373296728816402757078
0x54a62505cb3b64523d434aec358f7b43ed2db8e1,88306253030688735363906
0x9797b1b31afd90c89a0aa8d6fb06618826d24bd8,87850316673342091531769
0xfd59a3b2a831338cb0b0a0a68c8e2a35363e0404,87697766147720163897707
0x33beca0b35199fea4af3baa4b89fb302e246e42a,87681433773152790824598
0x90fdb32634b49da959e48d9d1079bef8d0df9bde,87028598891508353616402
0x877de819a752c59d07043cd144803c58a4f65caa,86323872489855054351523
0x05d571573655c003e56e95def38becbda833d223,85897043744206706546979
0x039a451970cc64f021a20ac54908a6d6a2c868ba,85334000722031659101433
0x24361d9412842ba1a230e19301e82a3026926e3d,84029338211768587620516
0xef088076c14db5fbbcf188973ffebf2b9f7e65f9,83553846280280321841055
0xc5c014b126854e7bc1d1b012229eef6bbce82358,83108890341008112306333
0x24907ca053f704cb26aa8bcd5b1e5accd7b227aa,83067968707773820026205
0x9b1e694cc6b054c3c113599fadc6bc0c40e3ecf5,82891414340872116319416
0x870f7b3b82153797cc1798d348c7b617db270a7d,82412751727021664434850
0xe0ae0b33a66cb969dd134e482932ef886e677b51,82205869947411456184908
0x06ce84f051ce93c2fe99344bc8c9d2bf92e64409,82105634308238730732451
0x1e3962b4021665b2ded6d46ebab42d8643401807,82029496894343651523302
0x6937d6e7e408687046f92afda1b0aafd0641a94e,82025964194690668507561
0x1a87b1b7747c4c0081914b2871e049c7e17bc32d,81784491001565835289685
0x03c531f55e1212afa037627ce848a175ced5e191,81741363425874604607553
0xab3ddb2ba94b159a00d655540ccb0c90df169431,81566387540088274109725
0xfb13ce40035fd0c38f2c767f16136f03518f00c1,81491638105795581985198
0x9a1f658996eeac5cfe1c966bf322b277a5b0ad8d,81456270242577725820802
0x666890c45cdd2e0b45efa13a00ca936fcc603bda,81382522261147398476216
0x0881e8cc5fc8681c81b595284d1659df3a39350b,81264397216634799389357
0x958b20f8e629899b4294b5d14106cb79da0a115b,80949273877078696758467
0x0c63e47b1ecc48483a2c1a35b8263acde68f7636,80172986702817658061289
0x2203ea30338dec08cfe09f8c07810138de235649,80058411508489835847688
0xefa70631dea54db6da70bd70abbef16993bd748d,80052452399692633455740
0xa085c9eceadb452bbf34d06a71b8bc26bc160090,79467112735803025794801
0x1dda754a41352c9ae7d6f882abf285afbe07419c,79283077778751983214636
0x66e4b2b8e8838e766b86f629fd4ae447af32d459,79130460167862473100112
0xb11071dfa8072dc152e5daa088eb322430921818,78765727188488292819833
0xf4a27741ba701401d83a2394d1ad5aa55d7a4a09,78323163274812807870324
0x3edb2fbdb64947b38eacd0de5eacb4628d4aa0aa,78079786639494178723821
0x64a57605df68fae70c0da4b2322179e78f4ef619,78004449476146516926625
0x23026ee675787b9889f3f12ca994acf96323c7e6,77872872948613484554853
0x1af5a3c0bd927e2ec0456af7ffe567731c5fc772,77683125789053959934603
0x4a19b4e43d6102c288aa2327fc3335dbf25ea94f,77425750280210465656140
0xd9cd57f73e96549013ee34568b1940711d01c1b5,77294357004925166587147
0xdc33043d8125075df49a0ec87f74d1ce9dee4ac0,77059793285595596682356
0x081ea66e324b0c295021e39e82b1a3ae9cf3ee39,77000617617944327523092
0x80a85c93abbeea05b81016a0ea1019eff0526269,76905766208368229722750
0xc14afbe3afc2465376064b9a9cb80088c593c39f,76790435466157529027318
0x7cf5dd499bba0fd835d85fe3bb378c87b6599e0c,76154911515570301926485
0x4fe8957a63a116248840b7c79d8fa307caaed68d,75956976480661526103271
0xaf4de3de98c2e1acd571b73f6a8a5154b2bbd35f,75755252419946053231796
0x7adc5be7313047c5e358be3d88f8d97709701da5,75609963498880608389181
0x859bee6a3c21cf43dd4e05120c1443ee361502b3,75407239766599766991264
0x6efd672e08abb7be7e9c5a3ce2c04ba247bdce3b,75152214827206194620037
0x2a29a98ab00f406ed1dac433ffc1385a793e74d4,74985032596062468635498
0x609791d42035288a20a14daf25c28e47fa1228cd,74612515357308609089577
0x77936dcbabdf4d1e0f3b497c6cd000c119f20e48,74560194958253922664586
0x401bde7a2fff51215792937425ed58e6b0c40eef,74434806280393545135968
0x6ac513164d364eaef2d2aba2beaf8fd76db6bcf8,73957555274014298806813
0x7dff277b474edcfc7afb62ef54d172201f93d6de,73850604348469460879275
0x6b2eafe115c72cac34eb04170e327c912272624e,73689138787373942145366
0x8979470363d8581f7eb1a9f641d0989c3762aff6,73667583860022968473535
0x353edb0576adb2c0843be65c09af1e1f18aadb5e,73437530026629855831090
0x99645a9761da8586e134af9827cd06ce78e25be3,73418931071780569172581
0x0983f27c55fc26d8fdd505e50564c970a09a7ded,73200178502124849111067
0xa232e4220e9a0f2df7a8bcad6c1780dc8471efe3,72697311508593974013377
0x192206f023dc8603a2fc1be28bc31301e80e738a,72591131271196837482026
0xaad314c686b80ea255c6881cd017b39e3c09d57a,72536950305145614166175
0xaf5d978e42db2c1fad050f4a7825c7aaedbd9d3f,72456609042618701706581
0x050c99270bfa569882bfc57e701041490a07c00a,72202827829444613372337
0x4f9132ad37c88c78b7ee442573601b70d9ac0b83,72093749968259094301877
0x0b2b81c409b129d7e15d704bb60eab4d84b0d0d2,72006249560863503716528
0x66add792f908dfbe52c6eb2673227df7bb345de3,71964920773165107661144
0x7bca2e69397f16a36d9979360d94496931db7839,71600536909154774339277
0x463cc337ca454b321a0324198265e65fbbae2dd2,71583122804828846909191
0x0d35d1d621b54db1cd575527b2a432c8f93f7f90,71306985316641104764422
0x93a4e4da753053e1342a71c1b2e571442847fbc5,71061861752475985545260
0x9bab40763e5edba4ea4b28020ccc8d01ad4ff35b,70851043124795294969764
0xe29b82d9d54f8b95db4b7dd4ce7ab7bcad1a162e,70843887442336457414369
0xdbd2427d2c9786d39e6d7b369a0b5142f5375827,70171977460830234832039
0x6b0427fffb826ab00fefb0e1c11cf1bc2fb20196,69446577471374922298325
0xad22f8de768c8363e6dc95c804381a4e08f3bcf4,68947069046493035617794
0xf4d706532c57945561c427a7d9714006a7d83091,68798375383958537983224
0x05ce25aa8083abed112152e30434af01f887ed8a,68751857932862533469715
0xb90501f22e478b9bd9f3f8a2119b91fd4d53d0b5,67692117841270675483660
0x1b22b0b8d24785ecc27718570c4dc74b193f4724,67340017070035181994013
0x519db92f9db437a75a6cc1733e451ae0bd39b0ac,66884035410401917966688
0x4338da1b53bb15083a0b134b89ff2eee987bee16,66550489233343661485082
0x8fda31a8be34d1a456f04d01ee5ce41642c065e3,66544299911115300152523
0xf27e511bcf15e95c5810e30ce18d0afa3db53154,66510266676404857698337
0xe114d6055e48af6f0ad9214064d5fa046218d2ea,66494977858887730956701
0xf9a97c2f06f56f7aa46961a289beb1c748af85a0,66311265848641782817935
0x30db15df679259d8949226d6fd89d60d9c160b44,66129109372593639012621
0xb83caffbaae89792401e61938e2eab9627fcbda6,66096842924462966782564
0xa278d81dfcdf394ac59372a6553b85515fbb64a5,65870594204168689275300
0xb9a412627663296977a54b065c79f3e891bcf481,65821260843584076082297
0x63940b7f3a0492b5012f57ad3d0ba04e98342054,65801198750939396741891
0x7bb403982041a08c07456d54ff9dff756af7d250,65733464554731956684011
0xbd3152b9aa7c2e0d5daa53634925379c6f09ee5d,65374289742749320598600
0x7f42f769ec5cfe93434690712c641c7b5aac7f05,65289520277567392366830
0xd5b94fbfe839242eab4c86bca119c4b19352969c,64929283723641188001036
0x52a3c709df2a18d429304833dee271f15ba774a3,64395039811106415482238
0x2bbbb5aabae0b488e59f71926b82cfc8dec26670,63883159370028076092153
0xade9e969033270656885e7f28b8e8540658826f8,63850101616597062618288
0xeec0adf7995f7eefbb2febd2b3357adca31b87de,63258993266706325066509
0x8cf3a013a308b85ca8492bdb05aafab57d083b8a,63106906376798345131233
0xc1a0a95eeecabebb15569a602bbbc5ffa69a23ea,62656827502549843226547
0xeaf77fc5497c643a99437bb78d20dfeccd7629fa,62294736556967195056950
0xf26ca357675434052fd40ba9ce4b74010f6cdf0c,61978197719561491511880
0xb8697d8b56ebaf0137cb0f1cd03a4568566c59d6,61557906940708546234719
0x960085fa7a4faeef868e4fdc77b7b1ead1e49c46,61554460268464192230430
0xf5b3f2c641a6c4ca61c0c728e276e68535e2ed4b,60883468128720197611497
0xa1257aff9fdc3d514a2f85393b97c58bc5a37552,60760073738924425254887
0x1351247b9b016004f4e2ae9b32cf1499e7ef8467,60098271504971760201901
0x2db5b0e122f7190f972f1693cdb29b7fff5fcdb2,60000000000000000446454
0xae6092bad374efde2bc1fc6f8153fbed6722af52,59639115184664957867506
0xf35e1d467ed653f541f3fc517fd2001b1b889f5d,59635364062678003272711
0x7ee4feafbc780c97d037399df6af20e79b6342e6,59634186146376345646605
0x91dda4bb7c0bb6cdde3b714bd4f8cc636bc59a8a,59347728516893081157209
0x40653601d351baa146a18c7a04007be33ad0c9c5,59006685618761988345945
0x59ecd1b53ba7d702e65f55b0298751ffccf71809,58353548445230145758559
0xb911551f2096e95a9fc3c2315074f7b59b3495b6,58292385147507048159743
0x8caf73ab0b1a35f4473b102bd89cbeba7ac27f2b,58184481117708787411960
0x1745a7215ed98069babc559499d38bb8ea4165e9,58086780078957489426014
0xc1e5edd7fdc8e497c5f815669924ce3a472d8bf7,57560270593219244440288
0x7547f96baec04f56fa129fcca7194af3ce829e7c,57455303549661234529300
0xa876138cd53ad252d8703742d4d9e759636a4366,57440637153969730383022
0xf7a0ab7af7bae08fd8b0d03549410ffc498ed4fe,57077690826615009161103
0xc6ee3ccd4cdb1625950abd86a62afca56076f10a,57049885132265661353020
0xe053f697066b56513668c3c7930e5e86c9cd0eb0,56922433126993430226648
0x0d8fb3e019c91a64e3c9a17e8224398ccdca7fb2,56914113597614070972053
0x9549db0ffed6fa533b1cc25ee79301e73ec1b307,56724821180144861743898
0xd988dc8e3f4d396343307967eee34cec4458368b,56513444874161093950748
0xc01dcac725f1a67832928d9f223d7994e7ff0bb5,56203654769913301635549
0xc7c120fbce989cbdc441e4b362a8d2a09b921b5f,56186781745247647802154
0x66bb39536a2edc303f323611cc55507c25a9b14f,55744770180712322049830
0xfcf24afad498b3d9f93293ac9c4e37df47d31891,55658875826137866720537
0x774e45e5c57c25441e76ebfd7ff248ce8a9ce4f0,55554880574962871131305
0x63eccb570b599f811b61a042598201053dadde67,55506758040757737285278
0xe60f0bf7647de816009be41888b1acd5bfed8079,55396398948658694959033
0xebb4dbf076c07829ab2fc76ba884eb4d2fe1b020,55244590663026144936697
0x99f2c6ac9cfa15cf3b88056702f1d28101efead9,55173869221923417932048
0x72a62da30cbd16dc5829b83d9eb0185f2a1b062e,54989096092793021679376
0x99178dd655b53eb501c3cd8ace5c82dcd7b42b98,54735283883509018167079
0x239a9c5b6e5760180341ce77ada4645fabf78d8a,54422162104123608482675
0x8694650ac7a089cded87014ab2677b054ae0ab4d,53910456929658848350599
0x2c8c73864ea83a320af162c69c38c59f41961d6d,53594527864982418365387
0x4fb655c9403745266cb4d69bd3658fdc15b6d56f,53406647315107630273423
0x4e1cfa8c6e0d4a681cdb362027c61e650d2aaac0,53340000000000000000000
0x5c71de7084278a9e23ced684992b3d603a53d4ce,53252461490623127734639
0xfee8f5d56370d804969d5b21c893561d982c49a2,53216664038047547861625
0x674938cacd84d9c7d4bcff4f64e1b1d55bf922f0,52772034821792277549623
0x235ae84f7789a4cfbadd6adc587e47fcf1fcab02,52697467854607555756276
0x2b5c8a9300eee41bb5e682e68635ec16b706de46,52626092133391003095807
0xf528d5fad3637f2fb0f819163d0fa2f21d9183ce,52301177705176847929108
0xd3ef87c65d744f2548122e6867439ef238e4f97c,52274339576297970854825
0x8f02cf1bb288a28fc74a1b5d2c03da44bcad4b2d,52249324396565195360795
0xa56c61485746248129e1815e7731ab01a98f901b,52019924798533195558489
0x1eb25cc3f5d6d2ddc8de0473821e8b6211ba74f6,51806277239951325980542
0xf2ed2e53f5afea6f2e8da23a43de59eb84b5dedb,51780306400129831842039
0xa62829226ead3aea330b4e0fef21788d1198c090,51551713510046078073179
0x620d2dacb588ddc227be17e08c1272c56661ea36,51550568615227115069125
0x4993986d76f97f95fd775c1d169ba00d87e3ffcb,51497188581704345981986
0x37b21af8a40c34288c2aef629df0741cb11553f1,51402803513271413105826
0x48b4071eb9ee24536ef8cff83aba062dc7f29e1a,51349282552063585210516
0x76949d1349f07f05b3dbe9f40eaf5fb334d60706,50858194724019987903758
0xec9ea13bb09c82f84c0d0088b54b1941f54d74c3,50856696237262208632443
0xbd03f487671c8f6a0c2188116bd1936538eb98d4,50788913223525097616844
0x37a06ae92f05cfb3bd41a63aa208c8f384e69603,50756926953130667533767
0x27c4d3b5fde7b9a9f3a4a47336b5fc94ca4fbc8c,50750231899292737020878
0x69f02b2aba784e7b088de3ea6ed420817e5c4c23,50546320449716114746063
0x135cbb15335306593bb1f935c4cc4f2fcece61d0,50425935906312357748253
0x8b9f0f3ef86d37063b547e395ab7b53522f782d2,50419232809743435841469
0x471cc7ba9cd5d154001901895cc8e9a8e87eb481,50262152309811210056924
0x46fbfa7c5fb5642ade94f51507678f38363fbba2,50025524430014063464817
0x8a99217e9eaa3d53979c11ba1fc24e658b15a868,50000000000008942921442
0x421ad6744230ee5d47fc4ab6b161cec772e6bbaa,50000000000000800882490
0x0bb0af9604e4c48da73fe6a08efdef5b13bc0fa0,49618014499574798775464
0x5e93c7c9b8fd093d03e3a0a2aac982ba60a667c1,49598843363390531920207
0xacf59e107a38ac45443f1ff4a7badb90d1110ff9,49434972626588686879568
0xf767aeddad2a7ee32efb3d3d2febb525482f8417,49264622624630783714027
0x467d00b26da6f150db4ed3a8063bce9a28ef1305,49181556809108299869198
0xf493dc998eee644bde2f87a808a20d22e0a83e01,49111089729584553530933
0x2eff7b44d181964bdc917a6638f4df89d6a880fc,48862420354347623197877
0x17d73187ac7bd06591d280aba14711bbd69df3b6,48734181345141618920897
0xd7878012a1f3a110b4fb481c5c1bad0e96d4c7dd,48645547774673971827040
0xd6c333e2c98f794cd3ac4ed59fbf593d3934e6a1,48026248488386423712193
0xedadc1147331567e6cfec70d6cd7d1c2be31afe5,47884782733945236229309
0x941e3f51b0c7de3061517b5404e5171f00651f37,47818695438518514262853
0x50dcdf8451bcc9977540566d552c24061bffbe5f,47354776182987313205389
0xdfcfee4eb0f092ba53f88135796295fad6536f60,47330675928869869611136
0xe87275562343567aaf5178aa63aa3e38070e4ff0,46808639058294770141327
0x7c48fe9c212a7dfaaaa1d1f60b9778519a968e06,46805174880531576115573
0x580ea926a52621d34650a7ed4e2fdc790ae45b8a,46676015208565827963460
0x5ca6a510d650cb728de52f4e0e5b0110b1229c2c,46604530057425254173209
0x082a169a0fb4543c4e44a64ebc007ecd8cc76856,46549576879651300452838
0xcc103face1916b445f1989c86c11c78b89fde5aa,46514678446521714762812
0xcb9254d6d55c1a14c0a0e0f1aa105a810ac5c700,46458010120617852069939
0xb35997b11649516ea01c0c70733a22274f1539cd,46327486042361283892361
0xacbca6313c402e21c560bba26a2d09d7759796e0,46188365919353217634734
0x29a43a9de2a2c3ef2b19e4de4f337749b0c93b71,46149598408829460110219
0x7fedca1e8583bcfdce2fc80c4e0bbfdc16562d58,46070653178346486220537
0x3d1c3881ffe5065cdd24ad1435369ee81a7fc67e,45600919185901970000000
0x58613f43cc6b731a436fef57b8ad39f6a9f204e7,45568455320953763291917
0x5692bf418272d45f981a107b0eafac38c87291e6,45354989029449208400523
0x4e71c614743973bd726ac2717c92a18c724ce46a,45074120739491193060402
0xa356ef6b00c37f1f855815bddaf469df0f7e2494,45000640691079564734058
0x9111775eee5853787d27d0c12a36cfb09899eb06,44937043885299114415362
0xd293ede9ade5a228d3207914974dbf180ccf8562,44603267582769099918758
0xb5f1c6d1e5b97a263684fcbf46ef296837981df8,44579778185144567181025
0xa219bef653bd54e3eb77e254a59f509b344a82e2,44548925460130309792812
0x0c637909f40cea244e8c588896b62bb9f30b6e13,44442731320926633137444
0x11647334c1d8b869da7d36fe27e919d2d44c612f,44345591099369249713424
0x34cabb5213b007d1823008620b8c0e88e9494518,44342841848785866497774
0x8afe9cff2274b0a85c7d50f347f3fc0df9c1502e,44334507207022312569090
0xee5f02c2a73f7044547fc5831a444a642a3a152d,44162314454971911986052
0xccdb91a430c5d28577c9a7897881cb75c40f76a4,43776281802287174787880
0x75d1df5796a9b2ceafbedee1e9e01dd2550dca8c,43526863468514424138028
0x010accf8c7c085770bd531f9ffb2ba7112ab957b,43497122192732603375345
0x0ff3172d28ea0bf3d65d4cd232d55158b5bd538d,43283941938149895348783
0x0aa1f355dc0d29d00dce4230e710c7694050c7ce,43185390082589563530289
0xaee61c1ff98135b3a8dc3aa90f59bf1f8797fbda,43150580973259831474688
0x5219b3b517421038e61d8cab352784166dcf8226,43114608174686635453902
0x3115a5dbcf2dbe9caedf449cc728ed99c5519fac,43046845794339112656313
0x2bc7c4dcb1325010b953a6614cd090512a0040e2,42879482752517490542086
0xf2feba330ddce08d3cd2c2037023a397a6a3e61b,42636560935804818848489
0xb4806f8617919cc26e8182a35d8227633496fbce,42622881312795604382988
0x059c682a52e2eb08e57734dd7fcab75966ee8625,41893253381804898039116
0x65a1356b04513a016bf78837e8550f28cd8407df,41738036208562046229528
0x2a412e58427027637aec6ae8e3faa44c55cd2ea5,41463383262515698818604
0xf2698a3cfe2c5ab590a0c053f97d2b4d321aadb3,41155796806906009477281
0xcc7f1dade9704d2d784a010ae02ba55ec2cd71b3,41141507450915390048626
0x1512658baef65e8772179a4ed6bf7b5f09a04bf2,40844570891217027481459
0x64e8c3230d3ad46d57c2dcb4b294c244a1aef2ff,40820065262060511536627
0x0d74eeb0b00c6a90142e51865f7c05473264841c,40805935120437461318186
0xdace29b1fa6be037e275a72b04a596627e5ef7dc,40307366935987810272420
0xf6b3029077e7d4b5e6ff46fd8e40fe2f28cf4242,40249782034104626291604
0xbd37848c8378bb4e1c734a7a3f0effa550f87764,40064094515188413640021
0x7800e4fb30d20f605062ae04c0cf6e6b766f780f,39976583311664444767850
0x5419da58139a223a45e7ecc60ae37096ce2ea20c,39814548760225844313673
0x8cbed12fe8b098c9f102ef0fdba3fc831f58fa45,39721591597087165648549
0x911981267dd854e6ad4301902b823fbfe5cac619,39719596074986441392181
0xe1b8a8dadbe3dc624280a46fc757fd2af92d62c0,39602519004453178222997
0x3cef120d539319c5e0649e8c199617dd935b8113,39331825787029156311193
0x3152d4b342a1d6b4351d18a24b3cf5f696972161,39242763791640844622839
0x769597e163f4d239bd571dd34f3727c40cf025cb,39169757039462083540969
0x6d3ea99bbff9b403d55a353600698f731414052d,39161188308750400666508
0xbab87eb9fdcb59ade1cbaeafc0bebf28e016e29a,39031365440631971475845
0x500c7e98d3002627f2c731917695f2d7697ec6d1,38695579721412799905944
0x9836f06e0328b25195a35850770cc84273ea19b9,38636642633771430543775
0x03ad9259a227e44886c6b1c1833c2e79379b976a,38475092922103820242895
0x31fb283eef7a3997364d12f2f0371b373d471483,38384330233403963680809
0xff118c307ea1c8647e9862895a1bb4818e2e049a,38112756574501534484794
0xee86fce8826a9e68eee7d60f8851f4e9cda16b5c,37951151824492491715876
0x7062d8f29800a583dbfe5662405a8dfdc8da2bad,37693311074240942960350
0xc9b6f338f56ff0db39ec44a4ad8a215b2c473ff6,37656562287807504215691
0x3f12bd8cc0d0bbf1d30468eb1f0a6ae77f20a295,37626458973212620788189
0x40ff46d64eec2037aa59ef477587b1daa667b523,37156847614700487299262
0xb74d385fb02f97e085640f6199b58972ce412465,36967067938150657590542
0x4e441e2d6be3fcf9d704bd508cb8b9a908c868ab,36905004802813850856050
0x07fd3a60dc1ea3bf3201689695733c7db3345900,36649736494235301933113
0x69f6e27ec11c358e8c86a68ac9aba833ab8956b1,36416219466919769924336
0xa8ac1ee6c0817f5592abd056657eb280ccc56179,36386276692461288226097
0xaa76a0159ea428576002bafcb2c62244b511cb20,36268990043527992089830
0x477b523358818792225bee001995e300b0cc2911,36145086306316831995064
0x285ff82372686565a273a73ba23863774b021b22,36049264094471111541742
0x5059853c9cd91faf0fd6dc24059efd476cb945d3,35921961881862756391536
0xb3824a4cc1fa56c6ae7c60ae659f19012e275431,35883394260279352427935
0x01fc2720a7a11e392ada782a6d353776dc87f02e,35847853404413530371475
0x041e7f4c034fdab6504798edd0f06a824c1d7cf0,35763459567175397029402
0xc39133a8d58199f9cc4b5269bdccb83f8ffe6f28,35755819845667601825070
0x8240f3afc40fe5c68bb2ea5dfc5d94a911b38ded,35621625403112290336932
0xbf441b39a4aa4971e0bd8560c015635976d772bd,35618722250539603078522
0x9bd46d1edd5ec8eeb694479cfbb0cadd910b176e,35609962996836379167455
0x66b7869eb8a5d537d6e7091f4331dd4cfc871cd0,35498937555780883560487
0x3c1ac384f7297f6e8ca4fc3ffd78f4e835677c0d,35412190054309121088659
0x7360ecae6ef94341c0f3f0a66898bb7b128c3ab1,35019951388486941651254
0x98d757c31ad5ffe156eff86743438396f55dee38,35012835764105672624942
0x62d10af14ad7921e376f1d22f629477378592bdc,34986593087310954589682
0x2fbb54ba8d34f1ae40ae0c7c2fb4bbe05c4bfedf,34944593043629953827580
0x3b1879f6089a03c1e23c51f0c333c540576f871a,34909965124601747196618
0xd256755ceb89f83d35b10c08011b86adad85bcb9,34896560883021696426434
0xe136ad8c830cba586ac5396649b354481bdcaad5,34889950378301751043166
0x0175098f56bf4b8c861b4cbc4ef43d1d125c0fbb,34750279427376515802444
0x832f1564e3a6ae6504d0d12c77975ea76d992952,34696677614541477696087
0xb765c1932bb2e825a0751f5564f0cbf0c6c26106,34676118021146428070934
0x874fd8a412633528dede138120161a99239c5f03,34538862771208773288662
0xa8d70d963cc2784aa405e288c4ca70d68c76397f,34158742674306819052885
0x9ce497257d674ffa8149d410ad0b916cf095ae74,34001357679904541135422
0x11af8d43578d1ef998e9e510e80b09ddf1c573db,33929403238013886228578
0xbaace56fc719b2c01776440806a87d0902e453e2,33901237787337360047337
0x2b47cb81e109ee61c12c29374736cb5f3d914a4a,33898731499634102530811
0x068fd25f2608b4884b239cc08d586ff026ef9ede,33884794522720909352249
0x91622f9e93db0bf9c6d2ced5a821beef0cf25efc,33703764427916186914037
0x4c822d2775c1228f3ff153f465b14c2ee4ff2df7,33701033883129884724644
0xc7ce658ebff23eddc948a844b684d84942a16db2,33696965501546439571972
0xffa2f86b27c9355adc68b26a71286ecbfdae84e7,33637745188165716492731
0x81a1f6476e474b1f7ebd96928bb201d60f43e738,33611996644443011968058
0xe969de74c8e7072b7b04bf91e7dccb5ba414b942,33481989541890588128859
0xc6f61c1deac88b62c945544fa75f8e47f785dd05,33464476387371976910216
0x5b569aa1153cb2bdaf34d7fa2b1bea6645cd0520,33421810158228943362667
0x71f3d49bb85bcf1cf6f30928a934424f31d4d9ae,33297053319157160537023
0x94c11f9ab0a5413ea52ee339473a427658ab1076,33179335858914102905937
0x8320d71bb7f7d9cfebbe4063702aa8bef1c99e36,33100308281434832025943
0x88eed6653cb255e03fcc3644befa52fd08c86a97,33064186498080335040270
0xe31e4a19cf64ca61b21d6949b38dfdff87a3ed30,32993266058635183239396
0x33ebd5df727bb69185e89b91d668cdf0a18e34e0,32949264452972234316577
0xd8bd3186de743642db0d60b1885ef6229e19a9d4,32774577540567051760041
0x530afc9ae07d0eb1587dccea0056ad8017f8c59f,32593957450074171083373
0xaa7a780e1ecc6b79ec0b5f82317e4c0b53b1ae31,32549072973089179867282
0x120c7760328b173c908c612b785b15bd4debbcca,32339023030304809356902
0xae6fe72e0de6fd79a9a874150915d96a1c77ac80,31859620936288289990530
0xf14040cf3f0c7358103915e403951cb448422baf,31847964463147365936792
0x21ee8009897144cb08aa603bce48e9edaae00a1a,31824912439046146403182
0x430c250cdd8b96178ccbd874912e554f0a14899b,31762456705927508621905
0xa6397d8c33e8e1cfc3c3cd3509c3ca54f86ea7bf,31749385484151161934660
0xb09f2a5e9c9473fe6dacb989a1e10966a3835b3f,31677034811584478248812
0xb66e1d3496810fcff835786a7e014f657f7fb6c1,31440093687074811601069
0xbf406d87fadfdbdea45c8989dc644e5e2ed7d4cf,31377894741602561153898
0x3ad65737252761f99fc352c1abf32cee5c765ff2,31341415292465584973537
0x21dd320130f9bd09b6146e4f531d35e175296bff,31004447542643633762333
0x29510777afa89d1699975a9ea988d0ae66579b30,30937225070115971619248
0x3bb1b3b56a1d5353c9c57db2c3cdf8d8b3da0484,30876705766922342049213
0xa3d5c7c5f12fd3d41cf9b5fa28a09968d13541fb,30855506058269421694787
0xf243a9f24cdf5e3b2aa9ffcccc8e84799f4ce662,30808278774062246593447
0x3c8dbbe0beacadc4ef794ce24e0c4561789441d5,30730768946144772923562
0x6aafd2f727684d560638f60124ff6d3e7651262f,30621915494711494736226
0x4987d9c4807073951c0182858fece30d46bd96d6,30598380359489405069845
0xd988bd1c286e1b53e5b7f34e7d6d4fb56624c2d3,30480626599291493607470
0x4a05ad27e2ff74f15a8952a22c79d01b9fd1009c,30476946275785342133304
0x5126c384b141ab6b0f39e7c01793280e310af27d,30394729852848856038154
0x2abc7461260b3b48b81541cfe5b2e8e74b38c0de,30383356589435265830012
0xf3437bc1594676eb93eaa051d6dc7c489f82fc4e,30147888876415119556991
0x0ca1d3635d329bfdfba39b5c6291bb8dbe411c47,30092676454803733756949
0xb6cd9fb218f7da5778a818cfdfe41cca197db63c,30069625996960375777929
0xf3db69dcaf404d9a4842a6fb0639473842bb012c,30036225397262149627215
0xda01ce3aeacc2088017bc54d3c8d0ffd08ea4bb9,30023348872953123413586
0x432fafde033bea0cb429a5a045d042186b10288d,29958857986570105640349
0xa30fe938456a9892421383fe3354e86f759627ca,29666410426155741994399
0xb502cba76c9b2c37f4be31092d1c2743dedc56ee,29583619934214018372587
0xfb1c89a0accf5b9fea20f8ac3c593004814b98be,29581308168992916691507
0x534ec05791d9b3ad2773dc1c94a834ca1961ddef,29509495522009557945745
0x20e79df97935e0f128334bb7628abc3dc31ca10f,29480278567778976614959
0x203dccbf7579b6fa42e9fc957c1a13c8fb0c46d6,29320049204372604003350
0x79e86236634eebdbab608559bb4b9be36afd9eda,29172733760139895909984
0x4fbea95b6931ae59ce2f2fb3e6551f12b52b4a98,29120830857488786670135
0x2d3cb7d7a244e9168e17734bd8bfe3a5213cd2ea,29063880644616450236789
0xa51222bd49d7cc391f7409bc7a1b0c6143936ac6,28922134768163004134207
0x66666acfc84d4abb990c3a621214df1b0e4e7ace,28744949074269229858851
0x9a7edcc2c01158cfdc469540fb20f5606f000b9e,28707111599953906005072
0xe89c06866a2d525f1618ed4319216535b164665a,28447561486155705292801
0x540407f7ab2f52155d505fae232c36a0641e83da,28199035787472522456936
0xd197abaf1011a2cdfb8e1429ff1214c6464e64cd,28046168267059991015140
0xe82c205a527a064e5067c536f04f526c73faa788,27668217230658545049081
0x2b71d1a0e0cc6f763c0d5c7e88755207bc8d82e0,27564040047190351617574
0x58273bf822c5a62b9eeefda746caa254412abfc5,27522950972127153367503
0x93d639aa9e7fa9dc2c9274ce9d64d65761aa24e1,27485904277857445405069
0x6a60d344997a2c7a95633aae59f45c969f2564f5,27435347134367833723126
0x8f9e2d6ee28d3e11ec4c5a31de1c12ff71f009f3,27411043657761986762007
0x54384e813145f49eb687e2f3893a10bf3d28f4e6,27372788477965351435413
0x5692af09c658e438a1e18f52571ea744bb236297,27363996975526949009671
0x27c5be5266ef318a434a760f4ebb157dd63fee04,27327159156983805319517
0x6ddc5963eaaa6e0c9ff4abd348235a930eff8ce0,27305974161900031179613
0xf0ebbab1ecc57e02863db06026e44c85ace147ce,27275996512985789660779
0x00000001a166070c57801996df76f24220cfb8ac,27265086544392191109933
0x3e09de9122d974160d823ed48befe7d83448022b,27209633420804419537675
0xcfcf73679ea1492cd6bdab60c0678df83ad5395e,27138945501072817812378
0x5c3d2f3d5f66672b7f303a3e8732d7b0e61f494f,27080719813480558410373
0x7fdc9686007c894ab5d63d46366028af5b8c8721,27079523030294375511492
0x26ff3f3f81a369fb17bc2d87e15eadefe39a852f,27067680743379898812986
0x731db27e5482f67a08fb4692586f125f5e0166a3,27038978032153966321599
0x9b252e30969e3c06669de89e8dc55eb3e92a585b,26979350741708762762539
0xef707570944b3acda88d0f0012964078d35413b4,26878889507993080656613
0x00346f144183ef61330ec67eb523d987ae06be1e,26859345789511797468227
0xf09b1ccf16c3132b5d771061841e9c774444e820,26796506851888167382370
0x72c315ff7123ab3e7db95c6330fa60e075cf4420,26788135342414982004212
0x22ce286dd6fa16a0611ba7cce888ae0f0402ff05,26690638695252972749464
0x52119e22a7744a743494452a9e2e471e1061cc37,26652139935400214815635
0x507f46e1d144d2038cd7cbfa6d1ef28392952435,26556502411187152921328
0xb9a93b86d29bf654fb975281dd962ecc2ae56eb3,26463739972356087116225
0xa5374e3d6edea4a9edea6962c851484c689ee097,26450426251392739347494
0x849edfe4d165de1ca97690bf2d2016ffc635afc1,26315043803429486652333
0x657870bf6f06a073056c7d8b4ee78ae1067a84db,26228555450456168519754
0x68b48ffec961ce54f7af24a56032dec01d7dfe50,25933380452107550816855
0x36eb05b0e62cbe38a5c52fab4ff75674fda2f337,25664637986640800651836
0x6aae2f7914a34803f9776e9fe6529d9abc0d1bb6,25537179320066309183734
0xd454570eddf3583928a006c27c79e2b1d8942a82,25533077140315011611001
0x7310ae9dfb1eaf5916187fed3de72e6348094d2e,25392945189348671297294
0x918e5bc94d12b6763f7f6126f963820abb52f199,25378992251473907362396
0x727fa1e52e91029e2e53d6f43957f4c92b668a81,25304634238977885722125
0x6d4ee8a1b1accd3218e3c49b4741d0e2cdc0c965,25224420144204233296312
0x9613f1ae2c879d19c0fa1f2d9d6ba634858789b6,25208931900828764149659
0x1a98b3d52cddfb29a22b71d7317003f2d1ecdbba,25137657074114166950176
0xe0d7d07d6ffb895db6053ed5bccaba451db6987d,25001000000000000000000
0xc05f3857f671d9249872e1a91d70b77a90fd9e7e,24854734065012919457092
0x5002567eaaf8c85ce4bd0e395f928f87ba282c95,24837773259034701288749
0x7a30fae4bf7aa0f9ac2d6037eb1708106f458839,24812943331738006195655
0x0d5c6d09b18a4d43b26e2d336468304f9356e4b9,24728019334109779331007
0x3a5b6045d943d68794acbd2b27cd5ff483f381da,24696845708341626819389
0x16a1a720dec42f1a9f8162aec9c61f1372446485,24650136904561287390968
0x10e7ff4fbb313872cecd087bca7e9aa85e7c4ef1,24539407946109862677897
0x69339df21c002435957cea48accc72a226e0c642,24453612869426572571875
0xaa5ddc7ad198b38b66749b4e195b106c2d32ea0b,24443857634319922657555
0x4c4d29ea9e65262f5741d6cba7364b515cf8a2a7,24408421646988172936147
0xefcb2888309be499decf7d5310f775c817742d9c,24233641345567753337695
0xfc171597d1664b4b97f76a7213a9185387a39b35,24061535928912778511328
0x0fae72df2119a98f37f9dc232258bbbf5f96ad87,24000394685169286299064
0xd79c9d9dd9c5c2261aba876f84916ef957769b37,23968405444732726961349
0xf837a615d9994c1a5aa9ce7e72198e544c257587,23865672725894693117441
0x41e635d81635964b1c957b35607cbb18b2cb3fba,23818383718754183573718
0xc6992d685598dd2080d7ed2a29a325c2bb35d85e,23801885606374265148873
0x7412715df8579f84d3dbe673ccb26301c0a1f611,23662905796516432276382
0xfbda3166ec44b47df22c07aa762db5060e5f70c9,23495598635495669896982
0x33f660aa2e43b48e7052fbc92ea2cce7552276ca,23355484989999147471755
0x8585acdcc7f28c71e9c04ddef2e57d8741c12673,23289373086722331961225
0x815411c197deeb6049217f31674804296e4dd0d1,23277219200817046600540
0x1628057aead1f498da203205e8df2fe7d324624e,23270619411348291007255
0x1912da93eaa6cae95a110f869e9f57fdbc08c532,23246704799575573864026
0x934c8f3daf33debed9473b61fe4f80365e826906,23235252827374145956710
0x664949dca6465100db3f14db7dbb41b21b06fa0a,23067933416894358569703
0x72d9476a3320aa2c27894ad0933938b6eeb05bd7,22939347299074125115125
0xeb4dc89309ea61b52b8c2d4d973a74c96ab37bbd,22734746237710847711717
0xe5bd46201fb16a8fee26ff302c932b3d12133c41,22591357977409083736884
0xd126a74a3c05ba897f2fe80bbfadb1a3fdc9386a,22366127968003031333414
0x042e224089a1703eb07d2eb695bd6deaaa2b1a6b,21988799625934766580613
0xda8700896fe0c194bfffd8b180ea3350267385df,21754107959617000000000
0x9a4163819ce3b357d2d8dc3c3cdc6f0b8b005997,21716171932133546078342
0x170af9c33469929bbac7f14b19c4f7c5a074c097,21414872430958423618473
0x33312afaa0630be794f81a431bd80e23cc67aa11,21369203418017106676857
0xb959d86f790350a79c9e1fed706aeafc73fc0ad7,21294863892726671566712
0x65cc8acbec021fad4e31b42824dd1518f5c5b4cc,21286103637842902673885
0x3a223aba75318b6abde0914d4eed98b34a157570,21080257070278248569640
0x8c57d1fab10d4b78f49ef5c6abaeb76a63710f61,21050417021658608205432
0x85fbde50dd1c29a7f5609f9e57d8ff11fd989f65,20955431009314171587112
0x4af516058fdd4b58344577cf30ec36ccf7d213f6,20941816919369119385684
0x71eab8d69328c487ced662e84e6f70acbe631373,20935224494275790188594
0x3fcc2f35bb5c3732a6244d150286ce17befac89a,20677048017853310028176
0xcdc12396c0f7811f807e73ea5cf1a8da1fcf8c6f,20675928674304526116451
0x277631af442f5b794270ac01076bbddbf63d8128,20563589362257019672985
0x935e487fd805f7261acfec05ae2ac4e36ed86aff,20538271234842606595769
0x8efe6529775f6729599da44c1b18e5e48d4c46f5,20448096751679455621422
0x0c0adb58ed2c77eef936923e06ac448b3d40f16f,20448086259446176667448
0x26a578e5871a4eafb35975f781ccae8ebf0d5270,20231699463406506873554
0x9dcf90b50f1cdd6be457d11b2e0c137369481189,20216531735031690837050
0x28761cbe01483d6dd097afcb79763bc581750fde,20080810500343146082989
0x69e4e6df0f5ca236855a97268ce0e62a2cf5ab76,20045586034916579881087
0xad0f0e499119e20b504b3c31b931d523d1af1dcb,20000001575967962519288
0x98c094bc85562e52d02eb8610c296f8740085bcf,19930749878884505705334
0x58d83702cc051b5db0ab78caeebf94ac4cd1eb42,19873244065642607203730
0x89af161c60229847d8345716188339bb35b524c9,19867533151517218858314
0x25a0ab08350273cbfa4ca4ac25bdb4730fe72739,19848564858878568283000
0x1cc7aa7dced8a939a685105edbb62aa38e8bce28,19714792145940409966397
0x6b930c718f45d6a29321461ad96560032b2c4d2f,19664533637552197461835
0xe161b0219e8f884d7ec09f8bfe8363dd28e7e48b,19612657482498690520628
0x22b9d6363dbdf34d996d6f77bb95a87f3ea260d4,19608635138715055538301
0x03502d20b798a204dc8fdebc4e5315a98334f21b,19560071572148702799215
0x6981e63960e0f6434cb97280dcfe7f5865b5be9e,19549064648871388933051
0x62c9823c1e9daae791643743c2c4c30a7a1f5ed7,19480950323995272677545
0x198109b0d2c786a230d18b622d3b7a1946131e09,19392081610652143384375
0x2d631f41f6023db409f15e1ccc337e69f62a8a58,19295939516232054812794
0x90aefb6be5fb7b77b8ffc066ccfd69f9d148482a,19205595689893399907244
0xcb7fe13cb1ef55e0f0abe8851444dfd0b7688edf,19178707867848882529245
0x48fcbe2b5d38e5b617067e5bb87c7d0938254010,19172017707867236478250
0x01113d119fb81f15d383f586d4c96b98698d20cc,19017620243597937672099
0x7edbdf5b6e41e6fed4d86a84ee36bc28eb2fa371,18768336704640464889171
0x5c5392e3f15361ae3fb46804e086764d1a8e9e45,18766471592652221282858
0xae596cb3804bda92559ce91996bc82c8569b4802,18740266569353130904305
0x1ebb641782aec4e7f9bcbc8710fd1185b1a6f4f6,18692516695494219181020
0x820dac42dd0a00685f8c88ee4bea3d396f9c8557,18598389711927010912015
0x2a764f0003557d4e3d64d35a6434d646eb4a6a41,18536060390747963866932
0x845984cb51fb2e74d57d4e7b89f682401f9d956b,18521559557329146595403
0x713378acc7aab5536646c41afbe6718577998a83,18459623557413961357483
0x9f9516d55bac54daf1426b34ff74c7c8151cd1d8,18418595648405041056081
0x4b94616005e91cc09c156baf234579713a996375,18353816625137266585887
0xfff59c96f2a927ead35e33df04bd73b17386475b,18341010575877209337795
0xe57287049b488acbf4af8ac212e69427b664f339,18326304606841517016738
0xae43bb9ad6cf6335dd5a66500bf6101a2736ca6b,18306862064459729341024
0xbccfda52d9aff18ec9698a34d16e9e926f82f346,18287650408640106729262
0x9ef2e6f3a7edf94bc2789b22b819c93eec45a136,18123033410831259545920
0xe83dc055587109bc1957a83af9a467958b698036,18120483036310734382999
0x75e398c4044d00a60da427d54a122163d128f34f,18117222059819329585689
0x3882efe29eb18bc9e1a440c36f7a2244fd7fc67e,18090105481740441345322
0xf7ca043d47ac7b16c69e45b6e4ac79660aeb8407,18087648935588238993455
0x07299b1c33201e46bea2237179aa7e75a0e476e3,18059356535484081239873
0xc422c5237c94eff8fd42c5478b6d68c615895434,18054661143863851002659
0x94be28809911634fd1461d34f162f5cb2291ae90,18024911013950641550588
0x317e1a12195afb15852c546a480cc9818b99b468,17993445806377103533731
0xe9c61a37ac6138d626d0bce445b2dda9b0f38082,17955047018821480870152
0xa041226a06cec64901506c039385f570a49a7bbd,17902671447282146714513
0x26c84247042d827c4e03da34d88a36896c744a81,17853561356683007032738
0x020240bbf00be47c069c897e059e48ce38162034,17817337015374883251786
0x9c4da1823855d1a69dc73da74082336f8fdbdc96,17689112648652976681438
0xfea13ab49b19e54f81bfea525d053abb7efc973e,17659319174393528706688
0x349436298636321967c3263506589e4fd40da412,17524639144401784961766
0x58907a1b3a45b6b228a5f8127eb1277c0e533c44,17324376706637015146114
0x1e81b7e35ab9255ea073aa6c15f4b9dda10f93b3,17308325193503140390018
0xd0e6961dcb643c04b2640cbff70b05336e4bb583,17250905117309983130457
0x2883c3326a2b0e6f04f5df06ac8b120002882b6b,17246238504288238436117
0xbbf20e015e0d2d8b4198c54c9dd43d5f6a34cf7b,17169308255657775134133
0x8f40e965ba3b00a9cdc6b50712d023cdd8409e62,17114749130341555720780
0x48dda9b1b0faee50858ef9e0fada4a70cbb61114,17076818830704569953153
0x01591a25f916b85f504170079da64850cac5d971,16947097957331262859250
0x181f0b8b6ef0286a5c41f68c3c1a0d3ae74c1a0f,16912049867554583055319
0xda7688299bf1302b395efe2577a1f03374e26f7e,16789417878056546421951
0x913ddb08400b8c3a8f1ea52e35dfc9536e3a1034,16640236378515607577876
0xfef64ff47c896ae3a4ffb74cabca074cfa77a9d5,16593633987303954759919
0x9c9d341658cd8be9023c8b6b6cd2179c720538a0,16593026361737962734838
0x159404f2cc688210690ea9b9b0d47b1ac6eecf7b,16583728360936845457619
0xe5eb60d168ea2941a26961b22370066bf9c900f3,16554417378618357419725
0xc71a403c37e633f4c01e2c0e2a20f1302ed8c88c,16547942491883666930590
0x462d7d119bf8bd5b12c571b3c7df0feecf14d153,16261274223302771307394
0xc48303c7c9f63219905e04bef27ebc74b6e757d1,16255242644885567811550
0x0234454c53991d549fd0e5322804bc59a9245245,16254410978808857877498
0x37e58afb90a1bae2abe5dad651f029fbad81cc10,16250080932164901006909
0x6319517df7400f1e21a9443f5519cd177b937246,16034022890959334100001
0xb078bd0f51e3cb09638d0b00adb016b9dd337c8b,15962544572224726583270
0xdd7be9b46f3b2e9c12d037d428c6ffefdb07333b,15936707777947241061220
0xc44007b7c067ffe40892711472ff4831bf54af34,15819485927825896847550
0xc4f1077c9ffa19fea42a157b08201cf425328369,15700605320089312054043
0x045c15c96931eb02009c093714a585a8b2b70718,15686545490208153050302
0xf631f45e0786a1f3e074fa1063de48d001dbaa9a,15668442263803311402951
0x7a6d25833bac683d981f0d54b5a41d06f5de283e,15643823815007367961759
0x1e9755c2038be51d632353ca41ed40d86c5caea2,15638591614541083401162
0xed94cc9485e13bfc17ea45569d9cd73790ec9596,15529505965926506735948
0x3c77d992c0dcc794e286c517d9a233e2a3133283,15522398441520818042921
0x45a68d897d14be3bb80dc83949c44fb455a91e14,15484900170866742991637
0x9ea4a8a79c9e3a7323329ec5ec5cf9323015c5bf,15344099355493796902412
0x093efdb8bff0a91a12009302bffa8ee66c30e430,15275384832231477609730
0xd4f8a3b221ae9b589545d63e1cc3119d0ec84aed,15271348540035729017106
0x0a2951108573898dbaab0a98e9d6fa6ead5f5943,15234337858376828492323
0x98b9c9e671445c05dee24937c486068326ad5068,15087785355593313896238
0x394fa9eccffebdc8329154263913b6b5b1302bd7,15082785612958568291392
0x0e100a6edaa96a3065517091f7700c0e5ea2d4cc,15000100841828137211470
0x9bce213971cf317d2c87073e2d07d38daedbb5a4,14870152764830691035227
0xce54dcdef3fe1c212f77426d86cd6f8aaab135b6,14860923928836543030793
0xb332d424df4b67fa55638754f1720bd6ff791847,14735708701271712619819
0x825ed451c1296a19b8239094757c2b05955a9ec3,14721325364962068021147
0xa927ee7dbccb9f908aa85290c886fa20cee4565e,14499728228956386990380
0xd008d75fb52f1fd3e2b0e9df2205ec2f8514f93a,14367331937124343612056
0xa634a72999fcc9cf42eea5afbf1193254b94d468,14236749250139316735866
0x7137c2987e42012843c5335ceb9904803de8cc5e,14163148811479830676676
0x0dda106115fe4ffd56ab1f7fd01f6e5afa2c8f34,14119689049669828436784
0xe0e9373220668a227c88ae49a2f8d790b7b8ae97,14104985109498148899470
0x3721b685ccd920a0da696af5ea2d4346c2434286,13967234977886362201947
0x9ce22ff0dab82411b2050147a7e141bbf394c700,13883675587771043619873
0xb038e63b50454d5a467dc18ade524d40af4a3587,13882183456039781252278
0x2849e94b981878d4807a3d0e9912098c0b7d7312,13861579002491092252031
0x3fee732f5049190ddc6fd8928ed75d54f5070332,13843291496871398835900
0x00c1b4986ae07a93d9af8a3cae359cbead6b385f,13811194791029105603878
0xf7c38391574e0ff2df258e0daa4635a2774822c1,13808561464054234655393
0xf7024a0ac64ecb16c680720ac81484b9cfb1b66c,13768823167613665465912
0x59207d6798bd9f5fb692f7b3c9c59acb9915b56f,13654196970646232003408
0x70e975774d7cd9c8a84252fd453a3c251d86ca89,13648394177046833505502
0x21fb50a8693d3348e4f8164e2724aa0de59c30d3,13633035214599101851734
0x9e6fc37b8bd2fc7855026cec105d76342e37af84,13576330674755357851598
0x6c0a2333ccf3a3447f8b01c7a92cfbb15c2b24a4,13527295774743472539290
0x15178c18d25f0ab846e4cffba9fc09a6462e44b3,13306875596248595295449
0xb8c76cfe98db9648eca7589e6a8db1d987a64792,13256356676119037004567
0x819f066d5543f9922bbf857fa58348a4c08776fa,13234643246937798318608
0x33f32c5fb01ae0d017d7c1c8f99dab54ce39c92f,13095612555280850138552
0x39786c76037037fa6ad759780e501b65fc8b5b66,13084078761838759818560
0x6394e63b2c52e82d186d57533d258ea72f238b07,12970853055760084104098
0x9057cc888a0dfc2318a73c27cfbe240543733ea2,12874328770273593927235
0xeabaad8dbdfa6127a199b56ea03a970a76d1b18c,12849001061405992399602
0x27f5787c14ef01bef97d055d745968fff2f1922b,12811316403474801202574
0xd3382c71761c0a17893d4a00230a476d443fd20e,12782703155395403785368
0x98dae6b5750f8c8a0c4ab3026e1409286fb2090c,12727009748548063922157
0xf8b10e13b52d8c2ff0ff30543ce96827b964f594,12722588699324598280659
0xa764126a861e26ae637c2b3af0e16591fffc307b,12719419131663975050927
0xa8cba3f57c1949d1d008a327de46885d20efcf03,12667857611898552772839
0xfd64d6416216d3d071569f13ac0fee7b47d25d0f,12622653244088173922987
0xfd8e319c148faa1502727ee2fb09a33d9a6b9bab,12582878738274471391829
0x7871dbb544452d5ed0f2f7d710aba3f3a8f376a7,12417755045295365593468
0xfe6f62d94ec80e5c8751721690cd0c7f93da1731,12373729603501318860006
0x4b11e52d02698478aa3d35abe0e325e9659be55a,12364380265293779768169
0xa77dcc55ddd4de1b8d9b2330344b47d337d2a5f4,12348616300092513045554
0xe94cf5eebbd17aa8a4d8735ff4cfdef6a9867403,12292459524976480511622
0x1da456f3bd14b8fec27f666b9a0a5da312e4d826,12230646137264727908146
0xa2c1ff62505d54192ecc6eec4a2a964ed98e3b5e,12209638202944895231241
0x89baef9255ae2be90277a4b76bd297d97cb6afc1,12171491907167460708156
0x6df3788a1840a8ea2ca90f0013a87c72f114a7b1,12154247114456595720595
0xa30484b3ff50989415d6d5d2d4edfcf4d09c5fe9,12134330540737414925887
0x90f5a45ae1de5203f0dc959c747e41a76035b007,12111153926156913415580
0x59bf86761d7bdbafe70fe63e02d7717fff9efe38,12046217256953517290394
0x79b0eb697222684e829f029691444afc5a730cad,12042475954639080583596
0x88054bd4a3d77e11d09702532d594ecfa7777fba,12029858003823449773461
0x7589719fae09ed25e88aadc243368a8986f267fe,11843781850228472788584
0xf9dc474e02119be1310b7884c610aedc8f3377ac,11840339615537454466284
0xeb15be0a36c5044c8c0f504a550e9bc41bccc2fc,11839896416125467571075
0x8b2d0059d83ff991e8fdb1a7713b8dd30f7f0960,11830194437552731398854
0xa871144ab6737ae4b7b5873dff027aac2cf2dd45,11813776864484715723173
0x00051d2a6348c5d269cb80d03d7977f6a828b000,11795527376559606318770
0x95f5a3dd0084f5b6e5b0683a8993616a2431e218,11758109581838658632643
0xa22f0979b12850ad8bcffcd1e8ea5450b3ae168d,11718919168436982902030
0x95f6743c214fafdcc4457da3b5cfe19625525d8d,11654246936252707084015
0x69e1b0ab696e54c1002458763476073cf6636568,11648979699116320976173
0x08304d05f2a55c22b7963d3e2850d907e9f0d923,11611780732079301739384
0x92217a064596e650160e2292ac10be2556a44d9d,11595135654333813744748
0x2b937e37f258cc69b652b94a36fabb493be1d103,11564322829694664705549
0x4d6f811112268a23713ee0386f7fda9d623569dd,11533015869539723453768
0x3872732c2324558b0aa06703d94c4981ab44219f,11494875314046822775624
0x443661a2324ea62d9c652fc2725d0d8dab4487c6,11483780025186548472538
0x332582f64be0198615f4008655695aeea35161a9,11434910916065009999494
0xb6d4f8833c48cd934b68b07b1985ecbc768be8c8,11411168782720995740394
0x80d2fc5dfe64bfd673b68e82f4ea9fe729730993,11389383524409690346991
0x2626924559167b6971e8a14e11e1967c23eb5811,11375955422724100800442
0x882e0b27a85aad289db4621401addc62826df91d,11293077285304163584361
0xf738d65858f5d1e0adaa001e8180d6113853ab8b,11221436823155498670881
0x0f8e28e80a32582fac87cfc3106953a59c9ef4ec,11202921598175847840814
0x5e241173e4712a58690623b0e0ff9de04ba2b613,11153241168343142140059
0x7052f1ef6cd2655940e1e59fef5129efa920f357,11107885855635405438477
0x7c7bf2f0f58520148587a76e52e50338b346b30a,11073148456787093822847
0xf9643ece8c353b0a961786b1f419648b566e36f6,11060223506222376170740
0xc655c18b2c021fb5dc5f61a95ccdd4f4a3a3d89c,11038260800309418737752
0x75c9c7f1907ac82285544420d079d70fb7e44820,11034794096088257622219
0x87ab8ff9325c2f4959bca2619994e361da18f6bc,11004452952101335211703
0xc71cb7622367ea9ac74e2ee74f52e512a5caf6aa,10994185305671408851429
0xc0d716a33b90e17e67416892c342d8c10bbec578,10977907286229018721417
0x1aaf008d6e112ad68ba9bd559e9787080ff200f8,10962185366220392762007
0x7cfdbbbd489199701f9d72f3afee1029708c5360,10900314044566537786590
0x53613569fb50f0087e63735bedad79e443562ab7,10778932108782710393273
0xc5fe824a64fdcf3397caa37cd5aba516b722ee66,10724958639086560154832
0x3f9e21f6f90aaaa38423b8973d84f688ec37efa9,10700640997105208169014
0x0a215e874cfaf42a853cca2516d8bd5a66fe9fde,10671295801065216701964
0x584beeb4b35fe095eae92331eee49084283c1365,10645054087758470097161
0x8a2d7ebee3e219177cffc9e61e8a38c66d7510cf,10602730358605000389803
0xa6b9c34ea253b275f12a05ca30f4f657df3ee19c,10572100866985893394774
0x95952f10b45100d567ab812b79eed2753944ea0c,10566122200680580578470
0x3cd89c66f0329ac747a60a748858cafc8f3ee1ce,10540864227905054170271
0xa8d598cca1470fa05181636c0194340bbdc24784,10540019178635522272301
0x35fb327a5087bf230b6b1c44369d0e5d93dd842b,10509028018930440880475
0x3790e1e1cf921fc05ce511991635de5b49ef64fe,10444320916796100506191
0x73f3a378c6e694d79c396e8581e696563e16a650,10308710376356796976178
0xd33df623fa54efc2e882dc4cecfbf38cf48e9f1b,10306862782853712393304
0x57d9fcb189fe0d6b6d5ac066da9df400bbb4b9cc,10223843597156514847518
0x44befc00970bccff516e4016ff5d11e9008afcf4,10212916686266346401491
0x9eb889c518fb656a07cd9b461840525d3f235034,10103194796166625685373
0x73f6055c2d4e7c5c094ee29618142f217be44ea6,10087253067915225114720
0xc5a732b4cf3b177958b5379f2eb7975e03adbdbf,10063092167018382935442
0x2e989311cee6a88697b32ef4f4934c1e9ef4a04d,10010582107873417305035
0xa09ecd962f1b51aa900afecb9c82fcab90cdbc91,10000000000000000000000
0x1899dabd6e020a35dbc8596ccfa510a3a527ba72,9996527665693348532314
0x16b80a5c03bb29ccaaa815d0f5b1a6d6f60ae6ce,9899773711992114628482
0x7f2936ab0f0986f7931c31d45b03f25ea7698dc6,9880895175525775406548
0xa99d17cd2beeb1017e812705bfa5b7eec3ea7402,9861999320142552827846
0x48cb4364fcef62bea821ee5b5a38e8a6b49a09a8,9853967437565568586320
0xd66549fcb800b55c4ec258ca73bb866f7c1bd0d6,9795187163069265090621
0x1562d92709304eb4727b8b85030d01341bcc6197,9733086349792338623652
0xc0a05f255d3d0a550f5ea311b11fce86afe0b711,9634312232457503144201
0x06311bbbc751300f0e0320213fd6d16b668805e1,9594512693109218180580
0x18d0bdd70a6f53c37845db3ffd5c10e1b0685bfb,9580364139674197520578
0x7c5ad41031447118376ea2003bfb01fd3b724ac0,9530230713329616348082
0x05dbe5c1caf4aedc2471a27c4b75b45917d260e8,9496261025615907943990
0xae91346c434ab94049d6d2acee4a372106ac83d4,9475966828512815747930
0x72f362df6bd9f96f77c0bcda9ceb9e387933a511,9466134093589580377296
0x9799e172bb61eb5921388a216de727dba3a9ed63,9386033817731704063322
0x3c4e01cf557a989f36d48cee03e702188c61b7a3,9379416012775033363354
0xe9afe6aaff914a0ebd87959dff1ff7ea4d417f4a,9356183809113352632924
0x0f23ce6c2d89abe21dc68a41d005b3e8c8da12e0,9352955766723028374486
0xe0be9e106a8e389b1c20c12cdc6e3e9cd31c34c8,9310176840987918995275
0x6b877d051c0581d58152dd24cb8e57707ac45f8a,9269790394425332612957
0x492091efe7129274ca85f24302c448c00e228b37,9254865133618327048276
0x000000431ddc2612c8db1f76a49ba0f78b754443,9229354812507682665316
0x58422bab5b51870b3b8838ec5e97adb144298af2,9223576620101793471686
0xac32dee984eec6c7c705282e6918d1caad8ce7ab,9208739199874456342624
0xad5f44dc19a94b38d1d43e686a5a5e5bb0bdad72,9191195115613845898349
0xfbd1d1c16d29f5664fb10072e39aed719a1d1ad7,9181753934669302579274
0x6827e3f11fc376e12bfabb592f7dca8f771d589e,9172206903621083038359
0x031ac20fe20861700a43afd21bad2c1deaa29a93,9169148379198889015652
0x1880704f0cfc0e7d0298bbdef806d8a04f01367b,9167194026479895297526
0x9e5ab58d72e7fccd8cd373a0a39986bc20847cd1,9157508070052261097195
0x2c0f85551bf4c7c0cbfd47324dde503c09ddaa07,9128270375472349012818
0x35516fcef59ad3e7355baa9e3390f07e869a2040,9065760013511430850288
0x88a09a05b60e5649e6f20b45d305d80d44431d42,9020475146564378258708
0x6663c89c93b4876a497b9763e73a30be238043f0,8996189354687399794257
0x0198652a5224b5a1d41fe734062deedbc16e1c0c,8907485787921972299779
0x3706412a64c24cefb05f8f229d51f13891dc9319,8864597761096351393981
0xdc5bb48487c999b486fb340bdfed8826faefaa39,8829392395509810771219
0x62affe869819c23c965ffe74d16c2858d124b0d0,8796381583849087326693
0x41fa2f223cb8167557ee74e6fe021ed155660b18,8619629755512230434434
0xfd32ae0f51b58144aad958c2cd47d2d59dc64709,8557261588504946303122
0xc6375662c10142d5b72d214294bc09f99a0c08aa,8544280353161113071696
0xd326004f985711919445471954e609477843c9d5,8532358113849110855791
0x341b03bc544c797095e30d9dd050eda7b19e567e,8454401927126518570884
0x0f6cd4a9357e5bc859172e8802239abcd8066d0b,8430039097335882846716
0xe4a45f74967f75dccd6947a9dfe25333727a4737,8386959981089269329694
0x3422af4c61072108239ef159357c7888725b2a66,8363524417425690977274
0x810fd51a53c6d865d885e7c6556c815e1787baf4,8329083260306588000316
0x0d534b25f9c3971615fc0c971cb74fdb73457fb1,8311714933540411684793
0xe81072aef510199fee1527a0fe3ddf8903beb569,8267932779691087904586
0x3713c4efa14c113081b702593fe3ff2ce955a363,8211312079959236163752
0x4291e7deb1bbd2056d6f52d09b8f8e755836883b,8115582693233150481735
0x53287f2db1802e3f05aff16f394d0bc3d8bab749,8109405780000804736146
0xec5f0ddf07b89b659fb1b578fefeb4a8d335826a,8107510039433713374458
0x20a349c31b2fde810ad8e9c1d21b1c2b88891bd3,8095647254425548758180
0x82357fb0b865f72601a13b0d941d11e067829fcd,8051992801647284539778
0x4e12521bff9786936839f1c370d719af39a3f147,8046000000000000000000
0xfe276c699da9fa8ac510e79d7502972ab88920d4,8014418808175590407161
0x1ddf9d94dd7119acf0161e318768286303e4ce14,8013357398325204573427
0xe33193bdc99a5ef7714732757a6f1e627302d177,7983813195063350781465
0xe3235d2c8644ca693f842c2f423f3904b518723e,7926706867068736434326
0xb7dba0fd36c9e9feb944e8b538fe0f0048001fce,7922453606406700634831
0xe0a892df923c7655c79a04c56c07fb6b0cfc5090,7889613781225842901271
0x2ad8b016a536999907179b38c0615cae7123df6b,7863345891634518298554
0x2aabb88ed8341f02fcafe41e5c70932633b4a877,7836318958386160519591
0x9aa3386965a185a50a09559fc0d8c969e1d02c0e,7781508212039623631091
0x4a029bdd76183abc4b0b3964e4bb4bf57c7cb55b,7701899195494051900673
0xf0a7c6bbdf97ac181431e2fde6b45e42f772640c,7673440223809903419799
0x6ca403371d7312954be88974af094e8ea65add6f,7656378149558325523346
0x440b6ffa9c90957f3a7684ddf05f2188d26413b3,7568939829797323447677
0x22e72d922c7db46f0f40f3b58c9f44d14331f430,7564527721045818217547
0xfbfbb441313c00cdee56b26d00df6da33c596fb2,7548399057082936871933
0xcc9c1dac538b7e698c95baa0c66c345598634cc7,7546963911231173814415
0x7c0c67faac7887e5933db0374ddb6a3d4e763a95,7539254407758112149014
0x70a0927378def3e59747b210e7e38b4402f10a07,7492599055874194302046
0x244d40d9847841bfe3f131e6e3e71722451bff5d,7445511307755478414730
0x60c4ee76e62461b0ccfd1048c2abf7575811704b,7441964329531111311666
0x4a6d8e5f48e8d94901a90cd469eba2c7ed92ae89,7431707491505978397384
0xc22c2fdd33f30c6b0fe6993815e4d38d7711d35f,7425965811755612726183
0xc293e1ef7c34799f63cf17fe2f65054f216a53ba,7373453162452755520116
0x668cdb775fb57ff17c866bffd7a51dd4aa222f46,7334631153796482830759
0xa0ae050cd7a9053c7054ba48d15c0143306d614c,7273694706804772772283
0x4df0ffa4636cc2eb0c758cd3163ea68224a10572,7178380350567802932076
0xeb8f3cb941cd2ee91f00f80ce5fde4a9a201e546,7172032293556104395715
0xe02ba4755d8d642c41783b9042b4f747b750ec49,7166195710841024604238
0x75a7011f4f809af6666d0a21ef4f23ce2069a60b,7145325163794243148938
0xcf8d3063e7074b38f4548a7e2798ce2d498a8ee2,7128710366661194910815
0x97df865cbd3b01ccb0a1f4f7c1b120962dba9b7b,7103401813827102702529
0x0cda80178bdc99a039ae6a73152469a38bb62a9b,7073851369621473058079
0x279d81d99ad2563e3567eeaaeb46286ce3ee9733,6862103560588538001596
0x102f479312f69157df8b804905a20fe5025881a5,6825587748576077201507
0x0a4f2969f088f5e62cd833b167a664868ec6fe91,6817230853079805186401
0x3234b40486b5c9799c8604184dee872ce8126c32,6789296951705810235557
0x553cf51535aac5437e38476a55fa4d67de5139a1,6704180194190598407242
0xe7486a11d54087ebf27898c749d503fcdc3bb9f0,6689589074669874119287
0x6eca4ef3312d2d278e17d99bb78e38e749aedd2f,6683610370713936853062
0x4acb6c4321253548a7d4bb9c84032cc4ee04bfd7,6620057439292652787361
0xbd775ee14622c1864a2ab93ea646088aa63c7217,6575355402960785865968
0xc68d4729d1565e336d6552a5661ddbafe28dd324,6541089097606628822866
0xa959f571383e0a0ae0f1e9331034ed2b73a337fb,6494348383879736005057
0x8752a12deb4afd2d61b98286f3e9ca3505f3b031,6480451954014947651550
0x56cc53b236d0d074d3ce69ffce54e77d3a376f33,6470324344601365404378
0xbf18236f0b19ca53769c730d6da2ae4d6e975e62,6460220457697198729606
0x5bb96f4bbdd1f6fdbfe31dd329e6ebf883ff5a59,6450140219271366943882
0x9c4f8c9d3a94a1822bd5d4a829903d4e114ee9a1,6430715647113007502480
0x79cd892fe2ebf12abd087f22f688bb58cec4dfee,6419008459469870915964
0x27f760fd0f0fcd039c99e801f9333bff66de82cc,6409302076652955573165
0xc19f86842aff330e5453f1e35d67aeb54a633d1e,6382312180366082072073
0xb246a5f4f9800ca84e2c69e7189d10592109feed,6367943996925016647312
0x498a7e8f22675cca7f6a796df23e8d4b61a0a75c,6364347268666665578483
0x16d9824d530e4da55190b465a4b397a0572c6837,6362460016059888450280
0x67762fef096b5d38a68a73e49fbd4a1ca21cd29c,6359589737514624664465
0x389f20e69476c7b094e13c7f5531ec7be2d3de85,6348715508199194004980
0xc91e85fd2d954eba77c7befe1ce2d2dc273e5d7e,6321189056925468623145
0xef76780064fdfa4b1a84c6e44aba15209c2c9fb7,6318915621000166119958
0xb8eceb79b9af7c4a1dbb8c0020b66eb82376f3a1,6295021531277828658369
0xa681e4f061ff53efd403c6e3fe65e7679a03ecf4,6104906967189531900625
0xed3e234cf2c006d471c7f86b08308abfde8a9e1d,6096433790278249842652
0xa9a2a43d02313e0b756ee2a3514f896a788371d0,6085100827426331919401
0x81707e76e7406eaf845efede6d0c8b86eb038b48,6079125541879786387785
0xdfda9c4460d4433e65e783224d5061e282581b20,6062543723917458820451
0x98646ac4b78edaae13d86ea4a55227373be9eada,6036817310200535605013
0x4165ac75516763dae3481a5143f31f7b11ed618b,6020903422199060339678
0xcda49d60ad318670f24c9b635867c14ab110b95d,6020452413049706065690
0x8bc86d0b0556535fc37bfcea4296889a15ccf37f,6000437042157926773589
0x42825557047fbc168b841d8b2ab5fe957811c0fe,5990931284563768217453
0x9d544d787d863aa56e8bd8abf65de6eab703fd70,5954844834653018087560
0xc0e77061ef4577340bc329eafb7c9333b8f154e7,5942314151707020581171
0x56ef8756d40b081720b8fbfd71832975441af9dc,5924024071532246824182
0x9a2a7e1a0852d2c8d78723fdec417d0a49144916,5819865023519168765727
0x676621cb21eba9971251fe5fafbbdf028476fda6,5733858925608777833380
0xbbebc67c41f8e7e1ed8ec093415f350164cef699,5639559338244764901854
0x853daf9a6f8db020ea73e6f17ed0221e51dc5b14,5607074622688733199898
0x9564319562f6a7b948c34d24bdf8c3b98d2a5068,5599632200416347845638
0xcaf21cfec556a275c4126ab40b66ab67e5a30bac,5571744276752877180850
0x57f908a2ea4c0549286c5844b929347cb85a892a,5496671641765890692498
0x68969b8f123d875ba8a13c4ff64a1ff75a1aa137,5485070665381777746232
0x3ba4d6e58a372b0b0fbe35038818ea8860274517,5438219375100226872193
0x2a986b33d6330bbb5333c6e19da018dad7c2e2b0,5402239727845004287189
0x01a412067a502c78c9ca06dad2c79161926df2a5,5395925306592695010993
0xa73483624c807bf09d0e0fc35c08aa57582076dd,5390492185908433178533
0xd20cec3d4c2b05371301e200296d47348a2ecc62,5346444346835107780062
0x836076da6e9c93c582f0bb1833c928062b99fe88,5338183952294255327406
0xcbc95dfcb5336bdc49bbecfcda405dd49cfc32b9,5323033536583129450807
0xf9c1d2d6531fc518e7adf6fefed06a394e011f79,5278766968710733346013
0x0e1ffb6b6965030e7e1094690dd0c88626639cb2,5256523482893483255928
0x856e4e438ad4e4c036c635b50c08e5e1daedcfa7,5227046656598805674200
0xd4d0eeca167e386e171abbf413279b8f7c7d8147,5198163425234400533396
0x221eb2934abe9ca5ba565f6fb6571bd51940641a,5152129581156724997303
0x960e2be9761254a9523f6677a4c4574ac6fe2282,5149270017562596586753
0xc9df96f73a5085a10d6df63872005e68161e4b26,5107517039448868592082
0x97c9c581dcdbe8dbd4f15e5e8b1601b90e3bc43d,5094252080822198936143
0x6d1bdc049da0bdef830a045122797d7bf5a87656,5084016495443813072163
0x14af7c49d8d29363c59467255bf71745f104cd76,5058831357525706998983
0xc5a0f431015694332c2a77707c4eb6289d07ac76,5045984278657853023610
0xdb11e075129b6eb404262f89618bd11578421f45,5044993373687767250741
0xa9780d21154048b25257d75beaf99a3aa2888888,5039004279511640269482
0x11b11dcabc37fcb4dff8e267a33f5e9f73789108,5020584928216216955768
0xe40785f771e64506f6c2a30fbf8c26e9cc5dfb77,5009627910045035497498
0x0e2ce943573478ddf027e4411e4815cb0bb02084,5002085699844788958352
0x17078d3b7f67f7207719b7e0f91656644425e58e,5000000000000000000000
0x20279ed929d1a24341d17bce4520bfcce04878fb,4992626669061003230352
0xe9886765fd2abcbe56afff1d1e535388e4436f22,4991101645670765340634
0x836dec38294c528f5ec10b4c243526c8102825b8,4888256131151566523972
0xb0bb91b09a139de889f06ffc49a72ee86ceb2068,4882858781564511480167
0xd387fd504bb8dcdef999bb7f650de2978e0669cf,4878758195494739115617
0xbd9405836ca02882385c6569250be393403eb8f4,4864373533259528299254
0x494805758ef6cd0c69f91d576226b06c0c5f991c,4844719252518252571919
0x7929cdd05469227441cfe29aeff234653361b2fe,4812966885892339330792
0xa4d817488e050bfdd89d36fd02ac64a60a77e5ed,4803368871137914417975
0x5e83ee6752a22c68919029ae98846d6deb871b95,4793330137958903761461
0x2efe7e02d9328347246e43dd68a80d65d6f6dd17,4766700113433190114227
0xba0836b99a6ed258d5f483aeb82cf0f5049e5261,4740314270479534724702
0x15948209fb8f0946b9feb72ea509760a3ae23cb1,4720357237020345947194
0x07450edfff909ba9fbd79975bc4ce638bf8dfbaf,4709555830629860676548
0xa7d28052ade3e2c99e29da14b2dd1e88d266769d,4687939407442691777019
0x618d499fb021cd57c95f64ada3d3ada8b443e1e6,4643749717036326154196
0x2cafdfeee8751bb5d913c6430af70e0fe0ed1182,4615146505181214873927
0xc3ff44d10abd3c660c06965ee820ec5ab0a78e64,4551210725975706672079
0x38cd1f7e1a3a519174f7e2e729ed756525f729a8,4499392624025633390982
0xc4db8f50f3883923230cc766aa9485f991b3866d,4494589849816682397995
0x6b0ab62866563a11f4c953dddb4aa3fca2ff0fa8,4489264758979565643055
0xa7dd5b9c977d7a926d446d6b939be48b93423c34,4399562612820494126982
0xa10c742597b3639331903ed1c26208af87facd95,4304906606982762530083
0x8af9b4aba540bfd3fa6a977cab318dde5494620c,4276142644192516541080
0xc5ee502a89f734ae5207c827fb471898356af4f6,4270401504773857153282
0xa9c8ec82a3defca41726abb76316fe11e1fbe536,4206065637176549786127
0xe15a28c6b706fa33d136024f527ab90924c12893,4174770271987214005044
0xcde960d76e67bcd0bddbacab590297193d890440,4124899378746745625816
0x8cc5e4e8d9e9a7f8a97b51c36fa9edd8d61d391c,4105834781117899623932
0x805edf4eee11fdb547663bb05cb1f01879f1b6a7,4092361759649098745711
0x8feaf4aa58495cf9c69c1a7769a9a28706f7c9a4,4059986392680572748275
0x7ce444586f810f1cee1220748382e215fb80be3f,3996991015760942864706
0xbcf050014e6b89373041d9d316a29a30da427646,3949242538641323975703
0x53ca5563deace08e829c1e859cbe3840449646b0,3902391916003564495690
0x8c2a36440eaa27245a6bfcd5731bcfe7c1fa420b,3881662735736878025218
0xbd008db3d8704ce124fcd13e448e950b409e07e1,3875715302458662023863
0x1449a1c89ff162ba200618c875c29ba102d473b2,3848762938841363620760
0x717f660361fca0a8d9c9427e3657bab1d6b26b9d,3847577770811889721755
0xb8b1149d904025141e785acf8fc09c3ca58e2656,3841386272836060925044
0xb1ed506bd520e648fdf265c3872e5fea4bcdca48,3835555453716071652089
0x3a8fd261c2ef413bcc23adeed802ab55faf94289,3810003694952123796811
0x97e7783f292384a519b34042c8f40661e30cca39,3784446220629348794129
0x9856cd111b7d97e083d266c10897a18e8616ceeb,3780456950659284932043
0xf45cec2ba1461999b29f54179d44e1194ff1e8ac,3763263842717069187757
0x1141562b4cb1086a0f788a9b37b694434c315f00,3757855186192680482104
0x3a5c2de361fbbbe815b148f7dc032b538f9026b5,3757115263796537495990
0x1be8ca63e4823d3950db0a213df7270f2e0709e7,3727073727858473422660
0x0621510b5ee5dcc381575cdf4ced067bf8d493e8,3644163086104866760463
0x193ee98fa9f75823ee989428996cc0f64abb5a58,3643315457910958850914
0xc9417240531cd9e182740c030e7596a2c6f31978,3629837871215326483517
0xd57bd4df685546171e902336086bc6d9f15ccb04,3625464712454837406719
0xd2a4fd4b6c7ac17a49df9ca5fdc0165f3c1b9285,3535729744014886080202
0x83aa6e4610a500e72ad701bf7b90841557c9b2b7,3510902388814167043159
0x66bd68b5633eca7fb69b80ac8f214c4c02d9e993,3498114732417450386805
0x5af7152c6540446f61574f425c95cf72de43f950,3493127178263965747817
0x0b0792e9601b1f5bad45d9173db9bfe366af67fe,3464445641173703366827
0x9b9ff8e92f29b357fd3a547c613877896c86643a,3448594053436109510042
0x200b762b3312349c0c0fadbe19c01f1813545cf5,3430756820296097114695
0x9ce07cc7bdb461cde0c7d2d3a5756cf2fa9571a1,3429596601638309348932
0x98cb8a10e6c1d592b72b1a1a578ab20ff7d7a3d0,3401295437963463596643
0xba6b6b945362c3f4dd05f6389047bcd86083178c,3398137301443537076188
0x01795de2de23b210a37f13e09c657185c89c6ec8,3393951012833227228744
0x04ef39e667ae50a28aa9c1c45fe477981db14743,3374129736090354593407
0x6e1f9769831c2f4721322549f71c536e24869e1e,3372874517099252931243
0xf6262069319a26566df33c489d3636a17bab0768,3371011748064022561871
0xa7485955ee0ec4f5c368fdec91733f1c34b97dc3,3361205080842232059006
0x3d3d35b3de67c84498e14893995b594acb049bd2,3348898294812720308197
0x6dfc85266dca299219bdec60bf1c66dee4ce1b6f,3348791308600926888894
0xf98ba0dbfcda6cfd23791cd2a12d574468bebce1,3319489116083016796199
0xb5b8a15f5cef46f52bb93430c006911a24273d23,3312086825724532569824
0x6342cf9c5077562a3482e07646130bad3cb207b0,3304702625294186139831
0xd26161105b111e4540ece2fe12cecd8b79750bd1,3303139320085413421089
0x3dd3ecfd952f043f0439ccbb1be6a2d40cf1e131,3297906894768126595908
0x16bfeeda945132dbbd5c9d747d19d62c728b8cd4,3293964868838565533360
0x5954d7f41cde98f0e3f148b1338e8d9c13fe7d66,3285643302652653975924
0x311afcb93f289b357788f37066be8f4705a0f49a,3279476959233587969402
0x84bb03e7f19ea293697f437ae53938879202b6e4,3274811592194203992487
0x7a31d76eea1a7980763868de0e09c9400e2bed5f,3274212824297207827892
0x01180f770161351e946f6665befa13beb56898fa,3269786671390700526653
0xb97ec0123310e7f3e28a44adc17af3c46d6bfcf0,3236903471739565932609
0xe8f3d521113c35fd54fbdca9b1115a86ad759dd9,3221917717816006152842
0xa974890156a3649a23a6c0f2ebd77d6f7a7333d4,3201977576703863341502
0xc3e72797df4d1aec5d988bb1a69d3f7809d69973,3191513913543350093989
0x73597f2fa35536195dc6c3cb51380c5e43299a77,3174124232337537952641
0xbd732518b332688fa9413ae311afcf359acde8ea,3152818657216885973552
0xf8aba754fe3699ff9060df2bb87a30dcb6d4a249,3110547163689407114911
0xd14dea8b276d7bb8d8c61223e457393597800c72,3102287431580415701017
0x65d2126169ced7f4b12eb68f5d21294a8859fb0e,3097035781603036305964
0xef9c37634de860353fcccf821756f686b6b0be4d,3077957322455856952193
0xe0c0c12263d9275040056b7a382e57f5c553f0d8,3045022528334271345825
0x8e786097036d944aa77d8a163e674e022efde204,2990296555431431975971
0xa39cd8ce8faec050ca1913bf0a7bd80bd644d825,2988843643592026929381
0xc7f63487c9fd3bd5281d703285656e33a2807b8e,2899876375490675333304
0xd27854078cbf2304035f3d8fa679fae35cdeff5a,2887977742530339631403
0x0a089245670050501748b72080b303bd99dac89f,2878321438330834425899
0x89885b998c8ffd862a981a6905f02b8286720a67,2856832800616843392828
0x5e5fffed90f2df76f4185aaa35fc42faf88cc5c2,2818395615060789847936
0x159587ea8dbbca4fd829c3362d16f82a1d7b45b8,2806363049518348344059
0x968d232bfefb4d2a24fa4c472afd071c0cbfcae6,2803104525404509658508
0x73d923358c8def832e4f7d5bc9fddb1ed5920b6a,2801022767653759343869
0xd5bd1827ca6e8dfd52cd29b1c943f4cb8ba974df,2786456322250077138646
0x6c30d5441dfd6119c5185efe5804f4dd95e6542a,2782447260924103078308
0x0553ab995987ae230cb36a10f14bdda7558ed3ab,2776514167441575684897
0x4504c1ca072c1fa99e90c707702699483a02f1d9,2737787858119003234550
0xbf8ed6ac34d642351b4f764abcf5dab4479b2a03,2731308746341701330723
0x8cf89f99023f2cf1d2d06f9c9f5ade78c3df8a0d,2723501092456127280924
0x99f7029479fd8f12a12d576ab3b1a3ef24c5f529,2718623869543892431416
0x4abb0a1689d314405d30a5976cde8dc330afb12d,2655854204959027003130
0xdf97fb470343e2a9d07d88402b48192ade1af0b8,2615466390320295038567
0x32368c58e2bb42a8870322f663dd7be2d4705274,2593706929480094518883
0x8ec755d4180bef5c1f97a91b2cf2bab5834b2219,2585931887169664959855
0xb5eae139aa2cb72b9984eb63da649cc3bc2d731b,2575687929974191695457
0x5a0941c87819095d6b3d54544ca0af0ff358753f,2566220740328848265781
0xb0453819fa06f0f3de7d7c92d1b5251941472b75,2553512400395643496148
0x54de38989103dad04b3042e3a7aac4e9baa8ce49,2514614946616069506011
0x2c9439654fb03b653b2e5784f268e36288497529,2482010903367835413655
0x7feb19b7fc9975a29100c698d97ce1f127382db0,2479751852227019006007
0x9a50bf1e778e37de87267be61936cc728d16f79a,2476303595131207753065
0x59650b14824738bb84960f475bf46f5bac89e1d9,2467250762303000000000
0x4ed9f7ff86e45ddbaeb1d304b51302d3650b7313,2443853415663846842108
0x5bc7a5a5308ec3ae65892c42af2974c84f42e15f,2437341923122107550289
0xea33ab9910c9656ccc30b8f15710d9f2aac4f739,2413563233855269336174
0xc3a7f426d226d4d4bd6b1b5257279f663f359c59,2400000000000000000000
0x86e537c0924ddf749b298da16d87a1de63b2c49c,2393739425692263699186
0xe9bec4dbe20c36bdc29c7340986b17ce47517960,2351606847042714920793
0x21eb86e586188d51772e9b0c00e63347cb40a3d2,2292073391868097559109
0xb5e7dc4c9757e1d9bcb1a0605f771d31369bcd35,2261884626662347453833
0x6adb125feeef62d9068bd9c292a05bd0602e912c,2222657334326790362445
0x33363019ae6b4f0c45ee12a1a5ce4f80918a1374,2183713059677668583368
0xadd6af0ecbfad756e0196378fe262de14b2e8b42,2182545315901302576484
0x87e93f7dbb6d2d10415e94dde9fcf7dc5a1597af,2119087180783758506370
0xf1af2dbdd4cdea94f475514f716cb0b9da66bef9,2108142430159995388903
0xf7c8c4450ecfc0e73fbe5d550c036c3872152cc1,2082196968524662633298
0x836eaee4496c137e7caff86abe61924d6f2d4540,2034202419728410434915
0x128f91f7dabd735294f5ba948afff8f251981305,2033018692034459172676
0x2b9585f6ddf802111b143a4e3ca918c5cfd425c2,2029496883622702217200
0xbaefbc4a9e163120bed1fdf11af5155efae4a4db,2026228415096110644070
0xb2672f17b3cdf168665c6c0694a26bf0377b05ed,2005814116113452005536
0x57a476da52bd01e6c36cfd69cce78c747ecb3091,1990189615477428247056
0x2a9585da40de004d6ff0f5f12cfe726bd2f98b52,1981424328556539465276
0xf599e3b1a29edf6e8fca4f4a10c927f6f6c04e5d,1973704613195042506890
0x4ed16e3f07b16f3f4661d925a49f4c759bba1fc7,1971383244954114117785
0xaea21f6599817e97d92b8cefdf0e5f115db7a1d8,1961141085741737414385
0x05e6e69f5ccf707b7c7f4ec9fe8272d0e91eb9f5,1950811848033457206701
0xe0c6c2635c66831b3544e307e3d1ed933ecb9c09,1924343189821696434689
0xabcb1ee452ca615bd28b211a5849855a18b01fe7,1915773879710417551891
0x0648e706d32da6457370709017b07298d4adf87e,1907251841399673109556
0xe186c2c04438e40a4cea382b912b552595f3a894,1892293918325900046200
0x6ff359ae3a34a04420393dd66523634e1628e7dc,1884720962766646473269
0x555d387b834298f76bf47469f887f05a4711bcb1,1879010013282131533816
0xe7cbd8c4f022e644d9515b34546238c8bc283f01,1872120798485089987508
0x08855cf11ae970659d6ed03a0032834a6438f068,1868482223860510331883
0xdfd6ced2d42fd157369e424c23c3ae1c01c0fab8,1857496908432444349198
0x66aafba66eb76699b11ae1d55453397b874f33c3,1843588228697850201983
0x86231b64c66ff26cf30730fc9248d6255eb7f052,1824812568143027050526
0x6f1abc34b45dc5b34cbc76b8b0ce0b32a2547de8,1818053525931503112598
0xc1ba4cd52b360ecd51567b6a64ce531f8166e734,1815742285686772719980
0x9ed43ddb71f954f4c5451cb78271aa07ebef240b,1813516019426333108585
0x9375623e4cbb8a9037165658a3e9f6ac7b4cd0ed,1813262600187737202146
0x815f8d775a10d56dcd90d6be50d90421b85e5af9,1807946008447580389684
0x14fdb5d25f44b5bb027fb7a5a8a31d7d1fbda7f0,1805036513699361178167
0x5844b4c3497f836cb34f58bd1a539f1aa3de0639,1794853598122213410175
0x8dc874f44eb8e054ba87fa19d5c61d1428206744,1787621397040503594034
0xd37b43ceb0f5c596b56fc3f0d9d48dcf65b1acb5,1786044725671308164633
0x6daf668c62a265d563fc95ec23454295eba9fc46,1761861510199902651212
0x95d20b007e405b3baa34a7158858d59bf1240d22,1760380143876440617354
0x4524c0204ef77def82b40a7d4a67649199f9e494,1741742916019017495237
0x2784becb242a3f447df08b07e8c0227abf74a604,1739085878763429415224
0x50f9cc9bac386dd99624662135187713f1744bd4,1725345127496244996167
0x3c7519e33dd2a659a2e8544ac3e57e00d7a93fd3,1722611472491288732580
0x088b9476761791452ec08a41e1221ee7591448f6,1715624874684135358933
0x07a1c3407605528b8175990431e174715d85b6e8,1707905836599272581999
0xec7856fc054e2678391daaf5b0fbcc498662b6ef,1678685744089388219281
0x4a62f502c3cc561cb49064565fc8e7a2d6c05152,1665639316559471951792
0x88cdce620c4aa56fb4f414560316a3c7390b2f68,1663849193475071423524
0x697fd4993d38cda66d8cd78b26cdca35fe8fb767,1647073040189057307893
0x2756e6ebdbebc3419f355a7c1301d42ae674b4a5,1640436589545364635209
0xee5de253f1ee80200d80aebe6eacc11d4cec124f,1635574109052958054293
0x2eaf3eae0097d86a6d107292aaac8fd617fc3331,1625498219150026003045
0x407df19995bba21e71ec6e6b72feba70318031be,1600792710047067747138
0x6948c73c83e3399b8905e9c586f90c5ed55282ae,1597159997149527370557
0x5556513a943f6d3ab90802470addad1775b9baf0,1597020916867624405165
0xe83780dae146f832d8067a867f8639e8ad2f5c4e,1588771666353673428409
0xb1635bfb1faecbe1cd6316ca6e0ceba12423672b,1575076279415282474607
0xf4ea5d776eb9481fcc5e49a1e2fcb32d03dc1e2c,1531387330496182896111
0x3b3e41d899875cfab4db1f06c81251d790655be7,1521603029153122914063
0x0d594c6f499b213c1d80626b63fbdf00ee550f68,1518541863974243514613
0xa55a62b718dad470f12ca2ee127fd278adce3210,1513648630036514380405
0x0e6c035a5e9d48a574437d339a5fbaca6c87c725,1507934473218751123575
0x1cefde35c6e6ed228ae29bfea0ca5eb2153567ef,1505807488819105845291
0xd00e2bdd65947a9377909dd8441eab826c000ab8,1504741823468505316958
0x99f5d2ed5687062e3592475d4d3dc02de56b3bae,1499551975481955946784
0x8cfc92a065d78a792c24ae10ae92485532fcb0cd,1477500035110454040255
0xee3256aa2f516819e8fec4f8d4bdccc502b0852b,1464139682619010954374
0xd328bceeb97192fe0e5a91f0f15b33043b2aa6de,1462578426719557023380
0x042964795c9e6574ca0dba1c0db42cb2bd914671,1454328724909997186890
0xec07a27f8a976f934db1919cfb328b84be1f5d82,1453362609107656745080
0x3e32318c6d10e18e488f1eb19f83b41a1b5c90a0,1443289016712369198339
0xaccbd548a4d505739b2a9a224fdf1464c1c2000a,1401081329043976327056
0x4e33eebb33a9104089edf15082bbdbf60d1214fa,1393063485301002858516
0x3741fbc606b19128fcdce0bf68b63e523aa0239b,1373598484041274501697
0x336694db4e7b82bec0bb39f4e20c277b1a58317d,1372288609051228217780
0x4f1865854ecfd0afaf32805aa4f9744df05f547b,1371486472904229108937
0x0f43e2f9011edb1d5b8d0f5400bc716857e4af89,1370839397913906003994
0x1a0582dc2cb84dc43837cf418c84c650ef786e37,1360675637733532863028
0xe07da93b706e6d482c9310081904b19b7ed5bf26,1359078880453893041501
0xa399eeeb43f2d6d4196848e5c68d7bb221cfaa00,1343396550663102874608
0xa98f58ff9fd1e5fdb002b479927faa0a17a03e13,1331197013936074900112
0xcedc060f0717a08c1cd85b915f48fe92ef975392,1296231003044045226308
0xc7c3919db953469ee409b05ffc643670090ca48b,1283666587261033451468
0x6b081bc2e86483d0e97d29fefad2b879b7b3343b,1257558503165047518803
0x90e1bb418e9a183182143135b3ad3866cba73652,1253168807668726484095
0x54b423b6cf64c599dbb11e4b8623fba91391f1ea,1247563660316019398659
0x7934ddca863bb9fde454c857a8ff8671225f6177,1238864194804965459139
0xb5d1c17749985f8ba6f17da81ce42fce59d9f9f7,1238364656096590563407
0x5b0051e4ea8eaf6ec523ab2aa76fe0149e68b040,1210196683821145777446
0xff013a8dd32183a5149d54e173ab8ff5240b8621,1203717553462786644538
0x233cbf456df4f0ea2081ab68d792d5b7a022fa1b,1195429141212214915924
0x9c9f91fd3fa887a257c6e81a113903076891adcc,1187989186340217986247
0xe274f44fafe4baa6fa5c25d61b9a3c25177effe7,1185718081189739743600
0xa6a258496afc3616a43f29882a8793194bafc457,1176637937587414895747
0x57e88530271e52465a64cb77a7dca28a40d263c7,1161846311666830051669
0xfc220a298e4df7153b6b086c911ea71f98ee065f,1159035488026055283167
0xd85dea5dc867f605e1ab6dd8c0bf7fdaa72a217f,1151882109228072998912
0x115cab51bee393a67b11d2ce39d60b04dcae09f6,1147633673007097586662
0x85486fd4c597e8a5c4039c373021a9da05558e75,1141901132154945708178
0x29fd4560a211a20e0b7de42940efa8e046ee8ef9,1121383251371526885472
0x83be050c7a445cdd8229cbcea2b761124cccfe4b,1118309601307728077355
0x5e268d24eeced00f3d6c9970c921dbbd325c263d,1107032065880268877277
0x0c628d6535b781f6c703ad319af8b1bcec63fbb4,1100215645754539577914
0xcdbe5c126febf51a1ff8519e792af3948f2ed14e,1066526839650516501363
0x2e0a3b0f518c91af2381eb2896e0ae1776c6528d,1061159042195264984704
0xa799cf9a9242eb89d77a61571fb14502f6ba453c,1060992299406415414601
0x50567a850959b2b472387ab455a8f50b889cfd5a,1045717375745108437680
0xb9b031325c39c2209faf51bea23899c231fbf25e,1045653918136699299139
0x0fce42d2db98205072df1b8972cd826d0aa0a734,1037388699523063590232
0x431935beeb8e33965a01e80f1014f6591ca18a7d,1034024995856910251660
0x417f701a55f0e9af93a792c149815302081ad16f,1032961623898905843097
0x98fc80fd61fe0a0882bc36d53d604f7869138975,1029611826316605798403
0xe6b9f3531e925379c1690bcc1368d862f14a781e,1024633247554948386680
0x5d09fc0d9ffa579e19d0b10b2bfef1cd388746d0,1021885871932368157133
0x3a90e1b45086adc342cf9a9ab583cd9d99aa837e,1017405927587974396780
0xf57dd5647b5978be869ea2f74dced71002188267,1013207694183356390503
0xda6306f47df97234c31fa581313280f865d0e835,1010214042098858646515
0x2c492f83f993bea92ea730791efcf01fa56e4288,1005349569550872282533
0xeff2bbc6672af01a41bf1823e3e0c9fa7166a2e6,994579443018543428479
0x29646cfb1ecae5249c9fc2f30a77a8f100724bab,973505248143904813754
0x0cdb2c3c6ee5e764b3de04b8f29873305c94fd48,970690455079621129159
0x2afcf5acf049624761aa6384e145773aee5e0033,947949814834097287150
0x8fbd1a16b3c1679c0114c55bc195449965f432aa,927320085837367983318
0xa316e5ace1a70f564a667647d36db8ebd04a07b7,916538613731362912085
0xda36a7a29e243570ad17c3ea0fd12dbc88f59598,902826367111458297432
0xf35142640bdb306a2cd69033846ce1fbaecf5e26,898092913619139992784
0xb18c039040e04b42372f1580be1d693dbaa97fba,887319319428982282895
0xaec9458df4c4f26d0d0a5190731d9d846925b286,881850416500436739094
0x46e29f5b849387b8b37aa3ede7b3ad32a456241e,873963083259409242506
0x80ab385bf2bc82e51d368fea432e6934c18a01b2,870471026585709912266
0xb2f7d6f2c7237fc52b62ac0758a78284143711ce,869552241475704641983
0x574dac020604afc9894a2466739f482f6bbe9434,860361146968020897297
0x13ed334027c69a9f65b8da505e7da365406e958b,834095149040089008044
0xa520cbbdcde16f85c95485d596a8475e4a41ab40,826455575589413965647
0x8d1b3e2039d88634d86f7586087d4aea02614282,818638627669174515233
0x3c35fe44a6c7465db6077d7797f4cc77cceb923d,814936255667686833605
0xebbae7de2b77f026772d12f6a39b928d5a77c7f4,812635265937484608054
0xc11d079603b936b3d8e5e3ac95db59b85aec66b5,801406560603418931679
0xf7b9ec95a304b1c3cd93b86d42de088fa1babdc1,796538945234636296288
0xa71a1dfe9ceba886b53010c9c4ffa59b045c893a,795860916116500006709
0x4c1ffd81f5f5af08b950a47e2d158776a1505c36,795835564915093632412
0x5288e575d9a1e5e4491b190c1fb56584ab207d32,782433685212653027468
0x5aeff2448272a56208eec18475bb6f5dce7de643,777163991541119929065
0xcb2c513143f9bac517b9b05ff5b5fb7563dc748d,769381968820554792291
0x914a5ea3bc8f8ac3ccf380c15c9cf9de05560b7e,761712455325033039845
0x6833c1d8c5d0142ebf0eac0cb81070e59067fbdd,755552262161621768872
0x7b13bdf451526ccc7c39f1c1c8375456d8280ec1,747360462761750705880
0x25cfd73f48c78ef15004cdbe03915307d26eeea2,717024709245725946661
0x6ec73948c89a15a4a6d486e5df75b2320f60ae34,701195122840758968035
0xd91ba1ef8f3872db55144d1ac8ed394037687b8a,700284930916988800974
0x82d2f31c1a57cd6dfb1bef6580e10daebef07d2c,692631959848606927647
0xdae826b412b4a0f5e2890c777782b5f8fc3bbbc8,690733419643902476947
0x0ef7a9948357c432f86b727b207e3a09f0248c9b,689873031410890016444
0x5220f416ccc822496236b348e6b4e8b19df1dd1f,675207353429301062929
0x6ec38df5a46c3ccd91b9a0174cce5c7419e9c734,675089752843043209516
0x4ee142291af02fb68309f072b1e5a7cce00cd024,674681937521421193400
0x3978d0f2a2d4fa414a16b9e7da42bc795a07aba8,673863202630078858840
0x3895454422bbbbd7eebf8c2390e22f711c4ee96d,664500743118531636236
0x3a691f3f910aec40957d87082772d91dba68f110,658806961712514393593
0x188e0b047c038a462cbcf26d7e01a5c0ccbe5192,654304784455013347141
0x34998b76e3fefcfad8ef23b670192296a0a5986c,641803416336669697326
0x6bdf41409cfca109def2118ffaa310b4906c5afb,638742028671828751292
0xd7400cbea41e51c8ae07620b0a543c49faf77045,631894610238632300682
0x94b910b4115837814b369d0a63e837c4fc9791e4,622672555851546303194
0x89337913aa7feae7c305ca26f0ef35723b076806,620894953339729361259
0x11d76510c83ed2b8ab4e92a59ffcfc0102cf4fb4,575120016152293572302
0xfb916c91d9dd76c0a5923cf57576ade1a7694bd1,555189899120579173489
0x2e694012e38417ccd77bcfcea8756fa81f7b5dcf,547210069865930115294
0x585e444cc832c7409ef48d82c88be3687545fb62,498097952966568754811
0xb0b45952f9c625ed7dbb446b7183059d312f1eeb,462868767004246101464
0xa3e39dfc2fff39587b02de2159cc80bdaf311daf,461551738264565049004
0x93e733948f085e7f9cd98f3e9c35668012f00ac8,458917691177801211248
0x24da7e981641e5133b3db14ee68761c6c8a6331c,449875384835571370081
0x396682d0717a16c6433533fab04958b64306cf9a,447447242447140353090
0x01205cb08edca867c9386e85371dc109e726d572,441800288588886581291
0xdadad9aaf6dafcc080c3522428bfeb8dddaca623,441737565170406940864
0x34ed239070e8235c813c19c6b2610e33f47e58df,428890042649956314508
0x2de1e60f5749ed652b74a00ade473e2db41293fa,385161286607487815477
0xa8beed00cb29a5d34cb22ed0af9add51cbf5bfaa,385040059058494947457
0xe1703592dc4f6ffb3cea4d9802ac8fdec53d8ace,379255081921543196495
0x4502a7566361fc12b6af55da2c903d7538b8001a,377630715672785841527
0x92a92c8293f5d326a0391b8cbbd088da11922f54,371052502384921889047
0x2b46cde4e5e175218fdf99a9e7df39f2cbebd286,369568857381634987902
0xebb5747a640c90595bc7866f4bd0cadb28325d5a,365385561122310960924
0xfca7d38e1b4ba66e9a011d9396a94af410b5a2b3,348191143409622723345
0xb633b45a0da91ccff8ffe72a46f56e446af9e531,343214957047817584323
0x629aafb6821de9f557c7cc9b3e083f9a8cd02e59,329462173756530514244
0x622a3b93fcb0c2d8cdc5012794e76ced9b3b3bc7,310202712749785792594
0x2d79d63c639c110ca48bbfa955031b75ee1c4154,305136367295627803816
0x031631455c54e133360da74eea8ee4a91b369c2e,287409325037306458435
0xe7b961c863398abe7afeab86177f6ae0e04b069d,279281468002184717819
0x1c77b8bcd84fc5554ac35a3a2159fc1cc7bbc2d2,277000869558050402595
0xec817e19f592e9b9af0c1f004d94acb479de2094,275824347614212184770
0x5b13a1bd6ab0b7fb68c736ff8401c29609e9b108,272525246143822489345
0x322a05595c2122d1b5e4f2d03e1181b5f37e2a7c,245441968751422962298
0x632c7610f377891c86b9a7dbf757094d67abf8f0,228022745538235952918
0x91d0d393db5fa36e7582d598083c2a5b8238ea0c,217092321932149507852
0x235648b03d5b224aabb4589491f25205601e26de,205246909062841839948
0x9224060cdff5191507365cd7838e52da9f6b7179,204637023083975871037
0xcf08934ed4d2043ecfa0d5f7e95e791b71921ce3,204407813786447259600
0xb4bb1c02b3b50cecea40dbdf88c18fc50a68429a,203251794075968783651
0x8c5bdade0ede57f987fffaa7ffd02207e585d800,199563165846936224444
0x1276c2670414fea30e66681515dcbdc3914b4350,196155057726159260291
0xf3a55e7ac58f147e2148936ead3e5ce43250dc70,189922883295010532177
0xf98dfdc8ee37f9a8e42dfb219c4eaaf2b9c4e28e,187074730829314511516
0x25655dcafd6c3cf54c571e919ca5a9f9607d3930,185528571776541171975
0x7406dbd7a793bff87f6cb462aa368df6751b71e0,164142831527034668211
0x33e6a526d33611921a6127f0ca0aca03e29c83c8,154283543688388402281
0x0f5252ad37f67a7423fb0af9b8227946436bb44e,133758769733871223135
0x22ea4d4fa018ce69968c437d277b87f8b15dc3c4,128819370353894403321
0x879db1a0f15ecb0f1aa2e8b15ed5b6f0c76e248b,117207607137268651321
0x754c123d5bac2c3be2a3cbefb6e8cf916d8ec0e7,103897201389644745026
0x8145bee21d6ae81ff621ad7848216ff45a4252a4,103525493127994893430
0x5213ee3cf78d00995fa22fd7f3250964dd26e1be,100000000000000000000
0xbd65470ab8097f1afbfffecdd846b3bc9d2abd32,100000000000000000000
0x3400f5df694a3088b173b80ca5ba8467f2621de7,72801683812746078214
0x45c42dc24d998258122fb8e636181dacd99a584c,53629997868491726648
0x100d528d29c2a3963df72f049b7451afe4e09d22,43065499883582528496
0xa8c06e6eb6870796b369764db247fd24327b0a70,37944262429093774517
0xd1858d5bd7aeb3ad71ae9246f00d9bf729a3edf3,36659528923874952598
0xa19d3a87c60378c0976dce4c36d5c983965f1c0c,36142992351440278316
0x188bbeb12e9db74437d60784afd5724f0b0176f5,34154766514642114332
0xf5fc8be3db1aae317fd55e0d7c30219d30024e2e,33533314686092448999
0xd94ea6c73039d5da846c68c4358f8df8a0df06b9,31280920616260558567
0x97b4faadd7e0f8a0eb6cf5bd78b8f9fe87791125,26069188646235467902
0x16b333fd74bf13c6918047f44bff53cb42a1f930,20000000000000000000
0x8ae33fd3fc9f3397684e8c0f8292ba0226665302,15771867136279939988
0xdf0cfa04b513b81442206bff0cde0af8b7bcff86,11552694571432783805
0xc702e8a4cfb95e78f8fc06ff4d2cd5c032198276,10000000000000000000
0x01720d1bdfb479bb61eaab1d620fab459ed8512e,8356287562926999752
0x4b98f29d7ae194e6350d116c47181fa5db8e21c7,7993804395023661919
0x01060cda09c49a679df3853139322e705b5f5e31,7885933568139966495
0x7c5b71366cfb871005a5a6551319deeeaf25214c,5829584933658788311
0x98105e0bf0ccb42c02b9f7f3cc6d25741c9e64e4,2232444007692828397
0x78643126247e2f8074e57e159ce72a1ec7d16df3,1194067529508980229
0x3d5b428d8ab7580ec23ee35ffcbeb45a6ad92a64,1000000000000000000
0xcf386a1bf1664f672ce4e1a97a53f352c0743690,902962207531365162
0x60a186eb8c99eeec9040830645a96fc7f43ca69c,848630877375907892
0xc03d8db64dfe98ebfd94a84bc1f825cab90ee15b,672363227916250504
0x533dc5769c53bb0f9ad6a065b9fde693ce680359,667200519387997898
0x88fca3b5f807816daa20850a5e950c983ec863fc,400491151357704712
0x993cbe45759dd3cb7e3c9c7bb9206e0217c3af20,145817641121174425
0xac842c5d5a4a17646fa612ccdf357454edbf994f,74079297002512855
0x436b2ffe0b78a151da4c97376f2e70f8fb52c4ff,35246289549425274
0x966eedc879d2558be1fb1ee51de955d6763f30c0,29425160432509896
0x6be41812b6cd0e0c7d45c0ced4c10770a292f802,18251925886790017
0x5d6f1b0a496b136d0467e845ea79ae6304bcb22e,3761810081027878
0xc4b84cfcb8591ee0399abd8cb451faead88c0ada,553608970209280
0xd3e11d7a91eb22a2cf404fd254844131f5b316bc,364130616347
0x1f9978c971bdfbcbb455bd96ddcabcd2ec6aedf4,74990271958
0xaf88df8851cb31ba8117eb765547aaeeebcfcb05,4856500631
0xac55bf9a0c62d85e6007e32421d4206abe37f5a3,3616708833
0xfbc68841584fefc06391bf852f9bfb1dc7b63137,1275865664
0xf3acab74aa7412abb2cf5ef77f4e874f9e73cca6,676438973
0xf9dc4dcc0747b92573345aa560386de6addf72dc,498176334
0x6421df74ee4a564e05e5e360861961a13ce9eb9c,75712224
0x2c2d1637aa20f877461320c110c40447482756cd,22600187
0x580a9979c1e27d03427b6196fb0cf8efbd248b9d,17964555
0xc4952f7ee6017ea9b74cd497061a22bcc0b2139b,3560136
0xca55bfed84b023ddf3e8f92dfa5034ecc34f3b44,2788066
0xd1414530d60c1aea17dd23be20088c4be38e737c,2545577
0xa1159705603ee4212fca6713670a8e83b2b4ffeb,2504007
0xc9502ad57a7d2fca4a34b8bc3cbe23d6141b125a,2466576
0xdabafb82df1b76b1552620465c414c6fdf75bebd,2183395
0xaabd8ec75b37178574eebbf720e1e73b404444d3,266766
0xdea1f188c9b2b49527adebe9002f35955b2e8c1f,123400
0x9199836794a19fa170179a98bc80eef0d996ebf9,93219
0x229b3238cd72b5760c4d3cb277a22bdc6a4cf147,85183
0xed26e09378205d24cfa20d4f803be5ed7dd74cc8,15628
0x07854877f8a6ea542a29a963bf040ccf63d3a893,303
0x1c4ffe77c1c643aba26c2ee236f9e8e12f51615d,4
0x06f2c6eecf39f395925d25acbb69a424c6f4b0ae,3
0x1912f066a05c50d79fb68f768f99739de4d6db5c,1
0xf96d4a72e5bc8c627a788bc9e83083c0a29eaaa0,1
0x1836b1157eaa7ab8a9634e3896d3e017b8b4bc55,1
0x4f9ac4d3c9e34c1374dc1efd94a43cf10ca0b452,1
0xb7f9179d7d27bc290bc34ec4179c70063ca75c75,1
0x6493dbd1f0d1b658ab10f6b1d7f550b312a210b0,1